DROP SCHEMA IF EXISTS banco CASCADE;

CREATE SCHEMA banco;
SET SEARCH_PATH TO banco;

DROP TABLE IF EXISTS 
   agencia, 
   funcionario,
   dependentes, 
   cliente,
   conta,
   operacao,
   clienteconta CASCADE
   ;



CREATE TABLE agencia(
  codigo CHAR(4), -- número com 4 dígitos, podendo iniciar com zero (0011; 2918)
  nome VARCHAR(60) NOT NULL,
  municipio VARCHAR(50),
  estado CHAR(2),
  
  CONSTRAINT pkagencia PRIMARY KEY (codigo),
  CONSTRAINT uqnome UNIQUE(nome)
  
);

CREATE TABLE funcionario(
  num_funcional INTEGER,
  nome VARCHAR(250) NOT NULL,  
  telefone VARCHAR(12), 
  data_admissao DATE,
  agencia CHAR(4) NOT NULL, 
  supervisor INTEGER,

  CONSTRAINT pkfuncionario PRIMARY KEY(num_funcional),
  CONSTRAINT fkagencia FOREIGN KEY (agencia) 
    REFERENCES agencia(codigo),
  CONSTRAINT fksupervisor FOREIGN KEY (supervisor)
    REFERENCES funcionario(num_funcional)
);

CREATE TABLE dependentes(
  funcionario INTEGER,
  nome_dependente VARCHAR(250),
  CONSTRAINT pkdependentes PRIMARY KEY (funcionario,nome_dependente),
  CONSTRAINT fkfuncionario FOREIGN KEY (funcionario)
    REFERENCES funcionario(num_funcional)
);

CREATE TABLE cliente(
  id INTEGER, 
  nome VARCHAR(250) NOT NULL, 
  cpf CHAR(11) NOT NULL, 
  data_nasc DATE NOT NULL,
  endereco VARCHAR(300) NOT NULL,
  cidade VARCHAR(50) NOT NULL,
  estado CHAR(2) NOT NULL, 
  gerente integer NOT NULL,
  

  CONSTRAINT pkcliente PRIMARY KEY (id),
  CONSTRAINT uqcpf UNIQUE(cpf),
  CONSTRAINT fkgerente FOREIGN KEY (gerente) REFERENCES funcionario(num_funcional)
);

CREATE TABLE conta(
  cod_agencia CHAR(4),
  numero INTEGER,
  saldo NUMERIC(12,2), 
  ultimo_acesso DATE,

  CONSTRAINT pkconta PRIMARY KEY(cod_agencia,numero),
  CONSTRAINT fkcod_agencia FOREIGN KEY (cod_agencia) 
     REFERENCES agencia(codigo)
);


CREATE TABLE operacao(
  cod_agencia CHAR(4),
  numero_conta INTEGER,
  seq INTEGER,
  tipo CHAR(1) NOT NULL,
  descricao VARCHAR(40) NOT NULL,
  datahora TIMESTAMP NOT NULL, 
  valor NUMERIC(12,2) NOT NULL,

  CONSTRAINT pkoperacao PRIMARY KEY(cod_agencia,numero_conta,seq),
  CONSTRAINT fkconta FOREIGN KEY (cod_agencia,numero_conta) 
    REFERENCES conta(cod_agencia,numero) 
);

CREATE TABLE clienteconta(
  id_cliente INTEGER,
  cod_agencia CHAR(4),
  numero_conta INTEGER,

  CONSTRAINT pkclienteconta PRIMARY KEY (id_cliente,cod_agencia,numero_conta),
  CONSTRAINT fkcliente FOREIGN KEY (id_cliente)
    REFERENCES cliente(id),
  CONSTRAINT fkconta FOREIGN KEY (cod_agencia,numero_conta) 
    REFERENCES conta(cod_agencia,numero) 
  
);

-- Grupo PK, IDs de 1600 a 1699

-- Agências: total de 25 agências

INSERT INTO agencia(codigo,nome,municipio,estado) VALUES
('1600','BANCO DO BRASIL S.A.-SAO PAULO','SAO PAULO','SP'),
('1601','BANCO DO BRASIL S.A.-BARAO DE DUPRAT','SAO PAULO','SP'),
('1602','BANCO DO BRASIL S.A.-SETE DE ABRIL','SAO PAULO','SP'),
('1603','BANCO DO BRASIL S.A.-GOVERNO SAO PAULO','SAO PAULO','SP'),
('1604','BANCO DO BRASIL S.A.-MINISTERIO FAZENDA','SAO PAULO','SP'),
('1605','BANCO DO BRASIL S.A.-PREVIDENCIA','SAO PAULO','SP'),
('1606','BANCO DO BRASIL S.A.-PCA.DOM JOSE GASPAR','SAO PAULO','SP'),
('1607','BANCO DO BRASIL S.A.-GECEX SAO PAULO II','SAO PAULO','SP'),
('1608','BANCO DO BRASIL S.A.-24 DE MAIO','SAO PAULO','SP'),
('1609','BANCO DO BRASIL S.A.-BOULEVARD SAO JOAO','SAO PAULO','SP'),
('1610','BANCO DO BRASIL S.A.-EMPR.CENTRO S.PAULO','SAO PAULO','SP'),
('1611','BANCO DO BRASIL S.A.-PODER JUDICIARIO','SAO PAULO','SP'),
('1612','BANCO DO BRASIL S.A.-XAVIER DE TOLEDO','SAO PAULO','SP'),
('1613','BANCO DO BRASIL S.A.-ESTILO SAO PAULO','SAO PAULO','SP'),
('1614','BANCO DO BRASIL S.A.-CATEDRAL DA SE','SAO PAULO','SP'),
('1615','BANCO DO BRASIL S.A.-GALERIA OLIDO','SAO PAULO','SP'),
('1616','BANCO DO BRASIL S.A.-EDIFICIO ITALIA','SAO PAULO','SP'),
('1617','BANCO DO BRASIL S.A.-PRACA DO PATRIARCA','SAO PAULO','SP'),
('1618','BANCO DO BRASIL S.A.-ESTILO SAO JOAO','SAO PAULO','SP'),
('1619','BANCO DO BRASIL S.A.-PALACIO DA JUSTICA','SAO PAULO','SP'),
('1620','BANCO DO BRASIL S.A.-PALACIO MAUA','SAO PAULO','SP'),
('1621','BANCO DO BRASIL S.A.-R.BOA VISTA-S.PAULO','SAO PAULO','SP'),
('1622','BANCO DO BRASIL S.A.-R.DA QUITANDA-S.PAULO','SAO PAULO','SP'),
('1623','BANCO DO BRASIL S.A.-ANHANGABAU-SAO PAULO','SAO PAULO','SP'),
('1624','BANCO DO BRASIL S.A.-ESTILO JOAO MENDES','SAO PAULO','SP');

--SELECT * FROM agencia;

-- Funcionários: total de 100 funcionários, sendo 1 supervisor e 3 funcionários para cada agência. Os supervisores (faixa 1600 a 1624) não possuem supervisor.

INSERT INTO funcionario(num_funcional,nome,telefone,data_admissao,agencia,supervisor) VALUES
('1600','Adão Casalinho','011999999900','03/06/11','1600',NULL),
('1601','Adélia Barroqueiro','011999999901','27/06/11','1601',NULL),
('1602','Alarico Alancastro','011999999902','21/07/11','1602',NULL),
('1603','Alcides Zagalo','011999999903','27/04/12','1603',NULL),
('1604','Aluísio Gentil','011999999904','31/10/12','1604',NULL),
('1605','Aluísio Herrera','011999999905','28/12/12','1605',NULL),
('1606','Alvito Cachão','011999999906','07/02/13','1606',NULL),
('1607','Amílcar Soeiro','011999999907','03/05/13','1607',NULL),
('1608','Anhangüera Silva','011999999908','09/07/13','1608',NULL),
('1609','Apoena Villar','011999999909','17/07/13','1609',NULL),
('1610','Arcidres Fonseca','011999999910','29/07/13','1610',NULL),
('1611','Arminda Carneiro','011999999911','24/09/13','1611',NULL),
('1612','Baltasar Otero','011999999912','11/11/13','1612',NULL),
('1613','Barnabé Cesário','011999999913','13/01/14','1613',NULL),
('1614','Belmira Rodrigues','011999999914','18/04/14','1614',NULL),
('1615','Bernardina Pereira','011999999915','25/02/15','1615',NULL),
('1616','Bernardo Vellozo','011999999916','22/04/15','1616',NULL),
('1617','Caetano Louzada','011999999917','03/06/15','1617',NULL),
('1618','Camila Almeida','011999999918','04/12/15','1618',NULL),
('1619','Caubi Villar','011999999919','08/01/16','1619',NULL),
('1620','Celso Vasconcellos','011999999920','11/01/16','1620',NULL),
('1621','Clarisse Espírito Santo','011999999921','15/03/16','1621',NULL),
('1622','Claudemira Villela','011999999922','24/05/16','1622',NULL),
('1623','Cosme Palha','011999999923','21/07/16','1623',NULL),
('1624','Célia Lobato','011999999924','05/08/16','1624',NULL),
('1625','Delfina Ornelas','011999999925','03/06/11','1600','1600'),
('1626','Denise Taperebá','011999999926','27/06/11','1601','1601'),
('1627','Diamantino Pozas','011999999927','21/07/11','1602','1602'),
('1628','Dinarte Torrado','011999999928','27/04/12','1603','1603'),
('1629','Domingos Antas','011999999929','31/10/12','1604','1604'),
('1630','Dorindo Portela','011999999930','28/12/12','1605','1605'),
('1631','Délio Grangeia','011999999931','07/02/13','1606','1606'),
('1632','Eduardo Palmeira','011999999932','03/05/13','1607','1607'),
('1633','Eloi Amarante','011999999933','09/07/13','1608','1608'),
('1634','Emiliano Gracia','011999999934','17/07/13','1609','1609'),
('1635','Emílio García','011999999935','29/07/13','1610','1610'),
('1636','Epaminondas Marcondes','011999999936','24/09/13','1611','1611'),
('1637','Eva Quinterno','011999999937','11/11/13','1612','1612'),
('1638','Feliciana Ventura','011999999938','13/01/14','1613','1613'),
('1639','Felícia Quinzeiro','011999999939','18/04/14','1614','1614'),
('1640','Fernão Ataí','011999999940','25/02/15','1615','1615'),
('1641','Filena Vilhena','011999999941','22/04/15','1616','1616'),
('1642','Flamínia Vega','011999999942','03/06/15','1617','1617'),
('1643','Flávia Meirelles','011999999943','04/12/15','1618','1618'),
('1644','Fábio Pamplona','011999999944','08/01/16','1619','1619'),
('1645','Gaspar Tavera','011999999945','11/01/16','1620','1620'),
('1646','Gonçalo Carvalhaes','011999999946','15/03/16','1621','1621'),
('1647','Guido Morais','011999999947','24/05/16','1622','1622'),
('1648','Hipólito Quadros','011999999948','21/07/16','1623','1623'),
('1649','Ildefonso Castello Branco','011999999949','05/08/16','1624','1624'),
('1650','Jacinto Garcez','011999999950','03/06/11','1600','1600'),
('1651','Janaína Paranaguá','011999999951','27/06/11','1601','1601'),
('1652','Jorgina Anlicoara','011999999952','21/07/11','1602','1602'),
('1653','Julieta Villas Boas','011999999953','27/04/12','1603','1603'),
('1654','Laurinda Dutra','011999999954','31/10/12','1604','1604'),
('1655','Laurinda Lima','011999999955','28/12/12','1605','1605'),
('1656','Liedson Domingos','011999999956','07/02/13','1606','1606'),
('1657','Liliana Brites','011999999957','03/05/13','1607','1607'),
('1658','Marco Mortágua','011999999958','09/07/13','1608','1608'),
('1659','Marilda Toledo','011999999959','17/07/13','1609','1609'),
('1660','Melissa Chousa','011999999960','29/07/13','1610','1610'),
('1661','Mem Mangueira','011999999961','24/09/13','1611','1611'),
('1662','Natália Reyes','011999999962','11/11/13','1612','1612'),
('1663','Nazaré Arantes','011999999963','13/01/14','1613','1613'),
('1664','Nicolau Travassos','011999999964','18/04/14','1614','1614'),
('1665','Noémia Cavadas','011999999965','25/02/15','1615','1615'),
('1666','Nádia Monforte','011999999966','22/04/15','1616','1616'),
('1667','Olavo Negromonte','011999999967','03/06/15','1617','1617'),
('1668','Olga Jucá','011999999968','04/12/15','1618','1618'),
('1669','Ordonho Lira','011999999969','08/01/16','1619','1619'),
('1670','Palmira Garcés','011999999970','11/01/16','1620','1620'),
('1671','Paulino Brião','011999999971','15/03/16','1621','1621'),
('1672','Pedro Valido','011999999972','24/05/16','1622','1622'),
('1673','Plínio Moita','011999999973','21/07/16','1623','1623'),
('1674','Potira Caminha','011999999974','05/08/16','1624','1624'),
('1675','Quitério Tabajara','011999999975','03/06/11','1600','1600'),
('1676','Ricardina Soares','011999999976','27/06/11','1601','1601'),
('1677','Roque Alancastre','011999999977','21/07/11','1602','1602'),
('1678','Rui Lucas','011999999978','27/04/12','1603','1603'),
('1679','Rúben Figueroa','011999999979','31/10/12','1604','1604'),
('1680','Salomé Valentín','011999999980','28/12/12','1605','1605'),
('1681','Santiago Caballero','011999999981','07/02/13','1606','1606'),
('1682','Sarita Taborda','011999999982','03/05/13','1607','1607'),
('1683','Silvana Magallanes','011999999983','09/07/13','1608','1608'),
('1684','Socorro Quadros','011999999984','17/07/13','1609','1609'),
('1685','Sonás Teles','011999999985','29/07/13','1610','1610'),
('1686','Sílvio Hierro','011999999986','24/09/13','1611','1611'),
('1687','Tadeu Monforte','011999999987','11/11/13','1612','1612'),
('1688','Teresina Varella','011999999988','13/01/14','1613','1613'),
('1689','Ubaldo Thamily','011999999989','18/04/14','1614','1614'),
('1690','Ubiratã Lucas','011999999990','25/02/15','1615','1615'),
('1691','Ulisses Canejo','011999999991','22/04/15','1616','1616'),
('1692','Valentim Themes','011999999992','03/06/15','1617','1617'),
('1693','Vanda Tabajara','011999999993','04/12/15','1618','1618'),
('1694','Verónica Eiró','011999999994','08/01/16','1619','1619'),
('1695','Xavier Balladares','011999999995','11/01/16','1620','1620'),
('1696','Xavier Vázquez','011999999996','15/03/16','1621','1621'),
('1697','Zacarias Tupinambá','011999999997','24/05/16','1622','1622'),
('1698','Zoraide Patrício','011999999998','21/07/16','1623','1623'),
('1699','Énia Leiria ','011999999999','05/08/16','1624','1624');


--SELECT * FROM funcionario;

-- Dependentes: os funcionários da faixa 1600 a 1624 tem 1 dependente, os da faixa 1625 a 1650 tem 2 dependentes, os da faixa 1651 a 1675 tem 3 dependentes, os da faixa 1676 a 1699 não tem dependentes

INSERT INTO dependentes(funcionario,nome_dependente) VALUES
('1600','Abigail Casalinho'),
('1601','Adelaide Barroqueiro'),
('1602','Adosindo Alancastro'),
('1603','Aida Zagalo'),
('1604','Alcides Gentil'),
('1605','Aleixo Herrera'),
('1606','Aniana Cachão'),
('1607','Antão Soeiro'),
('1608','Aníbal Silva'),
('1609','Apoena Villar'),
('1610','Augusta Fonseca'),
('1611','Baltasar Carneiro'),
('1612','Bernardino Otero'),
('1613','Blasco Cesário'),
('1614','Boaventura Rodrigues'),
('1615','Burtira Pereira'),
('1616','Bárbara Vellozo'),
('1617','Capitolina Louzada'),
('1618','Catarino Almeida'),
('1619','Cecília Villar'),
('1620','Comecus Vasconcellos'),
('1621','Dinarte Espírito Santo'),
('1622','Dorindo Villela'),
('1623','Dulce Palha'),
('1624','Elba Lobato'),
('1625','Eládio Ornelas'),
('1626','Emílio Taperebá'),
('1627','Ernesto Pozas'),
('1628','Eunice Torrado'),
('1629','Evangelista Antas'),
('1630','Ezequiel Portela'),
('1631','Fabiano Grangeia'),
('1632','Feliciano Palmeira'),
('1633','Filipa Amarante'),
('1634','Florbela Gracia'),
('1635','Genoveva García'),
('1636','Gertrudes Marcondes'),
('1637','Giovana Quinterno'),
('1638','Honorina Ventura'),
('1639','Horácio Quinzeiro'),
('1640','Ilídio Ataí'),
('1641','Iraci Vilhena'),
('1642','Jadir Vega'),
('1643','Jamari Meirelles'),
('1644','Juliano Pamplona'),
('1645','Laura Tavera'),
('1646','Laurinda Carvalhaes'),
('1647','Leopoldina Morais'),
('1648','Lina Quadros'),
('1649','Lídia Castello Branco'),
('1650','Lígia Garcez'),
('1625','Efraim Ornelas'),
('1626','Jakquelini Taperebá'),
('1627','Ricardo Pozas'),
('1628','Vanderlei Torrado'),
('1629','Ana Paula Antas'),
('1630','Debora Portela'),
('1631','Monalisa Grangeia'),
('1632','Geraldo Palmeira'),
('1633','Juliana Amarante'),
('1634','Nayani Gracia'),
('1635','Aniangeles García'),
('1636','Leila Marcondes'),
('1637','José Quinterno'),
('1638','Paulo Ventura'),
('1639','Wander Quinzeiro'),
('1640','Mariana Ataí'),
('1641','Jule Vilhena'),
('1642','Jéssica Vega'),
('1643','Jéssyca Meirelles'),
('1644','Lorena Pamplona'),
('1645','Fernanda Tavera'),
('1646','Horácio Carvalhaes'),
('1647','Daniel Morais'),
('1648','Lino Quadros'),
('1649','Matthew Castello Branco'),
('1650','Dominic Garcez'),
('1651','Lília Paranaguá'),
('1652','Marlene Anlicoara'),
('1653','Matias Villas Boas'),
('1654','Maíra Dutra'),
('1655','Melissa Lima'),
('1656','Mem Domingos'),
('1657','Miguelina Brites'),
('1658','Mileide Mortágua'),
('1659','Minervina Toledo'),
('1660','Moaci Chousa'),
('1661','Márcia Mangueira'),
('1662','Máxima Reyes'),
('1663','Máximo Arantes'),
('1664','Neuza Travassos'),
('1665','Nídia Cavadas'),
('1666','Oriana Monforte'),
('1667','Palmira Negromonte'),
('1668','Piedade Jucá'),
('1669','Piedade Lira'),
('1670','Piedade Garcés'),
('1671','Plácido Brião'),
('1672','Potira Valido'),
('1673','Querubim Moita'),
('1674','Raimundo Caminha'),
('1651','Anderson Paranaguá'),
('1652','Lélio Anlicoara'),
('1653','Tainá Villas Boas'),
('1654','Analinda Dutra'),
('1655','Cássia Lima'),
('1656','Christopher Domingos'),
('1657','Dom Brites'),
('1658','Chris Mortágua'),
('1659','Matt Toledo'),
('1660','Hector Chousa'),
('1661','Fabrício Mangueira'),
('1662','Neuler Reyes'),
('1663','Neuber Arantes'),
('1664','Gislaine Travassos'),
('1665','Rodolfo Cavadas'),
('1666','Kleverson Monforte'),
('1667','Paula Negromonte'),
('1668','Jussara Jucá'),
('1669','Moisés Lira'),
('1670','Renato Garcés'),
('1671','Fausto Brião'),
('1672','Nikolas Valido'),
('1673','Diogo Moita'),
('1674','Matheus Caminha'),
('1651','Eli Paranaguá'),
('1652','Célia Anlicoara'),
('1653','Marta Villas Boas'),
('1654','Carlos Dutra'),
('1655','Joana Lima'),
('1656','Ephram Domingos'),
('1657','Kal-El Brites'),
('1658','Kárita Mortágua'),
('1659','Harry Toledo'),
('1660','Pedro Chousa'),
('1661','Marcelo Mangueira'),
('1662','Arthur Reyes'),
('1663','Sheila Arantes'),
('1664','Patrícia Travassos'),
('1665','Neide Cavadas'),
('1666','Cleber Monforte'),
('1667','Bruno Negromonte'),
('1668','Bruno Jucá'),
('1669','Bruno Lira'),
('1670','Bruna Garcés'),
('1671','Giselle Brião'),
('1672','Juliette Valido'),
('1673','Jefferson Moita'),
('1674','Jordan Caminha');

--SELECT * from dependentes;
--SELECT funcionario.nome,dependentes.nome_dependente FROM funcionario INNER JOIN dependentes ON funcionario.num_funcional = dependentes.funcionario ORDER BY funcionario.nome;

-- Clientes: total de 100 clientes

INSERT INTO cliente(id,nome,cpf,data_nasc,endereco,cidade,estado,gerente) VALUES
('1600','Abílio Guedes','06041324922','03/06/81','Rua 1','SAO PAULO','SP','1600'),
('1601','Acacio Estrella','05951323916','27/06/81','Rua 2','SAO PAULO','SP','1601'),
('1602','Acacio Vianna','00667008098','21/07/81','Rua 3','SAO PAULO','SP','1602'),
('1603','Adelino Benevides','03846532940','27/04/82','Rua 4','SAO PAULO','SP','1603'),
('1604','Ajuricaba Braga','05584583944','31/10/82','Rua 5','SAO PAULO','SP','1604'),
('1605','Alarico Vieira','02256619931','28/12/82','Rua 6','SAO PAULO','SP','1605'),
('1606','Aleixo Moura','14176777915','07/02/83','Rua 7','SAO PAULO','SP','1606'),
('1607','Almerinda Villar','39311481068','03/05/83','Rua 8','SAO PAULO','SP','1607'),
('1608','Aluísio Pessanha','01953352952','09/07/83','Rua 9','SAO PAULO','SP','1608'),
('1609','André Pais','04788758946','17/07/83','Rua 10','SAO PAULO','SP','1609'),
('1610','Aniano Garrau','00755634950','29/07/83','Rua 11','SAO PAULO','SP','1610'),
('1611','Augusta Camacho','00935847928','24/09/83','Rua 12','SAO PAULO','SP','1611'),
('1612','Baltasar Marino','06126726979','11/11/83','Rua 13','SAO PAULO','SP','1612'),
('1613','Belmiro Prado','05227932905','13/01/84','Rua 14','SAO PAULO','SP','1613'),
('1614','Bernardete Mourão','81309368520','18/04/84','Rua 15','SAO PAULO','SP','1614'),
('1615','Bernardina Duarte','03503396942','25/02/85','Rua 16','SAO PAULO','SP','1615'),
('1616','Blasco Antúnez','04706362970','22/04/85','Rua 17','SAO PAULO','SP','1616'),
('1617','Branca Diniz','04821578956','03/06/85','Rua 18','SAO PAULO','SP','1617'),
('1618','Bukake Jesus','00782528066','04/12/85','Rua 19','SAO PAULO','SP','1618'),
('1619','Carmem Campelo','04811057945','08/01/86','Rua 20','SAO PAULO','SP','1619'),
('1620','Casimiro Mattos','05879924920','11/01/86','Rua 21','SAO PAULO','SP','1620'),
('1621','Cauê Cintra','00483754978','15/03/86','Rua 22','SAO PAULO','SP','1621'),
('1622','Celso Alves','05469950980','24/05/86','Rua 23','SAO PAULO','SP','1622'),
('1623','Celso Sousa','48752703053','21/07/86','Rua 24','SAO PAULO','SP','1623'),
('1624','Clotilde Ríos','06068223990','05/08/86','Rua 25','SAO PAULO','SP','1624'),
('1625','Célia Álvarez','35305410959','03/06/81','Rua 26','SAO PAULO','SP','1625'),
('1626','Deise Trindade','00045847916','27/06/81','Rua 27','SAO PAULO','SP','1626'),
('1627','Derli Guerra','83885099004','21/07/81','Rua 28','SAO PAULO','SP','1627'),
('1628','Diodete Figueiredo','04910596984','27/04/82','Rua 29','SAO PAULO','SP','1628'),
('1629','Diodete Leça','06635721932','31/10/82','Rua 30','SAO PAULO','SP','1629'),
('1630','Dulce Chousa','07084631933','28/12/82','Rua 31','SAO PAULO','SP','1630'),
('1631','Dulce Ferreira','04669206958','07/02/83','Rua 32','SAO PAULO','SP','1631'),
('1632','Délio Candal','00646419960','03/05/83','Rua 33','SAO PAULO','SP','1632'),
('1633','Edgar Frois','04061328956','09/07/83','Rua 34','SAO PAULO','SP','1633'),
('1634','Emília Canejo','03235925970','17/07/83','Rua 35','SAO PAULO','SP','1634'),
('1635','Eva Bulhão','04448066959','29/07/83','Rua 36','SAO PAULO','SP','1635'),
('1636','Faustino Pedrozo','04136509952','24/09/83','Rua 37','SAO PAULO','SP','1636'),
('1637','Feliciano Moutinho','04764612941','11/11/83','Rua 38','SAO PAULO','SP','1637'),
('1638','Fernão Butantã','94832480600','13/01/84','Rua 39','SAO PAULO','SP','1638'),
('1639','Filena Guerra','98109758053','18/04/84','Rua 40','SAO PAULO','SP','1639'),
('1640','Floripes Suaçuna','53042891968','25/02/85','Rua 41','SAO PAULO','SP','1640'),
('1641','Flávia Pavía','06318824995','22/04/85','Rua 42','SAO PAULO','SP','1641'),
('1642','Frederica Cabreira','82840059053','03/06/85','Rua 43','SAO PAULO','SP','1642'),
('1643','Frutuoso Suaçuna','06439009931','04/12/85','Rua 44','SAO PAULO','SP','1643'),
('1644','Genoveva Uchoa','04239344905','08/01/86','Rua 45','SAO PAULO','SP','1644'),
('1645','Son Goku','06616573966','11/01/86','Rua 46','SAO PAULO','SP','1645'),
('1646','Graça Vale','05850348930','15/03/86','Rua 47','SAO PAULO','SP','1646'),
('1647','Guilherme Antunes','05441620994','24/05/86','Rua 48','SAO PAULO','SP','1647'),
('1648','Hugo Sosa','05367539971','21/07/86','Rua 49','SAO PAULO','SP','1648'),
('1649','Hélder Morais','05099207995','05/08/86','Rua 50','SAO PAULO','SP','1649'),
('1650','Ilídio Bernardes','00792737938','03/06/81','Rua 51','SAO PAULO','SP','1650'),
('1651','Irene Guerrero','04791470940','27/06/81','Rua 52','SAO PAULO','SP','1651'),
('1652','Isilda Prado','92366236972','21/07/81','Rua 53','SAO PAULO','SP','1652'),
('1653','Ivete Rosa','05362772902','27/04/82','Rua 54','SAO PAULO','SP','1653'),
('1654','Jordana Gaspar','04325317937','31/10/82','Rua 55','SAO PAULO','SP','1654'),
('1655','Jordana Oliveira','04588506919','28/12/82','Rua 56','SAO PAULO','SP','1655'),
('1656','Jordão Tabalipa','04908484945','07/02/83','Rua 57','SAO PAULO','SP','1656'),
('1657','Lineu Mansilla','30860954072','03/05/83','Rua 58','SAO PAULO','SP','1657'),
('1658','Lopo Vidigal','05545845909','09/07/83','Rua 59','SAO PAULO','SP','1658'),
('1659','Luzia Ferro','05250008950','17/07/83','Rua 60','SAO PAULO','SP','1659'),
('1660','Magda Fitas','02684397961','29/07/83','Rua 61','SAO PAULO','SP','1660'),
('1661','Mamede Saldaña','04778738985','24/09/83','Rua 62','SAO PAULO','SP','1661'),
('1662','Marli Tupinambá','95026959920','11/11/83','Rua 63','SAO PAULO','SP','1662'),
('1663','Matias Travassos','00486693937','13/01/84','Rua 64','SAO PAULO','SP','1663'),
('1664','Melissa Jiménez','06335200988','18/04/84','Rua 65','SAO PAULO','SP','1664'),
('1665','Micaela Bugallo','04557798993','25/02/85','Rua 66','SAO PAULO','SP','1665'),
('1666','Micaela Ferrera','05159721932','22/04/85','Rua 67','SAO PAULO','SP','1666'),
('1667','Milu Diegues','03276618958','03/06/85','Rua 68','SAO PAULO','SP','1667'),
('1668','Máxima Cotegipe','05700395924','04/12/85','Rua 69','SAO PAULO','SP','1668'),
('1669','Natália Viveros','77768035968','08/01/86','Rua 70','SAO PAULO','SP','1669'),
('1670','Nelson Martínez','29577233953','11/01/86','Rua 71','SAO PAULO','SP','1670'),
('1671','Nilza Freiria','06462560924','15/03/86','Rua 72','SAO PAULO','SP','1671'),
('1672','Nivaldo Gomes','04832707922','24/05/86','Rua 73','SAO PAULO','SP','1672'),
('1673','Otília Trindade','05647675905','21/07/86','Rua 74','SAO PAULO','SP','1673'),
('1674','Paulo Loio','00991591984','05/08/86','Rua 75','SAO PAULO','SP','1674'),
('1675','Peri Coito','03132341916','03/06/81','Rua 76','SAO PAULO','SP','1675'),
('1676','Quintiliana Vieira','05572563994','27/06/81','Rua 77','SAO PAULO','SP','1676'),
('1677','Quintiliano Malheiro','03655964935','21/07/81','Rua 78','SAO PAULO','SP','1677'),
('1678','Quintilien Chávez','01226243002','27/04/82','Rua 79','SAO PAULO','SP','1678'),
('1679','Raquel Madureira','03978509997','31/10/82','Rua 80','SAO PAULO','SP','1679'),
('1680','Raul Varejão','07274654900','28/12/82','Rua 81','SAO PAULO','SP','1680'),
('1681','Renato Balladares','85396036915','07/02/83','Rua 82','SAO PAULO','SP','1681'),
('1682','Rodrigo Sabrosa','07303071903','03/05/83','Rua 83','SAO PAULO','SP','1682'),
('1683','Roquita Ramírez','67982921949','09/07/83','Rua 84','SAO PAULO','SP','1683'),
('1684','Rui Varanda','06954374962','17/07/83','Rua 85','SAO PAULO','SP','1684'),
('1685','Sabrina Machado','54816360930','29/07/83','Rua 86','SAO PAULO','SP','1685'),
('1686','Sidônio Mascarenhas','03424042960','24/09/83','Rua 87','SAO PAULO','SP','1686'),
('1687','Simone Gameiro','01854777980','11/11/83','Rua 88','SAO PAULO','SP','1687'),
('1688','Solange Saldanha','01983609919','13/01/84','Rua 89','SAO PAULO','SP','1688'),
('1689','Solange Sales','01985066947','18/04/84','Rua 90','SAO PAULO','SP','1689'),
('1690','Teresina Oliveira','09299878960','25/02/85','Rua 91','SAO PAULO','SP','1690'),
('1691','Tibúrcio Cirne','03199033970','22/04/85','Rua 92','SAO PAULO','SP','1691'),
('1692','Tobias Belo','07765605909','03/06/85','Rua 93','SAO PAULO','SP','1692'),
('1693','Tânia Ignacio','06650278939','04/12/85','Rua 94','SAO PAULO','SP','1693'),
('1694','Valentina Correia','03088055933','08/01/86','Rua 95','SAO PAULO','SP','1694'),
('1695','Sebastien Lefebvre','04369835917','11/01/86','Rua 96','SAO PAULO','SP','1695'),
('1696','David Desrosiers','46852670600','15/03/86','Rua 97','SAO PAULO','SP','1696'),
('1697','Charles Andrea Comeau','27800866610','24/05/86','Rua 98','SAO PAULO','SP','1697'),
('1698','Jean Francois Stinco','55734755842','21/07/86','Rua 99','SAO PAULO','SP','1698'),
('1699','Pierre Bouvier','23283531692','05/08/86','Rua 100','SAO PAULO','SP','1699');

--SELECT * FROM cliente;

-- Contas: cada agência tem 4 contas, totalizando 100 contas, uma para cada cliente.

INSERT INTO conta(cod_agencia,numero,saldo,ultimo_acesso) VALUES
('1600','1','100.00','29/09/2016'),
('1601','1','200.00','29/09/2016'),
('1602','1','300.00','29/09/2016'),
('1603','1','400.00','29/09/2016'),
('1604','1','500.00','29/09/2016'),
('1605','1','600.00','29/09/2016'),
('1606','1','700.00','29/09/2016'),
('1607','1','800.00','29/09/2016'),
('1608','1','900.00','29/09/2016'),
('1609','1','1000.00','29/09/2016'),
('1610','1','1100.00','29/09/2016'),
('1611','1','1200.00','29/09/2016'),
('1612','1','1300.00','29/09/2016'),
('1613','1','1400.00','29/09/2016'),
('1614','1','1500.00','29/09/2016'),
('1615','1','1600.00','29/09/2016'),
('1616','1','1700.00','29/09/2016'),
('1617','1','1800.00','29/09/2016'),
('1618','1','1900.00','29/09/2016'),
('1619','1','2000.00','29/09/2016'),
('1620','1','2100.00','29/09/2016'),
('1621','1','2200.00','29/09/2016'),
('1622','1','2300.00','29/09/2016'),
('1623','1','2400.00','29/09/2016'),
('1624','1','2500.00','29/09/2016'),
('1600','2','2600.00','29/09/2016'),
('1601','2','2700.00','29/09/2016'),
('1602','2','2800.00','29/09/2016'),
('1603','2','2900.00','29/09/2016'),
('1604','2','3000.00','29/09/2016'),
('1605','2','3100.00','29/09/2016'),
('1606','2','3200.00','29/09/2016'),
('1607','2','3300.00','29/09/2016'),
('1608','2','3400.00','29/09/2016'),
('1609','2','3500.00','29/09/2016'),
('1610','2','3600.00','29/09/2016'),
('1611','2','3700.00','29/09/2016'),
('1612','2','3800.00','29/09/2016'),
('1613','2','3900.00','29/09/2016'),
('1614','2','4000.00','29/09/2016'),
('1615','2','4100.00','29/09/2016'),
('1616','2','4200.00','29/09/2016'),
('1617','2','4300.00','29/09/2016'),
('1618','2','4400.00','29/09/2016'),
('1619','2','4500.00','29/09/2016'),
('1620','2','4600.00','29/09/2016'),
('1621','2','4700.00','29/09/2016'),
('1622','2','4800.00','29/09/2016'),
('1623','2','4900.00','29/09/2016'),
('1624','2','5000.00','29/09/2016'),
('1600','3','5100.00','29/09/2016'),
('1601','3','5200.00','29/09/2016'),
('1602','3','5300.00','29/09/2016'),
('1603','3','5400.00','29/09/2016'),
('1604','3','5500.00','29/09/2016'),
('1605','3','5600.00','29/09/2016'),
('1606','3','5700.00','29/09/2016'),
('1607','3','5800.00','29/09/2016'),
('1608','3','5900.00','29/09/2016'),
('1609','3','6000.00','29/09/2016'),
('1610','3','6100.00','29/09/2016'),
('1611','3','6200.00','29/09/2016'),
('1612','3','6300.00','29/09/2016'),
('1613','3','6400.00','29/09/2016'),
('1614','3','6500.00','29/09/2016'),
('1615','3','6600.00','29/09/2016'),
('1616','3','6700.00','29/09/2016'),
('1617','3','6800.00','29/09/2016'),
('1618','3','6900.00','29/09/2016'),
('1619','3','7000.00','29/09/2016'),
('1620','3','7100.00','29/09/2016'),
('1621','3','7200.00','29/09/2016'),
('1622','3','7300.00','29/09/2016'),
('1623','3','7400.00','29/09/2016'),
('1624','3','7500.00','29/09/2016'),
('1600','4','7600.00','29/09/2016'),
('1601','4','7700.00','29/09/2016'),
('1602','4','7800.00','29/09/2016'),
('1603','4','7900.00','29/09/2016'),
('1604','4','8000.00','29/09/2016'),
('1605','4','8100.00','29/09/2016'),
('1606','4','8200.00','29/09/2016'),
('1607','4','8300.00','29/09/2016'),
('1608','4','8400.00','29/09/2016'),
('1609','4','8500.00','29/09/2016'),
('1610','4','8600.00','29/09/2016'),
('1611','4','8700.00','29/09/2016'),
('1612','4','8800.00','29/09/2016'),
('1613','4','8900.00','29/09/2016'),
('1614','4','9000.00','29/09/2016'),
('1615','4','9100.00','29/09/2016'),
('1616','4','9200.00','29/09/2016'),
('1617','4','9300.00','29/09/2016'),
('1618','4','9400.00','29/09/2016'),
('1619','4','9500.00','29/09/2016'),
('1620','4','9600.00','29/09/2016'),
('1621','4','9700.00','29/09/2016'),
('1622','4','9800.00','29/09/2016'),
('1623','4','9900.00','29/09/2016'),
('1624','4','10000.00','29/09/2016');

--SELECT * FROM conta;

-- Cliente x Contas: 

INSERT INTO clienteconta(id_cliente,cod_agencia,numero_conta) VALUES
('1600','1600','1'),
('1601','1601','1'),
('1602','1602','1'),
('1603','1603','1'),
('1604','1604','1'),
('1605','1605','1'),
('1606','1606','1'),
('1607','1607','1'),
('1608','1608','1'),
('1609','1609','1'),
('1610','1610','1'),
('1611','1611','1'),
('1612','1612','1'),
('1613','1613','1'),
('1614','1614','1'),
('1615','1615','1'),
('1616','1616','1'),
('1617','1617','1'),
('1618','1618','1'),
('1619','1619','1'),
('1620','1620','1'),
('1621','1621','1'),
('1622','1622','1'),
('1623','1623','1'),
('1624','1624','1'),
('1625','1600','2'),
('1626','1601','2'),
('1627','1602','2'),
('1628','1603','2'),
('1629','1604','2'),
('1630','1605','2'),
('1631','1606','2'),
('1632','1607','2'),
('1633','1608','2'),
('1634','1609','2'),
('1635','1610','2'),
('1636','1611','2'),
('1637','1612','2'),
('1638','1613','2'),
('1639','1614','2'),
('1640','1615','2'),
('1641','1616','2'),
('1642','1617','2'),
('1643','1618','2'),
('1644','1619','2'),
('1645','1620','2'),
('1646','1621','2'),
('1647','1622','2'),
('1648','1623','2'),
('1649','1624','2'),
('1650','1600','3'),
('1651','1601','3'),
('1652','1602','3'),
('1653','1603','3'),
('1654','1604','3'),
('1655','1605','3'),
('1656','1606','3'),
('1657','1607','3'),
('1658','1608','3'),
('1659','1609','3'),
('1660','1610','3'),
('1661','1611','3'),
('1662','1612','3'),
('1663','1613','3'),
('1664','1614','3'),
('1665','1615','3'),
('1666','1616','3'),
('1667','1617','3'),
('1668','1618','3'),
('1669','1619','3'),
('1670','1620','3'),
('1671','1621','3'),
('1672','1622','3'),
('1673','1623','3'),
('1674','1624','3'),
('1675','1600','4'),
('1676','1601','4'),
('1677','1602','4'),
('1678','1603','4'),
('1679','1604','4'),
('1680','1605','4'),
('1681','1606','4'),
('1682','1607','4'),
('1683','1608','4'),
('1684','1609','4'),
('1685','1610','4'),
('1686','1611','4'),
('1687','1612','4'),
('1688','1613','4'),
('1689','1614','4'),
('1690','1615','4'),
('1691','1616','4'),
('1692','1617','4'),
('1693','1618','4'),
('1694','1619','4'),
('1695','1620','4'),
('1696','1621','4'),
('1697','1622','4'),
('1698','1623','4'),
('1699','1624','4');

--SELECT * FROM clienteconta;

-- Operações: apenas a operação de depósito do saldo inicial foi criada para cada conta

INSERT INTO operacao(cod_agencia,numero_conta,seq,tipo,descricao,datahora,valor) VALUES
('1600','1','1','C','Dep. Abertura de Conta','29/09/2016  12:00:01','100.00'),
('1601','1','1','C','Dep. Abertura de Conta','29/09/2016  12:00:02','200.00'),
('1602','1','1','C','Dep. Abertura de Conta','29/09/2016  12:00:03','300.00'),
('1603','1','1','C','Dep. Abertura de Conta','29/09/2016  12:00:04','400.00'),
('1604','1','1','C','Dep. Abertura de Conta','29/09/2016  12:00:05','500.00'),
('1605','1','1','C','Dep. Abertura de Conta','29/09/2016  12:00:06','600.00'),
('1606','1','1','C','Dep. Abertura de Conta','29/09/2016  12:00:07','700.00'),
('1607','1','1','C','Dep. Abertura de Conta','29/09/2016  12:00:08','800.00'),
('1608','1','1','C','Dep. Abertura de Conta','29/09/2016  12:00:09','900.00'),
('1609','1','1','C','Dep. Abertura de Conta','29/09/2016  12:00:10','1000.00'),
('1610','1','1','C','Dep. Abertura de Conta','29/09/2016  12:00:11','1100.00'),
('1611','1','1','C','Dep. Abertura de Conta','29/09/2016  12:00:12','1200.00'),
('1612','1','1','C','Dep. Abertura de Conta','29/09/2016  12:00:13','1300.00'),
('1613','1','1','C','Dep. Abertura de Conta','29/09/2016  12:00:14','1400.00'),
('1614','1','1','C','Dep. Abertura de Conta','29/09/2016  12:00:15','1500.00'),
('1615','1','1','C','Dep. Abertura de Conta','29/09/2016  12:00:16','1600.00'),
('1616','1','1','C','Dep. Abertura de Conta','29/09/2016  12:00:17','1700.00'),
('1617','1','1','C','Dep. Abertura de Conta','29/09/2016  12:00:18','1800.00'),
('1618','1','1','C','Dep. Abertura de Conta','29/09/2016  12:00:19','1900.00'),
('1619','1','1','C','Dep. Abertura de Conta','29/09/2016  12:00:20','2000.00'),
('1620','1','1','C','Dep. Abertura de Conta','29/09/2016  12:00:21','2100.00'),
('1621','1','1','C','Dep. Abertura de Conta','29/09/2016  12:00:22','2200.00'),
('1622','1','1','C','Dep. Abertura de Conta','29/09/2016  12:00:23','2300.00'),
('1623','1','1','C','Dep. Abertura de Conta','29/09/2016  12:00:24','2400.00'),
('1624','1','1','C','Dep. Abertura de Conta','29/09/2016  12:00:25','2500.00'),
('1600','2','1','C','Dep. Abertura de Conta','29/09/2016  12:00:26','2600.00'),
('1601','2','1','C','Dep. Abertura de Conta','29/09/2016  12:00:27','2700.00'),
('1602','2','1','C','Dep. Abertura de Conta','29/09/2016  12:00:28','2800.00'),
('1603','2','1','C','Dep. Abertura de Conta','29/09/2016  12:00:29','2900.00'),
('1604','2','1','C','Dep. Abertura de Conta','29/09/2016  12:00:30','3000.00'),
('1605','2','1','C','Dep. Abertura de Conta','29/09/2016  12:00:31','3100.00'),
('1606','2','1','C','Dep. Abertura de Conta','29/09/2016  12:00:32','3200.00'),
('1607','2','1','C','Dep. Abertura de Conta','29/09/2016  12:00:33','3300.00'),
('1608','2','1','C','Dep. Abertura de Conta','29/09/2016  12:00:34','3400.00'),
('1609','2','1','C','Dep. Abertura de Conta','29/09/2016  12:00:35','3500.00'),
('1610','2','1','C','Dep. Abertura de Conta','29/09/2016  12:00:36','3600.00'),
('1611','2','1','C','Dep. Abertura de Conta','29/09/2016  12:00:37','3700.00'),
('1612','2','1','C','Dep. Abertura de Conta','29/09/2016  12:00:38','3800.00'),
('1613','2','1','C','Dep. Abertura de Conta','29/09/2016  12:00:39','3900.00'),
('1614','2','1','C','Dep. Abertura de Conta','29/09/2016  12:00:40','4000.00'),
('1615','2','1','C','Dep. Abertura de Conta','29/09/2016  12:00:41','4100.00'),
('1616','2','1','C','Dep. Abertura de Conta','29/09/2016  12:00:42','4200.00'),
('1617','2','1','C','Dep. Abertura de Conta','29/09/2016  12:00:43','4300.00'),
('1618','2','1','C','Dep. Abertura de Conta','29/09/2016  12:00:44','4400.00'),
('1619','2','1','C','Dep. Abertura de Conta','29/09/2016  12:00:45','4500.00'),
('1620','2','1','C','Dep. Abertura de Conta','29/09/2016  12:00:46','4600.00'),
('1621','2','1','C','Dep. Abertura de Conta','29/09/2016  12:00:47','4700.00'),
('1622','2','1','C','Dep. Abertura de Conta','29/09/2016  12:00:48','4800.00'),
('1623','2','1','C','Dep. Abertura de Conta','29/09/2016  12:00:49','4900.00'),
('1624','2','1','C','Dep. Abertura de Conta','29/09/2016  12:00:50','5000.00'),
('1600','3','1','C','Dep. Abertura de Conta','29/09/2016  12:00:51','5100.00'),
('1601','3','1','C','Dep. Abertura de Conta','29/09/2016  12:00:52','5200.00'),
('1602','3','1','C','Dep. Abertura de Conta','29/09/2016  12:00:53','5300.00'),
('1603','3','1','C','Dep. Abertura de Conta','29/09/2016  12:00:54','5400.00'),
('1604','3','1','C','Dep. Abertura de Conta','29/09/2016  12:00:55','5500.00'),
('1605','3','1','C','Dep. Abertura de Conta','29/09/2016  12:00:56','5600.00'),
('1606','3','1','C','Dep. Abertura de Conta','29/09/2016  12:00:57','5700.00'),
('1607','3','1','C','Dep. Abertura de Conta','29/09/2016  12:00:58','5800.00'),
('1608','3','1','C','Dep. Abertura de Conta','29/09/2016  12:00:59','5900.00'),
('1609','3','1','C','Dep. Abertura de Conta','29/09/2016  12:01:00','6000.00'),
('1610','3','1','C','Dep. Abertura de Conta','29/09/2016  12:01:01','6100.00'),
('1611','3','1','C','Dep. Abertura de Conta','29/09/2016  12:01:02','6200.00'),
('1612','3','1','C','Dep. Abertura de Conta','29/09/2016  12:01:03','6300.00'),
('1613','3','1','C','Dep. Abertura de Conta','29/09/2016  12:01:04','6400.00'),
('1614','3','1','C','Dep. Abertura de Conta','29/09/2016  12:01:05','6500.00'),
('1615','3','1','C','Dep. Abertura de Conta','29/09/2016  12:01:06','6600.00'),
('1616','3','1','C','Dep. Abertura de Conta','29/09/2016  12:01:07','6700.00'),
('1617','3','1','C','Dep. Abertura de Conta','29/09/2016  12:01:08','6800.00'),
('1618','3','1','C','Dep. Abertura de Conta','29/09/2016  12:01:09','6900.00'),
('1619','3','1','C','Dep. Abertura de Conta','29/09/2016  12:01:10','7000.00'),
('1620','3','1','C','Dep. Abertura de Conta','29/09/2016  12:01:11','7100.00'),
('1621','3','1','C','Dep. Abertura de Conta','29/09/2016  12:01:12','7200.00'),
('1622','3','1','C','Dep. Abertura de Conta','29/09/2016  12:01:13','7300.00'),
('1623','3','1','C','Dep. Abertura de Conta','29/09/2016  12:01:14','7400.00'),
('1624','3','1','C','Dep. Abertura de Conta','29/09/2016  12:01:15','7500.00'),
('1600','4','1','C','Dep. Abertura de Conta','29/09/2016  12:01:16','7600.00'),
('1601','4','1','C','Dep. Abertura de Conta','29/09/2016  12:01:17','7700.00'),
('1602','4','1','C','Dep. Abertura de Conta','29/09/2016  12:01:18','7800.00'),
('1603','4','1','C','Dep. Abertura de Conta','29/09/2016  12:01:19','7900.00'),
('1604','4','1','C','Dep. Abertura de Conta','29/09/2016  12:01:20','8000.00'),
('1605','4','1','C','Dep. Abertura de Conta','29/09/2016  12:01:21','8100.00'),
('1606','4','1','C','Dep. Abertura de Conta','29/09/2016  12:01:22','8200.00'),
('1607','4','1','C','Dep. Abertura de Conta','29/09/2016  12:01:23','8300.00'),
('1608','4','1','C','Dep. Abertura de Conta','29/09/2016  12:01:24','8400.00'),
('1609','4','1','C','Dep. Abertura de Conta','29/09/2016  12:01:25','8500.00'),
('1610','4','1','C','Dep. Abertura de Conta','29/09/2016  12:01:26','8600.00'),
('1611','4','1','C','Dep. Abertura de Conta','29/09/2016  12:01:27','8700.00'),
('1612','4','1','C','Dep. Abertura de Conta','29/09/2016  12:01:28','8800.00'),
('1613','4','1','C','Dep. Abertura de Conta','29/09/2016  12:01:29','8900.00'),
('1614','4','1','C','Dep. Abertura de Conta','29/09/2016  12:01:30','9000.00'),
('1615','4','1','C','Dep. Abertura de Conta','29/09/2016  12:01:31','9100.00'),
('1616','4','1','C','Dep. Abertura de Conta','29/09/2016  12:01:32','9200.00'),
('1617','4','1','C','Dep. Abertura de Conta','29/09/2016  12:01:33','9300.00'),
('1618','4','1','C','Dep. Abertura de Conta','29/09/2016  12:01:34','9400.00'),
('1619','4','1','C','Dep. Abertura de Conta','29/09/2016  12:01:35','9500.00'),
('1620','4','1','C','Dep. Abertura de Conta','29/09/2016  12:01:36','9600.00'),
('1621','4','1','C','Dep. Abertura de Conta','29/09/2016  12:01:37','9700.00'),
('1622','4','1','C','Dep. Abertura de Conta','29/09/2016  12:01:38','9800.00'),
('1623','4','1','C','Dep. Abertura de Conta','29/09/2016  12:01:39','9900.00'),
('1624','4','1','C','Dep. Abertura de Conta','29/09/2016  12:01:40','10000.00');

--SELECT * FROM operacao;