--drop SCHEMA vendas cascade;
CREATE SCHEMA vendas;
SET search_path TO vendas;

CREATE TABLE CLIENTE (
   CODCLI INTEGER NOT NULL,
   NOMECLI VARCHAR(50) NOT NULL,
   ENDERECO VARCHAR(60),
   CIDADE CHAR (20) NOT NULL,
   CEP CHAR(10),
   UF CHAR (2) NOT NULL, 
   CGC CHAR(14) NOT NULL,
   PRIMARY KEY (CODCLI)
);

CREATE TABLE VENDEDOR (
   CODVEND INTEGER NOT NULL,
   NOMEVEND VARCHAR(50) NOT NULL,
   SALFIXO FLOAT,
   FAIXACOMIS CHAR NOT NULL,
   PRIMARY KEY (CODVEND)
);

CREATE TABLE PRODUTO (
   CODPROD INTEGER NOT NULL,
   UNIDADE CHAR(2) NOT NULL,
   DESCRI VARCHAR(30) NOT NULL,
   VALUNIT FLOAT,
   PRIMARY KEY (CODPROD)
);

CREATE TABLE PEDIDO (
   NUMPED INTEGER NOT NULL,
   PRAZOENTR INTEGER,
   CODCLI INTEGER NOT NULL,
   CODVEND INTEGER,
   PRIMARY KEY (NUMPED),
   FOREIGN KEY (CODCLI) REFERENCES CLIENTE (CODCLI),
   FOREIGN KEY (CODVEND) REFERENCES VENDEDOR (CODVEND)
);

CREATE TABLE ITEMPED (
   NUMPED INTEGER NOT NULL,
   CODPROD INTEGER NOT NULL,
   QUANT INTEGER,
   PRIMARY KEY (NUMPED, CODPROD),
   FOREIGN KEY (NUMPED) REFERENCES PEDIDO (NUMPED),
   FOREIGN KEY (CODPROD) REFERENCES PRODUTO (CODPROD)
);

-- dados dos CLIENTES  --------

INSERT INTO CLIENTE VALUES (20,'BETH DA SILVA','AV. CLIMERIO, 230','SAO PAULO',25678300,'SP','32485211125025');
INSERT INTO CLIENTE VALUES (110,'JORGE BRITO','RUA CAIAPO, 13','CURITIBA',30078500,'PR','14512764983491');
INSERT INTO CLIENTE VALUES (130,'EDMAR CAMARGO','RUA DA PRAIA, S/N','SALVADOR',30099300,'BA','23456890000287');
INSERT INTO CLIENTE VALUES (157,'PAULO SOUSA','TV. MORAES, 230','LONDRINA',89785200,'PR','12748111000125');
INSERT INTO CLIENTE VALUES (180,'LVIO FIGUEIRAS','AV.BEIRA MAR, 1256','FLORIANPOLIS',30001500,'SC','12788888001020');
INSERT INTO CLIENTE VALUES (222,'LUCIA CAMATA','R.ITABIRA, 123 - LOJA 9','BELO HORIZONTE',22124391,'MG','28315213934881');
INSERT INTO CLIENTE VALUES (234,'JOS OLIVEIRA','QUADRA 3, BL.3 - SL.2','BRASLIA',22897100,'DF','21768811000120');
INSERT INTO CLIENTE VALUES (260,'SUSANA OLIVEIRA','R.LOPES MENDES, 200','NITERI',30045500,'RJ','21758855000210');
INSERT INTO CLIENTE VALUES (290,'RENATO SANTIAGO','R.MEIRELES, 200','SAO PAULO',30025400,'SP','13251141000120');
INSERT INTO CLIENTE VALUES (390,'SEBASTIO CORREIA','R.DA IGREJA, 70','UBERABA',30048400,'MG','32179888000120');
INSERT INTO CLIENTE VALUES (410,'RODOLFO BASTOS','LARGO DA LAPA, 27','RIO DE JANEIRO',20101100,'RJ','12833511000387');
INSERT INTO CLIENTE VALUES (720,'ANA FARIAS','RUA 17 , N.19','NITEROI',24358310,'RJ','12113231000134');
INSERT INTO CLIENTE VALUES (830,'MAURICIO FELIX','AV.PAULISTA, 1236 - SL 123','SAO PAULO',3012683,'SP','32816895000256');
INSERT INTO CLIENTE VALUES (870,'FLAVIO CESAR TORRES','AV.PRES.VARGAS, 10','SAO PAULO',22763931,'SP','22534126938790');
INSERT INTO CLIENTE VALUES (871,'JONAS ALBUQUERQUE','AV.PRES.VARGAS, 250','SAO PAULO',22763931,'SP','12345678901234');

-- dados dos VENDEDORES --------

INSERT INTO VENDEDOR VALUES(11,'JOAO SANTOS OLIVEIRA', 2780.00,'C');
INSERT INTO VENDEDOR VALUES(101,'JOAO SANTOS SILVA', 2650.00,'C');
INSERT INTO VENDEDOR VALUES(111,'CARLOS VIEIRA', 2490.00,'A');
INSERT INTO VENDEDOR VALUES(209,'JOSE FELISBERTO', 1800.00,'C');
INSERT INTO VENDEDOR VALUES(213,'JONAS SILVA', 2300.00,'A');
INSERT INTO VENDEDOR VALUES(240,'ANTONIO MORAIS', 9500.00,'C');
INSERT INTO VENDEDOR VALUES(250,'MAURICIO SERRA', 2930.00,'B');
INSERT INTO VENDEDOR VALUES(310,'JOSIAS DA SILVA', 870.00,'B');
INSERT INTO VENDEDOR VALUES(720,'FELIPE NASCIMENTO', 4600.00,'A');
INSERT INTO VENDEDOR VALUES(100,'MARCOS FARIAS', 800.00,'D');
INSERT INTO VENDEDOR VALUES(200,'MONICA DA SILVA', 1600.00,'D');
INSERT INTO VENDEDOR VALUES(280,'SAMANTA DE OLIVEIRA', 3600.00,'C');

-- dados dos PRODUTOS -------- 

INSERT INTO PRODUTO VALUES (13,'G','OURO', 6.18);
INSERT INTO PRODUTO VALUES (22,'M','LINHO', 0.11);
INSERT INTO PRODUTO VALUES (25,'KG','QUEIJO', 0.97);
INSERT INTO PRODUTO VALUES (30,'AS','AUCAR', 0.30);
INSERT INTO PRODUTO VALUES (31,'BA','CHOCOLATE', 0.87);
INSERT INTO PRODUTO VALUES (45,'M','MADEIRA', 0.25);
INSERT INTO PRODUTO VALUES (53,'M','LINHA', 1.80);
INSERT INTO PRODUTO VALUES (77,'M','PAPEL', 1.05);
INSERT INTO PRODUTO VALUES (78,'L','VINHO', 2.00);

INSERT INTO PEDIDO VALUES (300, 20, 180, 720);
INSERT INTO ITEMPED VALUES (300, 22, 229);
INSERT INTO ITEMPED VALUES (300, 25, 295);
INSERT INTO ITEMPED VALUES (300, 31, 146);
INSERT INTO ITEMPED VALUES (300, 45, 223);
INSERT INTO ITEMPED VALUES (300, 53, 109);
INSERT INTO ITEMPED VALUES (300, 77, 168);
INSERT INTO PEDIDO VALUES (301, 60, 260, 209);
INSERT INTO ITEMPED VALUES (301, 53, 208);
INSERT INTO ITEMPED VALUES (301, 77, 49);
INSERT INTO ITEMPED VALUES (301, 78, 202);
INSERT INTO ITEMPED VALUES (301, 13, 70);
INSERT INTO ITEMPED VALUES (301, 22, 190);
INSERT INTO PEDIDO VALUES (302, 30, 110, 720);
INSERT INTO ITEMPED VALUES (302, 25, 6);
INSERT INTO ITEMPED VALUES (302, 31, 82);
INSERT INTO ITEMPED VALUES (302, 45, 118);
INSERT INTO ITEMPED VALUES (302, 53, 265);
INSERT INTO ITEMPED VALUES (302, 77, 192);
INSERT INTO PEDIDO VALUES (303, 20, 20, 101);
INSERT INTO ITEMPED VALUES (303, 31, 280);
INSERT INTO ITEMPED VALUES (303, 45, 231);
INSERT INTO ITEMPED VALUES (303, 53, 199);
INSERT INTO PEDIDO VALUES (304, 45, 830, 720);
INSERT INTO ITEMPED VALUES (304, 53, 95);
INSERT INTO ITEMPED VALUES (304, 77, 134);
INSERT INTO PEDIDO VALUES (305, 30, 871, 310);
INSERT INTO ITEMPED VALUES (305, 13, 256);
INSERT INTO PEDIDO VALUES (306, 10, 410, 213);
INSERT INTO ITEMPED VALUES (306, 31, 53);
INSERT INTO ITEMPED VALUES (306, 45, 105);
INSERT INTO ITEMPED VALUES (306, 53, 85);
INSERT INTO ITEMPED VALUES (306, 77, 10);
INSERT INTO PEDIDO VALUES (307, 20, 390, 720);
INSERT INTO ITEMPED VALUES (307, 13, 180);
INSERT INTO ITEMPED VALUES (307, 22, 223);
INSERT INTO ITEMPED VALUES (307, 25, 148);
INSERT INTO PEDIDO VALUES (308, 45, 290, 310);
INSERT INTO ITEMPED VALUES (308, 22, 300);
INSERT INTO ITEMPED VALUES (308, 25, 293);
INSERT INTO PEDIDO VALUES (309, 20, 20, 720);
INSERT INTO ITEMPED VALUES (309, 13, 142);
INSERT INTO ITEMPED VALUES (309, 22, 115);
INSERT INTO ITEMPED VALUES (309, 25, 240);
INSERT INTO ITEMPED VALUES (309, 31, 45);
INSERT INTO PEDIDO VALUES (310, 45, 410, 11);
INSERT INTO ITEMPED VALUES (310, 53, 159);
INSERT INTO PEDIDO VALUES (311, 30, 870, 310);
INSERT INTO ITEMPED VALUES (311, 77, 6);
INSERT INTO ITEMPED VALUES (311, 78, 210);
INSERT INTO ITEMPED VALUES (311, 13, 247);
INSERT INTO ITEMPED VALUES (311, 22, 43);
INSERT INTO PEDIDO VALUES (312, 20, 290, 250);
INSERT INTO ITEMPED VALUES (312, 13, 134);
INSERT INTO ITEMPED VALUES (312, 22, 79);
INSERT INTO ITEMPED VALUES (312, 25, 282);
INSERT INTO ITEMPED VALUES (312, 31, 73);
INSERT INTO ITEMPED VALUES (312, 45, 100);
INSERT INTO ITEMPED VALUES (312, 53, 81);
INSERT INTO PEDIDO VALUES (313, 10, 180, 209);
INSERT INTO ITEMPED VALUES (313, 22, 120);
INSERT INTO PEDIDO VALUES (314, 30, 830, 310);
INSERT INTO ITEMPED VALUES (314, 53, 113);
INSERT INTO ITEMPED VALUES (314, 77, 232);
INSERT INTO ITEMPED VALUES (314, 78, 20);
INSERT INTO ITEMPED VALUES (314, 13, 68);
INSERT INTO PEDIDO VALUES (315, 45, 720, 101);
INSERT INTO ITEMPED VALUES (315, 45, 75);
INSERT INTO ITEMPED VALUES (315, 53, 284);
INSERT INTO ITEMPED VALUES (315, 77, 285);
INSERT INTO ITEMPED VALUES (315, 78, 278);
INSERT INTO PEDIDO VALUES (316, 60, 20, 310);
INSERT INTO ITEMPED VALUES (316, 31, 51);
INSERT INTO ITEMPED VALUES (316, 45, 71);
INSERT INTO ITEMPED VALUES (316, 53, 175);
INSERT INTO ITEMPED VALUES (316, 77, 25);
INSERT INTO ITEMPED VALUES (316, 78, 163);
INSERT INTO ITEMPED VALUES (316, 13, 194);
INSERT INTO PEDIDO VALUES (317, 20, 871, 111);
INSERT INTO ITEMPED VALUES (317, 25, 282);
INSERT INTO ITEMPED VALUES (317, 31, 171);
INSERT INTO ITEMPED VALUES (317, 45, 257);
INSERT INTO ITEMPED VALUES (317, 53, 102);
INSERT INTO ITEMPED VALUES (317, 77, 150);
INSERT INTO ITEMPED VALUES (317, 78, 55);
INSERT INTO PEDIDO VALUES (318, 45, 180, 101);
INSERT INTO ITEMPED VALUES (318, 45, 132);
INSERT INTO ITEMPED VALUES (318, 53, 180);
INSERT INTO ITEMPED VALUES (318, 77, 265);
INSERT INTO ITEMPED VALUES (318, 78, 154);
INSERT INTO ITEMPED VALUES (318, 13, 201);
INSERT INTO ITEMPED VALUES (318, 22, 95);
INSERT INTO PEDIDO VALUES (319, 10, 870, 720);
INSERT INTO ITEMPED VALUES (319, 22, 72);
INSERT INTO PEDIDO VALUES (320, 20, 110, 213);
INSERT INTO ITEMPED VALUES (320, 31, 264);
INSERT INTO ITEMPED VALUES (320, 45, 261);
INSERT INTO ITEMPED VALUES (320, 53, 270);
INSERT INTO ITEMPED VALUES (320, 77, 83);
INSERT INTO ITEMPED VALUES (320, 78, 249);
INSERT INTO PEDIDO VALUES (321, 10, 410, 250);
INSERT INTO ITEMPED VALUES (321, 25, 173);
INSERT INTO PEDIDO VALUES (322, 30, 260, 213);
INSERT INTO ITEMPED VALUES (322, 53, 209);
INSERT INTO ITEMPED VALUES (322, 77, 41);
INSERT INTO ITEMPED VALUES (322, 78, 24);
INSERT INTO ITEMPED VALUES (322, 13, 276);
INSERT INTO PEDIDO VALUES (323, 10, 390, 310);
INSERT INTO ITEMPED VALUES (323, 31, 62);
INSERT INTO ITEMPED VALUES (323, 45, 221);
INSERT INTO ITEMPED VALUES (323, 53, 50);
INSERT INTO ITEMPED VALUES (323, 77, 8);
INSERT INTO ITEMPED VALUES (323, 78, 173);
INSERT INTO ITEMPED VALUES (323, 13, 7);
INSERT INTO PEDIDO VALUES (324, 20, 260, 250);
INSERT INTO ITEMPED VALUES (324, 13, 76);
INSERT INTO ITEMPED VALUES (324, 22, 33);
INSERT INTO ITEMPED VALUES (324, 25, 240);
INSERT INTO ITEMPED VALUES (324, 31, 15);
INSERT INTO PEDIDO VALUES (325, 60, 720, 213);
INSERT INTO ITEMPED VALUES (325, 25, 111);
INSERT INTO ITEMPED VALUES (325, 31, 295);
INSERT INTO PEDIDO VALUES (326, 45, 390, 209);
INSERT INTO ITEMPED VALUES (326, 77, 196);
INSERT INTO ITEMPED VALUES (326, 78, 231);
INSERT INTO PEDIDO VALUES (327, 30, 180, 240);
INSERT INTO ITEMPED VALUES (327, 53, 123);
INSERT INTO ITEMPED VALUES (327, 77, 258);
INSERT INTO ITEMPED VALUES (327, 78, 218);
INSERT INTO ITEMPED VALUES (327, 13, 10);
INSERT INTO ITEMPED VALUES (327, 22, 29);
INSERT INTO PEDIDO VALUES (328, 45, 290, 101);
INSERT INTO ITEMPED VALUES (328, 13, 125);
INSERT INTO ITEMPED VALUES (328, 22, 79);
INSERT INTO ITEMPED VALUES (328, 25, 294);
INSERT INTO ITEMPED VALUES (328, 31, 271);
INSERT INTO ITEMPED VALUES (328, 45, 254);
INSERT INTO PEDIDO VALUES (329, 10, 720, 213);
INSERT INTO ITEMPED VALUES (329, 53, 215);
INSERT INTO ITEMPED VALUES (329, 77, 34);
INSERT INTO PEDIDO VALUES (330, 45, 110, 11);
INSERT INTO ITEMPED VALUES (330, 13, 84);
INSERT INTO ITEMPED VALUES (330, 22, 152);
INSERT INTO ITEMPED VALUES (330, 25, 159);
INSERT INTO ITEMPED VALUES (330, 31, 206);
INSERT INTO ITEMPED VALUES (330, 45, 235);
INSERT INTO PEDIDO VALUES (331, 20, 390, 310);
INSERT INTO ITEMPED VALUES (331, 22, 263);
INSERT INTO ITEMPED VALUES (331, 25, 201);
INSERT INTO ITEMPED VALUES (331, 31, 109);
INSERT INTO ITEMPED VALUES (331, 45, 211);
INSERT INTO PEDIDO VALUES (332, 45, 290, 101);
INSERT INTO ITEMPED VALUES (332, 25, 77);
INSERT INTO ITEMPED VALUES (332, 31, 228);
INSERT INTO ITEMPED VALUES (332, 45, 170);
INSERT INTO ITEMPED VALUES (332, 53, 56);
INSERT INTO PEDIDO VALUES (333, 60, 260, 240);
INSERT INTO ITEMPED VALUES (333, 22, 171);
INSERT INTO ITEMPED VALUES (333, 25, 160);
INSERT INTO ITEMPED VALUES (333, 31, 28);
INSERT INTO ITEMPED VALUES (333, 45, 142);
INSERT INTO ITEMPED VALUES (333, 53, 55);
INSERT INTO PEDIDO VALUES (334, 30, 20, 111);
INSERT INTO ITEMPED VALUES (334, 31, 54);
INSERT INTO ITEMPED VALUES (334, 45, 63);
INSERT INTO ITEMPED VALUES (334, 53, 25);
INSERT INTO ITEMPED VALUES (334, 77, 187);
INSERT INTO ITEMPED VALUES (334, 78, 268);
INSERT INTO PEDIDO VALUES (335, 20, 290, 11);
INSERT INTO ITEMPED VALUES (335, 22, 284);
INSERT INTO ITEMPED VALUES (335, 25, 257);
INSERT INTO PEDIDO VALUES (336, 10, 871, 111);
INSERT INTO ITEMPED VALUES (336, 77, 175);
INSERT INTO ITEMPED VALUES (336, 78, 60);
INSERT INTO ITEMPED VALUES (336, 13, 212);
INSERT INTO ITEMPED VALUES (336, 22, 133);
INSERT INTO PEDIDO VALUES (337, 60, 110, 240);
INSERT INTO ITEMPED VALUES (337, 25, 119);
INSERT INTO ITEMPED VALUES (337, 31, 145);
INSERT INTO PEDIDO VALUES (338, 10, 870, 101);
INSERT INTO ITEMPED VALUES (338, 13, 99);
INSERT INTO ITEMPED VALUES (338, 22, 129);
INSERT INTO ITEMPED VALUES (338, 25, 95);
INSERT INTO PEDIDO VALUES (339, 30, 180, 213);
INSERT INTO ITEMPED VALUES (339, 53, 298);
INSERT INTO ITEMPED VALUES (339, 77, 171);
INSERT INTO ITEMPED VALUES (339, 78, 46);
INSERT INTO ITEMPED VALUES (339, 13, 298);
INSERT INTO ITEMPED VALUES (339, 22, 152);
INSERT INTO ITEMPED VALUES (339, 25, 201);
INSERT INTO PEDIDO VALUES (340, 20, 720, 111);
INSERT INTO ITEMPED VALUES (340, 25, 199);
INSERT INTO ITEMPED VALUES (340, 31, 22);
INSERT INTO ITEMPED VALUES (340, 45, 157);
INSERT INTO ITEMPED VALUES (340, 53, 58);
INSERT INTO PEDIDO VALUES (341, 60, 410, 250);
INSERT INTO ITEMPED VALUES (341, 22, 74);
INSERT INTO ITEMPED VALUES (341, 25, 18);
INSERT INTO PEDIDO VALUES (342, 45, 871, 111);
INSERT INTO ITEMPED VALUES (342, 13, 193);
INSERT INTO ITEMPED VALUES (342, 22, 271);
INSERT INTO ITEMPED VALUES (342, 25, 238);
INSERT INTO ITEMPED VALUES (342, 31, 216);
INSERT INTO PEDIDO VALUES (343, 10, 870, 310);
INSERT INTO ITEMPED VALUES (343, 31, 273);
INSERT INTO ITEMPED VALUES (343, 45, 284);
INSERT INTO ITEMPED VALUES (343, 53, 259);
INSERT INTO ITEMPED VALUES (343, 77, 153);
INSERT INTO PEDIDO VALUES (344, 30, 871, 240);
INSERT INTO ITEMPED VALUES (344, 22, 103);
INSERT INTO ITEMPED VALUES (344, 25, 257);
INSERT INTO ITEMPED VALUES (344, 31, 60);
INSERT INTO ITEMPED VALUES (344, 45, 231);
INSERT INTO ITEMPED VALUES (344, 53, 126);
INSERT INTO ITEMPED VALUES (344, 77, 115);
INSERT INTO PEDIDO VALUES (345, 60, 390, 101);
INSERT INTO ITEMPED VALUES (345, 45, 81);
INSERT INTO ITEMPED VALUES (345, 53, 258);
INSERT INTO ITEMPED VALUES (345, 77, 15);
INSERT INTO ITEMPED VALUES (345, 78, 13);
INSERT INTO ITEMPED VALUES (345, 13, 22);
INSERT INTO PEDIDO VALUES (346, 10, 290, 111);
INSERT INTO ITEMPED VALUES (346, 77, 40);
INSERT INTO PEDIDO VALUES (347, 30, 720, 720);
INSERT INTO ITEMPED VALUES (347, 78, 50);
INSERT INTO ITEMPED VALUES (347, 13, 297);
INSERT INTO ITEMPED VALUES (347, 22, 229);
INSERT INTO ITEMPED VALUES (347, 25, 115);
INSERT INTO PEDIDO VALUES (348, 45, 410, 209);
INSERT INTO ITEMPED VALUES (348, 45, 25);
INSERT INTO PEDIDO VALUES (349, 30, 110, 213);
INSERT INTO ITEMPED VALUES (349, 25, 73);
INSERT INTO ITEMPED VALUES (349, 31, 176);
INSERT INTO PEDIDO VALUES (350, 10, 871, 111);
INSERT INTO ITEMPED VALUES (350, 13, 115);
INSERT INTO ITEMPED VALUES (350, 22, 245);
INSERT INTO ITEMPED VALUES (350, 25, 110);
INSERT INTO ITEMPED VALUES (350, 31, 82);
INSERT INTO ITEMPED VALUES (350, 45, 169);
INSERT INTO ITEMPED VALUES (350, 53, 53);
INSERT INTO PEDIDO VALUES (351, 20, 260, 101);
INSERT INTO ITEMPED VALUES (351, 31, 199);
INSERT INTO PEDIDO VALUES (352, 30, 871, 11);
INSERT INTO ITEMPED VALUES (352, 53, 195);
INSERT INTO PEDIDO VALUES (353, 20, 290, 250);
INSERT INTO ITEMPED VALUES (353, 13, 32);
INSERT INTO ITEMPED VALUES (353, 22, 19);
INSERT INTO ITEMPED VALUES (353, 25, 192);
INSERT INTO ITEMPED VALUES (353, 31, 248);
INSERT INTO PEDIDO VALUES (354, 30, 720, 310);
INSERT INTO ITEMPED VALUES (354, 53, 174);
INSERT INTO ITEMPED VALUES (354, 77, 146);
INSERT INTO ITEMPED VALUES (354, 78, 272);
INSERT INTO ITEMPED VALUES (354, 13, 81);
INSERT INTO ITEMPED VALUES (354, 22, 166);
INSERT INTO PEDIDO VALUES (355, 10, 410, 240);
INSERT INTO ITEMPED VALUES (355, 78, 191);
INSERT INTO ITEMPED VALUES (355, 13, 168);
INSERT INTO PEDIDO VALUES (356, 20, 390, 250);
INSERT INTO ITEMPED VALUES (356, 31, 227);
INSERT INTO ITEMPED VALUES (356, 45, 15);
INSERT INTO ITEMPED VALUES (356, 53, 134);
INSERT INTO ITEMPED VALUES (356, 77, 268);
INSERT INTO PEDIDO VALUES (357, 30, 410, 310);
INSERT INTO ITEMPED VALUES (357, 77, 150);
INSERT INTO ITEMPED VALUES (357, 78, 222);
INSERT INTO PEDIDO VALUES (358, 20, 180, 240);
INSERT INTO ITEMPED VALUES (358, 22, 244);
INSERT INTO ITEMPED VALUES (358, 25, 80);
INSERT INTO ITEMPED VALUES (358, 31, 48);
INSERT INTO ITEMPED VALUES (358, 45, 11);
INSERT INTO PEDIDO VALUES (359, 60, 720, 310);
INSERT INTO ITEMPED VALUES (359, 13, 141);
INSERT INTO ITEMPED VALUES (359, 22, 26);
INSERT INTO ITEMPED VALUES (359, 25, 239);
INSERT INTO ITEMPED VALUES (359, 31, 183);
INSERT INTO ITEMPED VALUES (359, 45, 165);
INSERT INTO ITEMPED VALUES (359, 53, 196);
INSERT INTO PEDIDO VALUES (360, 20, 290, 101);
INSERT INTO ITEMPED VALUES (360, 77, 203);
INSERT INTO ITEMPED VALUES (360, 78, 245);
INSERT INTO PEDIDO VALUES (361, 10, 390, 213);
INSERT INTO ITEMPED VALUES (361, 25, 51);
INSERT INTO ITEMPED VALUES (361, 31, 44);
INSERT INTO ITEMPED VALUES (361, 45, 121);
INSERT INTO ITEMPED VALUES (361, 53, 211);
INSERT INTO ITEMPED VALUES (361, 77, 294);
INSERT INTO ITEMPED VALUES (361, 78, 92);
INSERT INTO PEDIDO VALUES (362, 45, 870, 720);
INSERT INTO ITEMPED VALUES (362, 78, 165);
INSERT INTO ITEMPED VALUES (362, 13, 44);
INSERT INTO ITEMPED VALUES (362, 22, 139);
INSERT INTO ITEMPED VALUES (362, 25, 145);
INSERT INTO ITEMPED VALUES (362, 31, 151);
INSERT INTO ITEMPED VALUES (362, 45, 278);
INSERT INTO PEDIDO VALUES (363, 60, 871, 11);
INSERT INTO ITEMPED VALUES (363, 77, 228);
INSERT INTO ITEMPED VALUES (363, 78, 174);
INSERT INTO ITEMPED VALUES (363, 13, 301);
INSERT INTO ITEMPED VALUES (363, 22, 62);
INSERT INTO ITEMPED VALUES (363, 25, 162);
INSERT INTO ITEMPED VALUES (363, 31, 293);
INSERT INTO PEDIDO VALUES (364, 10, 110, 101);
INSERT INTO ITEMPED VALUES (364, 31, 206);
INSERT INTO ITEMPED VALUES (364, 45, 55);
INSERT INTO ITEMPED VALUES (364, 53, 292);
INSERT INTO ITEMPED VALUES (364, 77, 137);
INSERT INTO ITEMPED VALUES (364, 78, 50);
INSERT INTO ITEMPED VALUES (364, 13, 258);
INSERT INTO PEDIDO VALUES (365, 30, 20, 720);
INSERT INTO ITEMPED VALUES (365, 22, 77);
INSERT INTO ITEMPED VALUES (365, 25, 128);
INSERT INTO ITEMPED VALUES (365, 31, 24);
INSERT INTO ITEMPED VALUES (365, 45, 54);
INSERT INTO ITEMPED VALUES (365, 53, 275);
INSERT INTO PEDIDO VALUES (366, 20, 110, 101);
INSERT INTO ITEMPED VALUES (366, 31, 88);
INSERT INTO ITEMPED VALUES (366, 45, 19);
INSERT INTO ITEMPED VALUES (366, 53, 282);
INSERT INTO ITEMPED VALUES (366, 77, 114);
INSERT INTO ITEMPED VALUES (366, 78, 270);
INSERT INTO ITEMPED VALUES (366, 13, 231);
INSERT INTO PEDIDO VALUES (367, 10, 870, 11);
INSERT INTO ITEMPED VALUES (367, 22, 44);
INSERT INTO ITEMPED VALUES (367, 25, 58);
INSERT INTO ITEMPED VALUES (367, 31, 36);
INSERT INTO ITEMPED VALUES (367, 45, 223);
INSERT INTO PEDIDO VALUES (368, 60, 110, 240);
INSERT INTO ITEMPED VALUES (368, 78, 195);
INSERT INTO ITEMPED VALUES (368, 13, 232);
INSERT INTO ITEMPED VALUES (368, 22, 197);
INSERT INTO ITEMPED VALUES (368, 25, 222);
INSERT INTO PEDIDO VALUES (369, 45, 290, 209);
INSERT INTO ITEMPED VALUES (369, 25, 137);
INSERT INTO ITEMPED VALUES (369, 31, 250);
INSERT INTO ITEMPED VALUES (369, 45, 284);
INSERT INTO ITEMPED VALUES (369, 53, 116);
INSERT INTO ITEMPED VALUES (369, 77, 167);
INSERT INTO PEDIDO VALUES (370, 10, 180, 111);
INSERT INTO ITEMPED VALUES (370, 78, 270);
INSERT INTO ITEMPED VALUES (370, 13, 77);
INSERT INTO PEDIDO VALUES (371, 45, 290, 11);
INSERT INTO ITEMPED VALUES (371, 25, 179);
INSERT INTO ITEMPED VALUES (371, 31, 201);
INSERT INTO ITEMPED VALUES (371, 45, 175);
INSERT INTO ITEMPED VALUES (371, 53, 27);
INSERT INTO ITEMPED VALUES (371, 77, 178);
INSERT INTO ITEMPED VALUES (371, 78, 240);
INSERT INTO PEDIDO VALUES (372, 60, 871, 111);
INSERT INTO ITEMPED VALUES (372, 13, 279);
INSERT INTO ITEMPED VALUES (372, 22, 115);
INSERT INTO ITEMPED VALUES (372, 25, 153);
INSERT INTO ITEMPED VALUES (372, 31, 234);
INSERT INTO ITEMPED VALUES (372, 45, 217);
INSERT INTO ITEMPED VALUES (372, 53, 169);
INSERT INTO PEDIDO VALUES (373, 10, 20, 209);
INSERT INTO ITEMPED VALUES (373, 25, 206);
INSERT INTO ITEMPED VALUES (373, 31, 202);
INSERT INTO ITEMPED VALUES (373, 45, 126);
INSERT INTO ITEMPED VALUES (373, 53, 240);
INSERT INTO PEDIDO VALUES (374, 45, 830, 101);
INSERT INTO ITEMPED VALUES (374, 31, 284);
INSERT INTO ITEMPED VALUES (374, 45, 265);
INSERT INTO ITEMPED VALUES (374, 53, 285);
INSERT INTO ITEMPED VALUES (374, 77, 251);
INSERT INTO ITEMPED VALUES (374, 78, 103);
INSERT INTO ITEMPED VALUES (374, 13, 280);
INSERT INTO PEDIDO VALUES (375, 30, 290, 240);
INSERT INTO ITEMPED VALUES (375, 45, 282);
INSERT INTO ITEMPED VALUES (375, 53, 215);
INSERT INTO ITEMPED VALUES (375, 77, 242);
INSERT INTO ITEMPED VALUES (375, 78, 206);
INSERT INTO ITEMPED VALUES (375, 13, 288);
INSERT INTO PEDIDO VALUES (376, 10, 720, 250);
INSERT INTO ITEMPED VALUES (376, 77, 191);
INSERT INTO ITEMPED VALUES (376, 78, 295);
INSERT INTO ITEMPED VALUES (376, 13, 133);
INSERT INTO ITEMPED VALUES (376, 22, 128);
INSERT INTO ITEMPED VALUES (376, 25, 168);
INSERT INTO PEDIDO VALUES (377, 60, 110, 11);
INSERT INTO ITEMPED VALUES (377, 13, 115);
INSERT INTO PEDIDO VALUES (378, 20, 410, 209);
INSERT INTO ITEMPED VALUES (378, 25, 132);
INSERT INTO ITEMPED VALUES (378, 31, 233);
INSERT INTO ITEMPED VALUES (378, 45, 122);
INSERT INTO ITEMPED VALUES (378, 53, 228);
INSERT INTO ITEMPED VALUES (378, 77, 69);
INSERT INTO ITEMPED VALUES (378, 78, 52);
INSERT INTO PEDIDO VALUES (379, 10, 870, 240);
INSERT INTO ITEMPED VALUES (379, 77, 77);
INSERT INTO ITEMPED VALUES (379, 78, 215);
INSERT INTO ITEMPED VALUES (379, 13, 298);
INSERT INTO ITEMPED VALUES (379, 22, 284);
INSERT INTO PEDIDO VALUES (380, 30, 720, 213);
INSERT INTO ITEMPED VALUES (380, 45, 151);
INSERT INTO PEDIDO VALUES (381, 45, 110, 111);
INSERT INTO ITEMPED VALUES (381, 25, 229);
INSERT INTO PEDIDO VALUES (382, 60, 410, 720);
INSERT INTO ITEMPED VALUES (382, 78, 60);
INSERT INTO ITEMPED VALUES (382, 13, 109);
INSERT INTO ITEMPED VALUES (382, 22, 279);
INSERT INTO ITEMPED VALUES (382, 25, 37);
INSERT INTO ITEMPED VALUES (382, 31, 52);
INSERT INTO ITEMPED VALUES (382, 45, 156);
INSERT INTO PEDIDO VALUES (383, 10, 871, 209);
INSERT INTO ITEMPED VALUES (383, 45, 160);
INSERT INTO PEDIDO VALUES (384, 60, 20, 101);
INSERT INTO ITEMPED VALUES (384, 25, 6);
INSERT INTO ITEMPED VALUES (384, 31, 134);
INSERT INTO ITEMPED VALUES (384, 45, 147);
INSERT INTO ITEMPED VALUES (384, 53, 154);
INSERT INTO PEDIDO VALUES (385, 20, 720, 250);
INSERT INTO ITEMPED VALUES (385, 53, 295);
INSERT INTO ITEMPED VALUES (385, 77, 164);
INSERT INTO PEDIDO VALUES (386, 10, 110, 240);
INSERT INTO ITEMPED VALUES (386, 31, 199);
INSERT INTO ITEMPED VALUES (386, 45, 265);
INSERT INTO ITEMPED VALUES (386, 53, 202);
INSERT INTO ITEMPED VALUES (386, 77, 125);
INSERT INTO PEDIDO VALUES (387, 20, 830, 101);
INSERT INTO ITEMPED VALUES (387, 22, 40);
INSERT INTO PEDIDO VALUES (388, 30, 180, 209);
INSERT INTO ITEMPED VALUES (388, 25, 87);
INSERT INTO PEDIDO VALUES (389, 10, 720, 310);
INSERT INTO ITEMPED VALUES (389, 31, 87);
INSERT INTO ITEMPED VALUES (389, 45, 46);
INSERT INTO ITEMPED VALUES (389, 53, 215);
INSERT INTO PEDIDO VALUES (390, 30, 830, 250);
INSERT INTO ITEMPED VALUES (390, 45, 157);
INSERT INTO ITEMPED VALUES (390, 53, 137);
INSERT INTO ITEMPED VALUES (390, 77, 289);
INSERT INTO PEDIDO VALUES (391, 10, 390, 720);
INSERT INTO ITEMPED VALUES (391, 31, 184);
INSERT INTO PEDIDO VALUES (392, 30, 410, 111);
INSERT INTO ITEMPED VALUES (392, 13, 143);
INSERT INTO ITEMPED VALUES (392, 22, 262);
INSERT INTO ITEMPED VALUES (392, 25, 155);
INSERT INTO PEDIDO VALUES (393, 45, 830, 101);
INSERT INTO ITEMPED VALUES (393, 31, 157);
INSERT INTO ITEMPED VALUES (393, 45, 213);
INSERT INTO ITEMPED VALUES (393, 53, 232);
INSERT INTO ITEMPED VALUES (393, 77, 93);
INSERT INTO PEDIDO VALUES (394, 10, 390, 240);
INSERT INTO ITEMPED VALUES (394, 22, 165);
INSERT INTO ITEMPED VALUES (394, 25, 67);
INSERT INTO PEDIDO VALUES (395, 45, 830, 111);
INSERT INTO ITEMPED VALUES (395, 25, 238);
INSERT INTO ITEMPED VALUES (395, 31, 21);
INSERT INTO ITEMPED VALUES (395, 45, 264);
INSERT INTO ITEMPED VALUES (395, 53, 265);
INSERT INTO ITEMPED VALUES (395, 77, 89);
INSERT INTO PEDIDO VALUES (396, 60, 290, 209);
INSERT INTO ITEMPED VALUES (396, 53, 257);
INSERT INTO ITEMPED VALUES (396, 77, 48);
INSERT INTO ITEMPED VALUES (396, 78, 282);
INSERT INTO PEDIDO VALUES (397, 20, 390, 310);
INSERT INTO ITEMPED VALUES (397, 78, 154);
INSERT INTO ITEMPED VALUES (397, 13, 269);
INSERT INTO ITEMPED VALUES (397, 22, 289);
INSERT INTO ITEMPED VALUES (397, 25, 271);
INSERT INTO ITEMPED VALUES (397, 31, 31);
INSERT INTO PEDIDO VALUES (398, 45, 871, 11);
INSERT INTO ITEMPED VALUES (398, 13, 242);
INSERT INTO PEDIDO VALUES (399, 20, 290, 250);
INSERT INTO ITEMPED VALUES (399, 78, 256);
INSERT INTO ITEMPED VALUES (399, 13, 100);
INSERT INTO ITEMPED VALUES (399, 22, 142);
INSERT INTO PEDIDO VALUES (400, 30, 20, 11);
INSERT INTO ITEMPED VALUES (400, 25, 290);
INSERT INTO ITEMPED VALUES (400, 31, 84);
INSERT INTO PEDIDO VALUES (401, 20, 870, 101);
INSERT INTO ITEMPED VALUES (401, 31, 60);
INSERT INTO ITEMPED VALUES (401, 45, 194);
INSERT INTO ITEMPED VALUES (401, 53, 245);
INSERT INTO ITEMPED VALUES (401, 77, 55);
INSERT INTO PEDIDO VALUES (402, 45, 390, 720);
INSERT INTO ITEMPED VALUES (402, 13, 244);
INSERT INTO ITEMPED VALUES (402, 22, 158);
INSERT INTO ITEMPED VALUES (402, 25, 106);
INSERT INTO ITEMPED VALUES (402, 31, 177);
INSERT INTO PEDIDO VALUES (403, 20, 871, 209);
INSERT INTO ITEMPED VALUES (403, 78, 107);
INSERT INTO ITEMPED VALUES (403, 13, 233);
INSERT INTO ITEMPED VALUES (403, 22, 121);
INSERT INTO ITEMPED VALUES (403, 25, 247);
INSERT INTO PEDIDO VALUES (404, 60, 390, 11);
INSERT INTO ITEMPED VALUES (404, 45, 72);
INSERT INTO ITEMPED VALUES (404, 53, 234);
INSERT INTO PEDIDO VALUES (405, 45, 870, 101);
INSERT INTO ITEMPED VALUES (405, 13, 274);
INSERT INTO ITEMPED VALUES (405, 22, 110);
INSERT INTO ITEMPED VALUES (405, 25, 58);
INSERT INTO ITEMPED VALUES (405, 31, 80);
INSERT INTO PEDIDO VALUES (406, 20, 390, 250);
INSERT INTO ITEMPED VALUES (406, 45, 100);
INSERT INTO ITEMPED VALUES (406, 53, 143);
INSERT INTO ITEMPED VALUES (406, 77, 10);
INSERT INTO ITEMPED VALUES (406, 78, 235);
INSERT INTO PEDIDO VALUES (407, 45, 830, 209);
INSERT INTO ITEMPED VALUES (407, 78, 137);
INSERT INTO ITEMPED VALUES (407, 13, 131);
INSERT INTO ITEMPED VALUES (407, 22, 293);
INSERT INTO ITEMPED VALUES (407, 25, 160);
INSERT INTO ITEMPED VALUES (407, 31, 216);
INSERT INTO PEDIDO VALUES (408, 10, 260, 213);
INSERT INTO ITEMPED VALUES (408, 53, 182);
INSERT INTO ITEMPED VALUES (408, 77, 236);
INSERT INTO ITEMPED VALUES (408, 78, 13);
INSERT INTO PEDIDO VALUES (409, 60, 290, 209);
INSERT INTO ITEMPED VALUES (409, 45, 163);
INSERT INTO ITEMPED VALUES (409, 53, 132);
INSERT INTO PEDIDO VALUES (410, 20, 870, 11);
INSERT INTO ITEMPED VALUES (410, 22, 295);
INSERT INTO ITEMPED VALUES (410, 25, 62);
INSERT INTO ITEMPED VALUES (410, 31, 89);
INSERT INTO ITEMPED VALUES (410, 45, 243);
INSERT INTO ITEMPED VALUES (410, 53, 156);
INSERT INTO PEDIDO VALUES (411, 10, 20, 250);
INSERT INTO ITEMPED VALUES (411, 13, 14);
INSERT INTO ITEMPED VALUES (411, 22, 289);
INSERT INTO PEDIDO VALUES (412, 45, 180, 101);
INSERT INTO ITEMPED VALUES (412, 31, 109);
INSERT INTO ITEMPED VALUES (412, 45, 268);
INSERT INTO PEDIDO VALUES (413, 20, 20, 11);
INSERT INTO ITEMPED VALUES (413, 77, 214);
INSERT INTO ITEMPED VALUES (413, 78, 88);
INSERT INTO ITEMPED VALUES (413, 13, 278);
INSERT INTO PEDIDO VALUES (414, 60, 870, 213);
INSERT INTO ITEMPED VALUES (414, 78, 63);
INSERT INTO ITEMPED VALUES (414, 13, 253);
INSERT INTO ITEMPED VALUES (414, 22, 211);
INSERT INTO ITEMPED VALUES (414, 25, 40);
INSERT INTO PEDIDO VALUES (415, 10, 180, 111);
INSERT INTO ITEMPED VALUES (415, 77, 132);
INSERT INTO ITEMPED VALUES (415, 78, 73);
INSERT INTO ITEMPED VALUES (415, 13, 213);
INSERT INTO ITEMPED VALUES (415, 22, 198);
INSERT INTO PEDIDO VALUES (416, 45, 110, 209);
INSERT INTO ITEMPED VALUES (416, 22, 239);
INSERT INTO ITEMPED VALUES (416, 25, 206);
INSERT INTO PEDIDO VALUES (417, 30, 390, 213);
INSERT INTO ITEMPED VALUES (417, 77, 195);
INSERT INTO ITEMPED VALUES (417, 78, 35);
INSERT INTO ITEMPED VALUES (417, 13, 152);
INSERT INTO ITEMPED VALUES (417, 22, 293);
INSERT INTO PEDIDO VALUES (418, 20, 410, 111);
INSERT INTO ITEMPED VALUES (418, 53, 193);
INSERT INTO ITEMPED VALUES (418, 77, 299);
INSERT INTO PEDIDO VALUES (419, 10, 20, 720);
INSERT INTO ITEMPED VALUES (419, 78, 181);
INSERT INTO ITEMPED VALUES (419, 13, 124);
INSERT INTO ITEMPED VALUES (419, 22, 300);
INSERT INTO ITEMPED VALUES (419, 25, 10);
INSERT INTO PEDIDO VALUES (420, 60, 720, 209);
INSERT INTO ITEMPED VALUES (420, 45, 185);
INSERT INTO ITEMPED VALUES (420, 53, 150);
INSERT INTO ITEMPED VALUES (420, 77, 216);
INSERT INTO PEDIDO VALUES (421, 10, 410, 720);
INSERT INTO ITEMPED VALUES (421, 22, 205);
INSERT INTO ITEMPED VALUES (421, 25, 183);
INSERT INTO ITEMPED VALUES (421, 31, 293);
INSERT INTO PEDIDO VALUES (422, 60, 110, 209);
INSERT INTO ITEMPED VALUES (422, 13, 182);
INSERT INTO ITEMPED VALUES (422, 22, 121);
INSERT INTO ITEMPED VALUES (422, 25, 98);
INSERT INTO ITEMPED VALUES (422, 31, 284);
INSERT INTO ITEMPED VALUES (422, 45, 177);
INSERT INTO PEDIDO VALUES (423, 20, 830, 101);
INSERT INTO ITEMPED VALUES (423, 78, 297);
INSERT INTO PEDIDO VALUES (424, 10, 871, 213);
INSERT INTO ITEMPED VALUES (424, 45, 186);
INSERT INTO ITEMPED VALUES (424, 53, 180);
INSERT INTO PEDIDO VALUES (425, 30, 830, 209);
INSERT INTO ITEMPED VALUES (425, 77, 300);
INSERT INTO ITEMPED VALUES (425, 78, 250);
INSERT INTO ITEMPED VALUES (425, 13, 128);
INSERT INTO PEDIDO VALUES (426, 45, 180, 111);
INSERT INTO ITEMPED VALUES (426, 22, 91);
INSERT INTO ITEMPED VALUES (426, 25, 139);
INSERT INTO ITEMPED VALUES (426, 31, 211);
INSERT INTO ITEMPED VALUES (426, 45, 137);
INSERT INTO PEDIDO VALUES (427, 20, 410, 240);
INSERT INTO ITEMPED VALUES (427, 77, 298);
INSERT INTO ITEMPED VALUES (427, 78, 174);
INSERT INTO ITEMPED VALUES (427, 13, 193);
INSERT INTO ITEMPED VALUES (427, 22, 124);
INSERT INTO PEDIDO VALUES (428, 30, 871, 310);
INSERT INTO ITEMPED VALUES (428, 45, 264);
INSERT INTO PEDIDO VALUES (429, 20, 20, 209);
INSERT INTO ITEMPED VALUES (429, 31, 219);
INSERT INTO ITEMPED VALUES (429, 45, 255);
INSERT INTO ITEMPED VALUES (429, 53, 131);
INSERT INTO ITEMPED VALUES (429, 77, 21);
INSERT INTO ITEMPED VALUES (429, 78, 104);
INSERT INTO ITEMPED VALUES (429, 13, 185);
INSERT INTO PEDIDO VALUES (430, 60, 390, 111);
INSERT INTO ITEMPED VALUES (430, 13, 195);
INSERT INTO ITEMPED VALUES (430, 22, 298);
INSERT INTO PEDIDO VALUES (431, 45, 871, 310);
INSERT INTO ITEMPED VALUES (431, 22, 223);
INSERT INTO ITEMPED VALUES (431, 25, 172);
INSERT INTO PEDIDO VALUES (432, 20, 20, 209);
INSERT INTO ITEMPED VALUES (432, 13, 80);
INSERT INTO PEDIDO VALUES (433, 45, 260, 240);
INSERT INTO ITEMPED VALUES (433, 77, 14);
INSERT INTO ITEMPED VALUES (433, 78, 146);
INSERT INTO PEDIDO VALUES (434, 10, 870, 209);
INSERT INTO ITEMPED VALUES (434, 78, 47);
INSERT INTO ITEMPED VALUES (434, 13, 249);
INSERT INTO ITEMPED VALUES (434, 22, 100);
INSERT INTO ITEMPED VALUES (434, 25, 88);
INSERT INTO PEDIDO VALUES (435, 20, 20, 250);
INSERT INTO ITEMPED VALUES (435, 25, 271);
INSERT INTO ITEMPED VALUES (435, 31, 231);
INSERT INTO ITEMPED VALUES (435, 45, 204);
INSERT INTO PEDIDO VALUES (436, 30, 290, 213);
INSERT INTO ITEMPED VALUES (436, 31, 153);
INSERT INTO ITEMPED VALUES (436, 45, 233);
INSERT INTO PEDIDO VALUES (437, 20, 20, 11);
INSERT INTO ITEMPED VALUES (437, 77, 65);
INSERT INTO ITEMPED VALUES (437, 78, 165);
INSERT INTO ITEMPED VALUES (437, 13, 184);
INSERT INTO ITEMPED VALUES (437, 22, 123);
INSERT INTO ITEMPED VALUES (437, 25, 224);
INSERT INTO ITEMPED VALUES (437, 31, 117);
INSERT INTO PEDIDO VALUES (438, 45, 830, 111);
INSERT INTO ITEMPED VALUES (438, 78, 231);
INSERT INTO ITEMPED VALUES (438, 13, 269);
INSERT INTO ITEMPED VALUES (438, 22, 198);
INSERT INTO PEDIDO VALUES (439, 10, 871, 720);
INSERT INTO ITEMPED VALUES (439, 13, 116);
INSERT INTO ITEMPED VALUES (439, 22, 93);
INSERT INTO ITEMPED VALUES (439, 25, 199);
INSERT INTO ITEMPED VALUES (439, 31, 55);
INSERT INTO ITEMPED VALUES (439, 45, 184);
INSERT INTO PEDIDO VALUES (440, 20, 720, 250);
INSERT INTO ITEMPED VALUES (440, 45, 112);
INSERT INTO ITEMPED VALUES (440, 53, 66);
INSERT INTO ITEMPED VALUES (440, 77, 179);
INSERT INTO ITEMPED VALUES (440, 78, 165);
INSERT INTO PEDIDO VALUES (441, 30, 390, 101);
INSERT INTO ITEMPED VALUES (441, 31, 157);
INSERT INTO ITEMPED VALUES (441, 45, 37);
INSERT INTO ITEMPED VALUES (441, 53, 154);
INSERT INTO ITEMPED VALUES (441, 77, 16);
INSERT INTO ITEMPED VALUES (441, 78, 255);
INSERT INTO ITEMPED VALUES (441, 13, 100);
INSERT INTO PEDIDO VALUES (442, 45, 180, 209);
INSERT INTO ITEMPED VALUES (442, 78, 19);
INSERT INTO ITEMPED VALUES (442, 13, 20);
INSERT INTO PEDIDO VALUES (443, 10, 390, 11);
INSERT INTO ITEMPED VALUES (443, 45, 264);
INSERT INTO ITEMPED VALUES (443, 53, 26);
INSERT INTO ITEMPED VALUES (443, 77, 166);
INSERT INTO ITEMPED VALUES (443, 78, 124);
INSERT INTO PEDIDO VALUES (444, 60, 260, 240);
INSERT INTO ITEMPED VALUES (444, 22, 235);
INSERT INTO ITEMPED VALUES (444, 25, 160);
INSERT INTO ITEMPED VALUES (444, 31, 291);
INSERT INTO ITEMPED VALUES (444, 45, 13);
INSERT INTO ITEMPED VALUES (444, 53, 200);
INSERT INTO PEDIDO VALUES (445, 45, 390, 11);
INSERT INTO ITEMPED VALUES (445, 45, 18);
INSERT INTO PEDIDO VALUES (446, 20, 260, 101);
INSERT INTO ITEMPED VALUES (446, 31, 74);
INSERT INTO ITEMPED VALUES (446, 45, 263);
INSERT INTO ITEMPED VALUES (446, 53, 189);
INSERT INTO ITEMPED VALUES (446, 77, 252);
INSERT INTO PEDIDO VALUES (447, 10, 390, 310);
INSERT INTO ITEMPED VALUES (447, 45, 75);
INSERT INTO ITEMPED VALUES (447, 53, 201);
INSERT INTO ITEMPED VALUES (447, 77, 170);
INSERT INTO ITEMPED VALUES (447, 78, 272);
INSERT INTO ITEMPED VALUES (447, 13, 29);
INSERT INTO ITEMPED VALUES (447, 22, 58);
INSERT INTO PEDIDO VALUES (448, 20, 290, 11);
INSERT INTO ITEMPED VALUES (448, 31, 60);
INSERT INTO ITEMPED VALUES (448, 45, 51);
INSERT INTO ITEMPED VALUES (448, 53, 137);
INSERT INTO PEDIDO VALUES (449, 45, 830, 111);
INSERT INTO ITEMPED VALUES (449, 13, 288);
INSERT INTO ITEMPED VALUES (449, 22, 281);
INSERT INTO PEDIDO VALUES (450, 20, 260, 310);
INSERT INTO ITEMPED VALUES (450, 53, 294);
INSERT INTO PEDIDO VALUES (451, 10, 110, 209);
INSERT INTO ITEMPED VALUES (451, 77, 115);
INSERT INTO ITEMPED VALUES (451, 78, 240);
INSERT INTO ITEMPED VALUES (451, 13, 49);
INSERT INTO ITEMPED VALUES (451, 22, 10);
INSERT INTO PEDIDO VALUES (452, 20, 871, 240);
INSERT INTO ITEMPED VALUES (452, 22, 29);
INSERT INTO ITEMPED VALUES (452, 25, 258);
INSERT INTO ITEMPED VALUES (452, 31, 216);
INSERT INTO ITEMPED VALUES (452, 45, 211);
INSERT INTO ITEMPED VALUES (452, 53, 287);
INSERT INTO ITEMPED VALUES (452, 77, 44);
INSERT INTO PEDIDO VALUES (453, 45, 830, 720);
INSERT INTO ITEMPED VALUES (453, 78, 232);
INSERT INTO ITEMPED VALUES (453, 13, 86);
INSERT INTO ITEMPED VALUES (453, 22, 195);
INSERT INTO ITEMPED VALUES (453, 25, 232);
INSERT INTO ITEMPED VALUES (453, 31, 83);
INSERT INTO ITEMPED VALUES (453, 45, 224);
INSERT INTO PEDIDO VALUES (454, 60, 260, 209);
INSERT INTO ITEMPED VALUES (454, 13, 278);
INSERT INTO ITEMPED VALUES (454, 22, 261);
INSERT INTO ITEMPED VALUES (454, 25, 248);
INSERT INTO ITEMPED VALUES (454, 31, 39);
INSERT INTO ITEMPED VALUES (454, 45, 125);
INSERT INTO PEDIDO VALUES (455, 45, 180, 720);
INSERT INTO ITEMPED VALUES (455, 22, 105);
INSERT INTO ITEMPED VALUES (455, 25, 70);
INSERT INTO ITEMPED VALUES (455, 31, 62);
INSERT INTO PEDIDO VALUES (456, 30, 720, 213);
INSERT INTO ITEMPED VALUES (456, 31, 144);
INSERT INTO ITEMPED VALUES (456, 45, 65);
INSERT INTO ITEMPED VALUES (456, 53, 12);
INSERT INTO PEDIDO VALUES (457, 10, 871, 11);
INSERT INTO ITEMPED VALUES (457, 25, 249);
INSERT INTO ITEMPED VALUES (457, 31, 111);
INSERT INTO ITEMPED VALUES (457, 45, 251);
INSERT INTO PEDIDO VALUES (458, 60, 390, 250);
INSERT INTO ITEMPED VALUES (458, 77, 207);
INSERT INTO PEDIDO VALUES (459, 30, 830, 101);
INSERT INTO ITEMPED VALUES (459, 78, 68);
INSERT INTO ITEMPED VALUES (459, 13, 249);
INSERT INTO ITEMPED VALUES (459, 22, 185);
INSERT INTO ITEMPED VALUES (459, 25, 6);
INSERT INTO ITEMPED VALUES (459, 31, 3);
INSERT INTO ITEMPED VALUES (459, 45, 232);
INSERT INTO PEDIDO VALUES (460, 60, 20, 720);
INSERT INTO ITEMPED VALUES (460, 77, 281);
INSERT INTO ITEMPED VALUES (460, 78, 102);
INSERT INTO PEDIDO VALUES (461, 45, 110, 11);
INSERT INTO ITEMPED VALUES (461, 22, 175);
INSERT INTO ITEMPED VALUES (461, 25, 136);
INSERT INTO PEDIDO VALUES (462, 30, 260, 720);
INSERT INTO ITEMPED VALUES (462, 78, 24);
INSERT INTO ITEMPED VALUES (462, 13, 23);
INSERT INTO ITEMPED VALUES (462, 22, 269);
INSERT INTO ITEMPED VALUES (462, 25, 90);
INSERT INTO ITEMPED VALUES (462, 31, 158);
INSERT INTO ITEMPED VALUES (462, 45, 178);
INSERT INTO PEDIDO VALUES (463, 10, 110, 101);
INSERT INTO ITEMPED VALUES (463, 22, 77);
INSERT INTO ITEMPED VALUES (463, 25, 30);
INSERT INTO ITEMPED VALUES (463, 31, 126);
INSERT INTO PEDIDO VALUES (464, 45, 290, 250);
INSERT INTO ITEMPED VALUES (464, 31, 190);
INSERT INTO ITEMPED VALUES (464, 45, 301);
INSERT INTO ITEMPED VALUES (464, 53, 147);
INSERT INTO ITEMPED VALUES (464, 77, 43);
INSERT INTO ITEMPED VALUES (464, 78, 73);
INSERT INTO ITEMPED VALUES (464, 13, 130);
INSERT INTO PEDIDO VALUES (465, 20, 410, 11);
INSERT INTO ITEMPED VALUES (465, 53, 230);
INSERT INTO ITEMPED VALUES (465, 77, 41);
INSERT INTO ITEMPED VALUES (465, 78, 106);
INSERT INTO PEDIDO VALUES (466, 30, 110, 310);
INSERT INTO ITEMPED VALUES (466, 13, 236);
INSERT INTO ITEMPED VALUES (466, 22, 102);
INSERT INTO ITEMPED VALUES (466, 25, 61);
INSERT INTO ITEMPED VALUES (466, 31, 107);
INSERT INTO ITEMPED VALUES (466, 45, 108);
INSERT INTO ITEMPED VALUES (466, 53, 158);
INSERT INTO PEDIDO VALUES (467, 20, 290, 213);
INSERT INTO ITEMPED VALUES (467, 31, 193);
INSERT INTO ITEMPED VALUES (467, 45, 178);
INSERT INTO ITEMPED VALUES (467, 53, 48);
INSERT INTO ITEMPED VALUES (467, 77, 208);
INSERT INTO ITEMPED VALUES (467, 78, 282);
INSERT INTO ITEMPED VALUES (467, 13, 171);
INSERT INTO PEDIDO VALUES (468, 60, 110, 209);
INSERT INTO ITEMPED VALUES (468, 25, 248);
INSERT INTO ITEMPED VALUES (468, 31, 43);
INSERT INTO ITEMPED VALUES (468, 45, 230);
INSERT INTO ITEMPED VALUES (468, 53, 161);
INSERT INTO PEDIDO VALUES (469, 45, 830, 720);
INSERT INTO ITEMPED VALUES (469, 13, 118);
INSERT INTO PEDIDO VALUES (470, 20, 720, 101);
INSERT INTO ITEMPED VALUES (470, 25, 263);
INSERT INTO PEDIDO VALUES (471, 60, 180, 240);
INSERT INTO ITEMPED VALUES (471, 13, 196);
INSERT INTO ITEMPED VALUES (471, 22, 164);
INSERT INTO ITEMPED VALUES (471, 25, 116);
INSERT INTO ITEMPED VALUES (471, 31, 248);
INSERT INTO ITEMPED VALUES (471, 45, 26);
INSERT INTO PEDIDO VALUES (472, 20, 110, 213);
INSERT INTO ITEMPED VALUES (472, 31, 76);
INSERT INTO ITEMPED VALUES (472, 45, 106);
INSERT INTO PEDIDO VALUES (473, 45, 390, 720);
INSERT INTO ITEMPED VALUES (473, 22, 30);
INSERT INTO ITEMPED VALUES (473, 25, 282);
INSERT INTO ITEMPED VALUES (473, 31, 169);
INSERT INTO PEDIDO VALUES (474, 20, 870, 209);
INSERT INTO ITEMPED VALUES (474, 13, 123);
INSERT INTO ITEMPED VALUES (474, 22, 81);
INSERT INTO PEDIDO VALUES (475, 10, 290, 720);
INSERT INTO ITEMPED VALUES (475, 77, 198);
INSERT INTO ITEMPED VALUES (475, 78, 77);
INSERT INTO ITEMPED VALUES (475, 13, 108);
INSERT INTO ITEMPED VALUES (475, 22, 236);
INSERT INTO PEDIDO VALUES (476, 20, 390, 213);
INSERT INTO ITEMPED VALUES (476, 78, 5);
INSERT INTO ITEMPED VALUES (476, 13, 71);
INSERT INTO PEDIDO VALUES (477, 60, 260, 720);
INSERT INTO ITEMPED VALUES (477, 13, 204);
INSERT INTO ITEMPED VALUES (477, 22, 50);
INSERT INTO ITEMPED VALUES (477, 25, 87);
INSERT INTO ITEMPED VALUES (477, 31, 47);
INSERT INTO ITEMPED VALUES (477, 45, 132);
INSERT INTO PEDIDO VALUES (478, 45, 290, 111);
INSERT INTO ITEMPED VALUES (478, 45, 237);
INSERT INTO ITEMPED VALUES (478, 53, 126);
INSERT INTO PEDIDO VALUES (479, 60, 870, 209);
INSERT INTO ITEMPED VALUES (479, 25, 95);
INSERT INTO ITEMPED VALUES (479, 31, 134);
INSERT INTO ITEMPED VALUES (479, 45, 213);
INSERT INTO ITEMPED VALUES (479, 53, 223);
INSERT INTO ITEMPED VALUES (479, 77, 147);
INSERT INTO ITEMPED VALUES (479, 78, 243);
INSERT INTO PEDIDO VALUES (480, 45, 180, 250);
INSERT INTO ITEMPED VALUES (480, 53, 301);
INSERT INTO ITEMPED VALUES (480, 77, 230);
INSERT INTO ITEMPED VALUES (480, 78, 93);
INSERT INTO ITEMPED VALUES (480, 13, 244);
INSERT INTO ITEMPED VALUES (480, 22, 59);
INSERT INTO PEDIDO VALUES (481, 20, 870, 11);
INSERT INTO ITEMPED VALUES (481, 77, 207);
INSERT INTO ITEMPED VALUES (481, 78, 298);
INSERT INTO ITEMPED VALUES (481, 13, 14);
INSERT INTO ITEMPED VALUES (481, 22, 21);
INSERT INTO PEDIDO VALUES (482, 60, 830, 310);
INSERT INTO ITEMPED VALUES (482, 53, 48);
INSERT INTO ITEMPED VALUES (482, 77, 110);
INSERT INTO PEDIDO VALUES (483, 20, 20, 101);
INSERT INTO ITEMPED VALUES (483, 22, 75);
INSERT INTO ITEMPED VALUES (483, 25, 160);
INSERT INTO ITEMPED VALUES (483, 31, 48);
INSERT INTO ITEMPED VALUES (483, 45, 29);
INSERT INTO ITEMPED VALUES (483, 53, 199);
INSERT INTO PEDIDO VALUES (484, 60, 180, 310);
INSERT INTO ITEMPED VALUES (484, 53, 86);
INSERT INTO ITEMPED VALUES (484, 77, 157);
INSERT INTO ITEMPED VALUES (484, 78, 8);
INSERT INTO PEDIDO VALUES (485, 10, 290, 250);
INSERT INTO ITEMPED VALUES (485, 22, 229);
INSERT INTO ITEMPED VALUES (485, 25, 168);
INSERT INTO ITEMPED VALUES (485, 31, 174);
INSERT INTO ITEMPED VALUES (485, 45, 114);
INSERT INTO ITEMPED VALUES (485, 53, 262);
INSERT INTO ITEMPED VALUES (485, 77, 255);
INSERT INTO PEDIDO VALUES (486, 45, 180, 101);
INSERT INTO ITEMPED VALUES (486, 53, 118);
INSERT INTO PEDIDO VALUES (487, 20, 410, 310);
INSERT INTO ITEMPED VALUES (487, 45, 174);
INSERT INTO ITEMPED VALUES (487, 53, 163);
INSERT INTO ITEMPED VALUES (487, 77, 228);
INSERT INTO PEDIDO VALUES (488, 10, 720, 209);
INSERT INTO ITEMPED VALUES (488, 77, 285);
INSERT INTO ITEMPED VALUES (488, 78, 299);
INSERT INTO ITEMPED VALUES (488, 13, 186);
INSERT INTO PEDIDO VALUES (489, 60, 180, 250);
INSERT INTO ITEMPED VALUES (489, 13, 124);
INSERT INTO ITEMPED VALUES (489, 22, 269);
INSERT INTO ITEMPED VALUES (489, 25, 288);
INSERT INTO ITEMPED VALUES (489, 31, 222);
INSERT INTO PEDIDO VALUES (490, 10, 20, 111);
INSERT INTO ITEMPED VALUES (490, 53, 138);
INSERT INTO PEDIDO VALUES (491, 60, 410, 250);
INSERT INTO ITEMPED VALUES (491, 31, 7);
INSERT INTO ITEMPED VALUES (491, 45, 175);
INSERT INTO ITEMPED VALUES (491, 53, 157);
INSERT INTO PEDIDO VALUES (492, 45, 830, 240);
INSERT INTO ITEMPED VALUES (492, 53, 117);
INSERT INTO ITEMPED VALUES (492, 77, 253);
INSERT INTO PEDIDO VALUES (493, 60, 290, 250);
INSERT INTO ITEMPED VALUES (493, 25, 81);
INSERT INTO ITEMPED VALUES (493, 31, 85);
INSERT INTO PEDIDO VALUES (494, 10, 410, 209);
INSERT INTO ITEMPED VALUES (494, 13, 118);
INSERT INTO ITEMPED VALUES (494, 22, 100);
INSERT INTO ITEMPED VALUES (494, 25, 226);
INSERT INTO ITEMPED VALUES (494, 31, 36);
INSERT INTO PEDIDO VALUES (495, 20, 830, 213);
INSERT INTO ITEMPED VALUES (495, 77, 123);
INSERT INTO ITEMPED VALUES (495, 78, 132);
INSERT INTO ITEMPED VALUES (495, 13, 98);
INSERT INTO ITEMPED VALUES (495, 22, 25);
INSERT INTO ITEMPED VALUES (495, 25, 129);
INSERT INTO ITEMPED VALUES (495, 31, 233);
INSERT INTO PEDIDO VALUES (496, 45, 871, 250);
INSERT INTO ITEMPED VALUES (496, 13, 284);
INSERT INTO ITEMPED VALUES (496, 22, 53);
INSERT INTO PEDIDO VALUES (497, 30, 260, 11);
INSERT INTO ITEMPED VALUES (497, 25, 12);
INSERT INTO ITEMPED VALUES (497, 31, 141);
INSERT INTO ITEMPED VALUES (497, 45, 34);
INSERT INTO PEDIDO VALUES (498, 45, 390, 250);
INSERT INTO ITEMPED VALUES (498, 13, 256);
INSERT INTO ITEMPED VALUES (498, 22, 281);
INSERT INTO ITEMPED VALUES (498, 25, 15);
INSERT INTO PEDIDO VALUES (499, 30, 870, 209);
INSERT INTO ITEMPED VALUES (499, 22, 102);
INSERT INTO ITEMPED VALUES (499, 25, 48);
INSERT INTO ITEMPED VALUES (499, 31, 225);
INSERT INTO PEDIDO VALUES (500, 60, 290, 111);
INSERT INTO ITEMPED VALUES (500, 53, 271);
INSERT INTO ITEMPED VALUES (500, 77, 60);
INSERT INTO ITEMPED VALUES (500, 78, 199);
INSERT INTO PEDIDO VALUES (501, 45, 110, 101);
INSERT INTO ITEMPED VALUES (501, 22, 218);
INSERT INTO ITEMPED VALUES (501, 25, 290);
INSERT INTO PEDIDO VALUES (502, 60, 260, 209);
INSERT INTO ITEMPED VALUES (502, 78, 223);
INSERT INTO ITEMPED VALUES (502, 13, 107);
INSERT INTO ITEMPED VALUES (502, 22, 200);
INSERT INTO ITEMPED VALUES (502, 25, 276);
INSERT INTO ITEMPED VALUES (502, 31, 19);
INSERT INTO PEDIDO VALUES (503, 10, 871, 213);
INSERT INTO ITEMPED VALUES (503, 77, 211);
INSERT INTO ITEMPED VALUES (503, 78, 244);
INSERT INTO PEDIDO VALUES (504, 45, 180, 11);
INSERT INTO ITEMPED VALUES (504, 22, 71);
INSERT INTO ITEMPED VALUES (504, 25, 224);
INSERT INTO ITEMPED VALUES (504, 31, 273);
INSERT INTO ITEMPED VALUES (504, 45, 197);
INSERT INTO ITEMPED VALUES (504, 53, 39);
INSERT INTO PEDIDO VALUES (505, 60, 410, 213);
INSERT INTO ITEMPED VALUES (505, 25, 67);
INSERT INTO ITEMPED VALUES (505, 31, 122);
INSERT INTO ITEMPED VALUES (505, 45, 52);
INSERT INTO ITEMPED VALUES (505, 53, 271);
INSERT INTO PEDIDO VALUES (506, 10, 390, 111);
INSERT INTO ITEMPED VALUES (506, 22, 180);
INSERT INTO PEDIDO VALUES (507, 20, 180, 209);
INSERT INTO ITEMPED VALUES (507, 53, 274);
INSERT INTO ITEMPED VALUES (507, 77, 25);
INSERT INTO ITEMPED VALUES (507, 78, 41);
INSERT INTO ITEMPED VALUES (507, 13, 198);
INSERT INTO ITEMPED VALUES (507, 22, 101);
INSERT INTO ITEMPED VALUES (507, 25, 169);
INSERT INTO PEDIDO VALUES (508, 30, 871, 213);
INSERT INTO ITEMPED VALUES (508, 13, 164);
INSERT INTO ITEMPED VALUES (508, 22, 213);
INSERT INTO ITEMPED VALUES (508, 25, 248);
INSERT INTO PEDIDO VALUES (509, 45, 260, 101);
INSERT INTO ITEMPED VALUES (509, 77, 211);
INSERT INTO ITEMPED VALUES (509, 78, 61);
INSERT INTO ITEMPED VALUES (509, 13, 269);
INSERT INTO ITEMPED VALUES (509, 22, 174);
INSERT INTO PEDIDO VALUES (510, 20, 110, 250);
INSERT INTO ITEMPED VALUES (510, 78, 115);
INSERT INTO ITEMPED VALUES (510, 13, 10);
INSERT INTO PEDIDO VALUES (511, 60, 830, 720);
INSERT INTO ITEMPED VALUES (511, 13, 143);
INSERT INTO PEDIDO VALUES (512, 10, 720, 11);
INSERT INTO ITEMPED VALUES (512, 77, 93);
INSERT INTO ITEMPED VALUES (512, 78, 13);
INSERT INTO ITEMPED VALUES (512, 13, 126);
INSERT INTO PEDIDO VALUES (513, 45, 20, 101);
INSERT INTO ITEMPED VALUES (513, 13, 211);
INSERT INTO ITEMPED VALUES (513, 22, 64);
INSERT INTO ITEMPED VALUES (513, 25, 109);
INSERT INTO ITEMPED VALUES (513, 31, 158);
INSERT INTO ITEMPED VALUES (513, 45, 12);
INSERT INTO ITEMPED VALUES (513, 53, 240);
INSERT INTO PEDIDO VALUES (514, 30, 110, 240);
INSERT INTO ITEMPED VALUES (514, 22, 162);
INSERT INTO ITEMPED VALUES (514, 25, 23);
INSERT INTO ITEMPED VALUES (514, 31, 46);
INSERT INTO ITEMPED VALUES (514, 45, 241);
INSERT INTO ITEMPED VALUES (514, 53, 52);
INSERT INTO ITEMPED VALUES (514, 77, 26);
INSERT INTO PEDIDO VALUES (515, 45, 290, 209);
INSERT INTO ITEMPED VALUES (515, 77, 118);
INSERT INTO ITEMPED VALUES (515, 78, 235);
INSERT INTO ITEMPED VALUES (515, 13, 60);
INSERT INTO ITEMPED VALUES (515, 22, 252);
INSERT INTO ITEMPED VALUES (515, 25, 66);
INSERT INTO ITEMPED VALUES (515, 31, 194);
INSERT INTO PEDIDO VALUES (516, 20, 871, 111);
INSERT INTO ITEMPED VALUES (516, 25, 270);
INSERT INTO ITEMPED VALUES (516, 31, 214);
INSERT INTO ITEMPED VALUES (516, 45, 63);
INSERT INTO PEDIDO VALUES (517, 10, 260, 310);
INSERT INTO ITEMPED VALUES (517, 53, 123);
INSERT INTO ITEMPED VALUES (517, 77, 236);
INSERT INTO ITEMPED VALUES (517, 78, 69);
INSERT INTO PEDIDO VALUES (518, 45, 110, 209);
INSERT INTO ITEMPED VALUES (518, 22, 231);
INSERT INTO ITEMPED VALUES (518, 25, 46);
INSERT INTO PEDIDO VALUES (519, 20, 390, 111);
INSERT INTO ITEMPED VALUES (519, 78, 45);
INSERT INTO ITEMPED VALUES (519, 13, 112);
INSERT INTO ITEMPED VALUES (519, 22, 216);
INSERT INTO ITEMPED VALUES (519, 25, 143);
INSERT INTO PEDIDO VALUES (520, 60, 290, 310);
INSERT INTO ITEMPED VALUES (520, 53, 114);
INSERT INTO ITEMPED VALUES (520, 77, 114);
INSERT INTO ITEMPED VALUES (520, 78, 279);
INSERT INTO ITEMPED VALUES (520, 13, 121);
INSERT INTO ITEMPED VALUES (520, 22, 251);
INSERT INTO ITEMPED VALUES (520, 25, 192);
INSERT INTO PEDIDO VALUES (521, 45, 180, 209);
INSERT INTO ITEMPED VALUES (521, 25, 277);
INSERT INTO ITEMPED VALUES (521, 31, 301);
INSERT INTO PEDIDO VALUES (522, 20, 410, 111);
INSERT INTO ITEMPED VALUES (522, 45, 274);
INSERT INTO ITEMPED VALUES (522, 53, 247);
INSERT INTO PEDIDO VALUES (523, 10, 260, 213);
INSERT INTO ITEMPED VALUES (523, 25, 139);
INSERT INTO ITEMPED VALUES (523, 31, 247);
INSERT INTO ITEMPED VALUES (523, 45, 96);
INSERT INTO ITEMPED VALUES (523, 53, 25);
INSERT INTO PEDIDO VALUES (524, 20, 830, 209);
INSERT INTO ITEMPED VALUES (524, 77, 205);
INSERT INTO ITEMPED VALUES (524, 78, 156);
INSERT INTO ITEMPED VALUES (524, 13, 188);
INSERT INTO ITEMPED VALUES (524, 22, 272);
INSERT INTO PEDIDO VALUES (525, 10, 871, 101);
INSERT INTO ITEMPED VALUES (525, 25, 215);
INSERT INTO ITEMPED VALUES (525, 31, 193);
INSERT INTO ITEMPED VALUES (525, 45, 231);
INSERT INTO ITEMPED VALUES (525, 53, 112);
INSERT INTO ITEMPED VALUES (525, 77, 182);
INSERT INTO PEDIDO VALUES (526, 60, 410, 11);
INSERT INTO ITEMPED VALUES (526, 53, 119);
INSERT INTO ITEMPED VALUES (526, 77, 201);
INSERT INTO PEDIDO VALUES (527, 30, 260, 209);
INSERT INTO ITEMPED VALUES (527, 22, 244);
INSERT INTO ITEMPED VALUES (527, 25, 214);
INSERT INTO ITEMPED VALUES (527, 31, 275);
INSERT INTO ITEMPED VALUES (527, 45, 109);
INSERT INTO ITEMPED VALUES (527, 53, 42);
INSERT INTO PEDIDO VALUES (528, 60, 830, 310);
INSERT INTO ITEMPED VALUES (528, 45, 189);
INSERT INTO PEDIDO VALUES (529, 20, 180, 240);
INSERT INTO ITEMPED VALUES (529, 13, 265);
INSERT INTO ITEMPED VALUES (529, 22, 170);
INSERT INTO ITEMPED VALUES (529, 25, 285);
INSERT INTO ITEMPED VALUES (529, 31, 149);
INSERT INTO PEDIDO VALUES (530, 45, 260, 213);
INSERT INTO ITEMPED VALUES (530, 22, 168);
INSERT INTO ITEMPED VALUES (530, 25, 278);
INSERT INTO ITEMPED VALUES (530, 31, 133);
INSERT INTO ITEMPED VALUES (530, 45, 159);
INSERT INTO PEDIDO VALUES (531, 20, 720, 11);
INSERT INTO ITEMPED VALUES (531, 25, 80);
INSERT INTO ITEMPED VALUES (531, 31, 223);
INSERT INTO ITEMPED VALUES (531, 45, 170);
INSERT INTO ITEMPED VALUES (531, 53, 166);
INSERT INTO ITEMPED VALUES (531, 77, 46);
INSERT INTO ITEMPED VALUES (531, 78, 75);
INSERT INTO PEDIDO VALUES (532, 60, 110, 720);
INSERT INTO ITEMPED VALUES (532, 22, 147);
INSERT INTO ITEMPED VALUES (532, 25, 130);
INSERT INTO PEDIDO VALUES (533, 30, 720, 240);
INSERT INTO ITEMPED VALUES (533, 31, 242);
INSERT INTO ITEMPED VALUES (533, 45, 6);
INSERT INTO PEDIDO VALUES (534, 20, 390, 250);
INSERT INTO ITEMPED VALUES (534, 22, 136);
INSERT INTO ITEMPED VALUES (534, 25, 129);
INSERT INTO ITEMPED VALUES (534, 31, 41);
INSERT INTO PEDIDO VALUES (535, 10, 290, 720);
INSERT INTO ITEMPED VALUES (535, 31, 99);
INSERT INTO PEDIDO VALUES (536, 60, 110, 111);
INSERT INTO ITEMPED VALUES (536, 13, 153);
INSERT INTO ITEMPED VALUES (536, 22, 267);
INSERT INTO ITEMPED VALUES (536, 25, 141);
INSERT INTO ITEMPED VALUES (536, 31, 261);
INSERT INTO ITEMPED VALUES (536, 45, 252);
INSERT INTO ITEMPED VALUES (536, 53, 219);
INSERT INTO PEDIDO VALUES (537, 45, 390, 310);
INSERT INTO ITEMPED VALUES (537, 22, 119);
INSERT INTO ITEMPED VALUES (537, 25, 39);
INSERT INTO PEDIDO VALUES (538, 60, 830, 250);
INSERT INTO ITEMPED VALUES (538, 31, 140);
INSERT INTO ITEMPED VALUES (538, 45, 232);
INSERT INTO ITEMPED VALUES (538, 53, 253);
INSERT INTO PEDIDO VALUES (539, 45, 20, 720);
INSERT INTO ITEMPED VALUES (539, 13, 215);
INSERT INTO ITEMPED VALUES (539, 22, 216);
INSERT INTO ITEMPED VALUES (539, 25, 232);
INSERT INTO ITEMPED VALUES (539, 31, 263);
INSERT INTO PEDIDO VALUES (540, 60, 830, 213);
INSERT INTO ITEMPED VALUES (540, 31, 110);
INSERT INTO ITEMPED VALUES (540, 45, 298);
INSERT INTO ITEMPED VALUES (540, 53, 153);
INSERT INTO ITEMPED VALUES (540, 77, 22);
INSERT INTO ITEMPED VALUES (540, 78, 299);
INSERT INTO ITEMPED VALUES (540, 13, 199);
INSERT INTO PEDIDO VALUES (541, 10, 180, 250);
INSERT INTO ITEMPED VALUES (541, 78, 173);
INSERT INTO ITEMPED VALUES (541, 13, 134);
INSERT INTO ITEMPED VALUES (541, 22, 223);
INSERT INTO ITEMPED VALUES (541, 25, 268);
INSERT INTO ITEMPED VALUES (541, 31, 41);
INSERT INTO ITEMPED VALUES (541, 45, 12);
INSERT INTO PEDIDO VALUES (542, 30, 870, 11);
INSERT INTO ITEMPED VALUES (542, 13, 7);
INSERT INTO ITEMPED VALUES (542, 22, 116);
INSERT INTO ITEMPED VALUES (542, 25, 89);
INSERT INTO PEDIDO VALUES (543, 60, 290, 720);
INSERT INTO ITEMPED VALUES (543, 78, 87);
INSERT INTO PEDIDO VALUES (544, 10, 20, 213);
INSERT INTO ITEMPED VALUES (544, 45, 166);
INSERT INTO PEDIDO VALUES (545, 45, 830, 720);
INSERT INTO ITEMPED VALUES (545, 78, 6);
INSERT INTO PEDIDO VALUES (546, 20, 260, 240);
INSERT INTO ITEMPED VALUES (546, 77, 127);
INSERT INTO ITEMPED VALUES (546, 78, 34);
INSERT INTO ITEMPED VALUES (546, 13, 186);
INSERT INTO PEDIDO VALUES (547, 10, 410, 101);
INSERT INTO ITEMPED VALUES (547, 13, 98);
INSERT INTO ITEMPED VALUES (547, 22, 206);
INSERT INTO ITEMPED VALUES (547, 25, 38);
INSERT INTO ITEMPED VALUES (547, 31, 97);
INSERT INTO ITEMPED VALUES (547, 45, 103);
INSERT INTO PEDIDO VALUES (548, 60, 260, 111);
INSERT INTO ITEMPED VALUES (548, 77, 231);
INSERT INTO ITEMPED VALUES (548, 78, 125);
INSERT INTO PEDIDO VALUES (549, 45, 20, 250);
INSERT INTO ITEMPED VALUES (549, 78, 204);
INSERT INTO ITEMPED VALUES (549, 13, 151);
INSERT INTO ITEMPED VALUES (549, 22, 252);
INSERT INTO PEDIDO VALUES (550, 30, 410, 310);
INSERT INTO ITEMPED VALUES (550, 25, 119);
INSERT INTO ITEMPED VALUES (550, 31, 119);
INSERT INTO ITEMPED VALUES (550, 45, 282);
INSERT INTO ITEMPED VALUES (550, 53, 70);
INSERT INTO ITEMPED VALUES (550, 77, 199);
INSERT INTO ITEMPED VALUES (550, 78, 294);
INSERT INTO PEDIDO VALUES (551, 10, 720, 213);
INSERT INTO ITEMPED VALUES (551, 78, 252);
INSERT INTO PEDIDO VALUES (552, 30, 410, 720);
INSERT INTO ITEMPED VALUES (552, 13, 44);
INSERT INTO ITEMPED VALUES (552, 22, 265);
INSERT INTO PEDIDO VALUES (553, 10, 20, 11);
INSERT INTO ITEMPED VALUES (553, 53, 278);
INSERT INTO ITEMPED VALUES (553, 77, 56);
INSERT INTO ITEMPED VALUES (553, 78, 133);
INSERT INTO ITEMPED VALUES (553, 13, 257);
INSERT INTO ITEMPED VALUES (553, 22, 4);
INSERT INTO PEDIDO VALUES (554, 30, 390, 240);
INSERT INTO ITEMPED VALUES (554, 25, 97);
INSERT INTO PEDIDO VALUES (555, 20, 410, 11);
INSERT INTO ITEMPED VALUES (555, 78, 158);
INSERT INTO ITEMPED VALUES (555, 13, 23);
INSERT INTO PEDIDO VALUES (556, 45, 180, 209);
INSERT INTO ITEMPED VALUES (556, 53, 239);
INSERT INTO ITEMPED VALUES (556, 77, 196);
INSERT INTO ITEMPED VALUES (556, 78, 83);
INSERT INTO ITEMPED VALUES (556, 13, 181);
INSERT INTO ITEMPED VALUES (556, 22, 81);
INSERT INTO ITEMPED VALUES (556, 25, 192);
INSERT INTO PEDIDO VALUES (557, 10, 390, 310);
INSERT INTO ITEMPED VALUES (557, 22, 243);
INSERT INTO ITEMPED VALUES (557, 25, 125);
INSERT INTO ITEMPED VALUES (557, 31, 291);
INSERT INTO PEDIDO VALUES (558, 45, 720, 250);
INSERT INTO ITEMPED VALUES (558, 45, 112);
INSERT INTO ITEMPED VALUES (558, 53, 193);
INSERT INTO ITEMPED VALUES (558, 77, 12);
INSERT INTO PEDIDO VALUES (559, 10, 390, 310);
INSERT INTO ITEMPED VALUES (559, 25, 85);
INSERT INTO ITEMPED VALUES (559, 31, 18);
INSERT INTO ITEMPED VALUES (559, 45, 302);
INSERT INTO PEDIDO VALUES (560, 60, 260, 240);
INSERT INTO ITEMPED VALUES (560, 77, 113);
INSERT INTO PEDIDO VALUES (561, 20, 830, 213);
INSERT INTO ITEMPED VALUES (561, 13, 43);
INSERT INTO ITEMPED VALUES (561, 22, 100);
INSERT INTO ITEMPED VALUES (561, 25, 141);
INSERT INTO ITEMPED VALUES (561, 31, 163);
INSERT INTO ITEMPED VALUES (561, 45, 97);
INSERT INTO PEDIDO VALUES (562, 30, 871, 720);
INSERT INTO ITEMPED VALUES (562, 25, 249);
INSERT INTO ITEMPED VALUES (562, 31, 295);
INSERT INTO ITEMPED VALUES (562, 45, 202);
INSERT INTO PEDIDO VALUES (563, 45, 830, 111);
INSERT INTO ITEMPED VALUES (563, 45, 101);
INSERT INTO PEDIDO VALUES (564, 60, 720, 101);
INSERT INTO ITEMPED VALUES (564, 22, 171);
INSERT INTO ITEMPED VALUES (564, 25, 150);
INSERT INTO ITEMPED VALUES (564, 31, 34);
INSERT INTO PEDIDO VALUES (565, 45, 410, 720);
INSERT INTO ITEMPED VALUES (565, 77, 161);
INSERT INTO PEDIDO VALUES (566, 60, 830, 101);
INSERT INTO ITEMPED VALUES (566, 53, 69);
INSERT INTO ITEMPED VALUES (566, 77, 94);
INSERT INTO PEDIDO VALUES (567, 20, 410, 240);
INSERT INTO ITEMPED VALUES (567, 13, 131);
INSERT INTO ITEMPED VALUES (567, 22, 279);
INSERT INTO PEDIDO VALUES (568, 10, 720, 209);
INSERT INTO ITEMPED VALUES (568, 45, 206);
INSERT INTO ITEMPED VALUES (568, 53, 34);
INSERT INTO ITEMPED VALUES (568, 77, 134);
INSERT INTO ITEMPED VALUES (568, 78, 33);
INSERT INTO ITEMPED VALUES (568, 13, 301);
INSERT INTO PEDIDO VALUES (569, 30, 110, 250);
INSERT INTO ITEMPED VALUES (569, 78, 136);
INSERT INTO ITEMPED VALUES (569, 13, 34);
INSERT INTO PEDIDO VALUES (570, 60, 410, 11);
INSERT INTO ITEMPED VALUES (570, 31, 110);
INSERT INTO ITEMPED VALUES (570, 45, 120);
INSERT INTO ITEMPED VALUES (570, 53, 146);
INSERT INTO ITEMPED VALUES (570, 77, 177);
INSERT INTO ITEMPED VALUES (570, 78, 20);
INSERT INTO PEDIDO VALUES (571, 20, 830, 213);
INSERT INTO ITEMPED VALUES (571, 25, 127);
INSERT INTO ITEMPED VALUES (571, 31, 212);
INSERT INTO ITEMPED VALUES (571, 45, 13);
INSERT INTO ITEMPED VALUES (571, 53, 133);
INSERT INTO PEDIDO VALUES (572, 45, 260, 101);
INSERT INTO ITEMPED VALUES (572, 78, 256);
INSERT INTO ITEMPED VALUES (572, 13, 158);
INSERT INTO PEDIDO VALUES (573, 60, 870, 11);
INSERT INTO ITEMPED VALUES (573, 25, 7);
INSERT INTO PEDIDO VALUES (574, 10, 830, 240);
INSERT INTO ITEMPED VALUES (574, 13, 125);
INSERT INTO ITEMPED VALUES (574, 22, 218);
INSERT INTO ITEMPED VALUES (574, 25, 273);
INSERT INTO ITEMPED VALUES (574, 31, 155);
INSERT INTO PEDIDO VALUES (575, 20, 260, 310);
INSERT INTO ITEMPED VALUES (575, 77, 38);
INSERT INTO ITEMPED VALUES (575, 78, 237);
INSERT INTO ITEMPED VALUES (575, 13, 267);
INSERT INTO ITEMPED VALUES (575, 22, 62);
INSERT INTO ITEMPED VALUES (575, 25, 10);
INSERT INTO ITEMPED VALUES (575, 31, 230);
INSERT INTO PEDIDO VALUES (576, 45, 180, 111);
INSERT INTO ITEMPED VALUES (576, 45, 39);
INSERT INTO ITEMPED VALUES (576, 53, 301);
INSERT INTO ITEMPED VALUES (576, 77, 18);
INSERT INTO ITEMPED VALUES (576, 78, 147);
INSERT INTO ITEMPED VALUES (576, 13, 227);
INSERT INTO ITEMPED VALUES (576, 22, 36);
INSERT INTO PEDIDO VALUES (577, 10, 871, 209);
INSERT INTO ITEMPED VALUES (577, 25, 46);
INSERT INTO ITEMPED VALUES (577, 31, 252);
INSERT INTO ITEMPED VALUES (577, 45, 294);
INSERT INTO ITEMPED VALUES (577, 53, 172);
INSERT INTO ITEMPED VALUES (577, 77, 203);
INSERT INTO ITEMPED VALUES (577, 78, 107);
INSERT INTO PEDIDO VALUES (578, 20, 390, 111);
INSERT INTO ITEMPED VALUES (578, 13, 90);
INSERT INTO ITEMPED VALUES (578, 22, 245);
INSERT INTO ITEMPED VALUES (578, 25, 265);
INSERT INTO ITEMPED VALUES (578, 31, 263);
INSERT INTO ITEMPED VALUES (578, 45, 143);
INSERT INTO ITEMPED VALUES (578, 53, 25);
INSERT INTO PEDIDO VALUES (579, 60, 720, 250);
INSERT INTO ITEMPED VALUES (579, 78, 187);
INSERT INTO ITEMPED VALUES (579, 13, 299);
INSERT INTO ITEMPED VALUES (579, 22, 179);
INSERT INTO ITEMPED VALUES (579, 25, 153);
INSERT INTO ITEMPED VALUES (579, 31, 221);
INSERT INTO PEDIDO VALUES (580, 20, 410, 11);
INSERT INTO ITEMPED VALUES (580, 13, 47);
INSERT INTO PEDIDO VALUES (581, 60, 20, 240);
INSERT INTO ITEMPED VALUES (581, 45, 166);
INSERT INTO ITEMPED VALUES (581, 53, 51);
INSERT INTO ITEMPED VALUES (581, 77, 197);
INSERT INTO ITEMPED VALUES (581, 78, 100);
INSERT INTO ITEMPED VALUES (581, 13, 126);
INSERT INTO PEDIDO VALUES (582, 20, 110, 720);
INSERT INTO ITEMPED VALUES (582, 25, 296);
INSERT INTO ITEMPED VALUES (582, 31, 202);
INSERT INTO PEDIDO VALUES (583, 30, 260, 101);
INSERT INTO ITEMPED VALUES (583, 31, 250);
INSERT INTO PEDIDO VALUES (584, 10, 110, 209);
INSERT INTO ITEMPED VALUES (584, 25, 112);
INSERT INTO ITEMPED VALUES (584, 31, 84);
INSERT INTO PEDIDO VALUES (585, 60, 410, 213);
INSERT INTO ITEMPED VALUES (585, 13, 170);
INSERT INTO ITEMPED VALUES (585, 22, 88);
INSERT INTO ITEMPED VALUES (585, 25, 4);
INSERT INTO PEDIDO VALUES (586, 45, 870, 310);
INSERT INTO ITEMPED VALUES (586, 45, 293);
INSERT INTO ITEMPED VALUES (586, 53, 123);
INSERT INTO ITEMPED VALUES (586, 77, 134);
INSERT INTO ITEMPED VALUES (586, 78, 46);
INSERT INTO ITEMPED VALUES (586, 13, 46);
INSERT INTO PEDIDO VALUES (587, 10, 830, 720);
INSERT INTO ITEMPED VALUES (587, 77, 153);
INSERT INTO ITEMPED VALUES (587, 78, 238);
INSERT INTO ITEMPED VALUES (587, 13, 177);
INSERT INTO ITEMPED VALUES (587, 22, 61);
INSERT INTO ITEMPED VALUES (587, 25, 185);
INSERT INTO ITEMPED VALUES (587, 31, 238);
INSERT INTO PEDIDO VALUES (588, 45, 870, 11);
INSERT INTO ITEMPED VALUES (588, 45, 178);
INSERT INTO PEDIDO VALUES (589, 10, 110, 111);
INSERT INTO ITEMPED VALUES (589, 78, 222);
INSERT INTO ITEMPED VALUES (589, 13, 29);
INSERT INTO ITEMPED VALUES (589, 22, 67);
INSERT INTO ITEMPED VALUES (589, 25, 110);
INSERT INTO ITEMPED VALUES (589, 31, 39);
INSERT INTO PEDIDO VALUES (590, 60, 870, 720);
INSERT INTO ITEMPED VALUES (590, 25, 86);
INSERT INTO PEDIDO VALUES (591, 10, 20, 240);
INSERT INTO ITEMPED VALUES (591, 22, 106);
INSERT INTO ITEMPED VALUES (591, 25, 223);
INSERT INTO ITEMPED VALUES (591, 31, 246);
INSERT INTO ITEMPED VALUES (591, 45, 84);
INSERT INTO PEDIDO VALUES (592, 30, 410, 11);
INSERT INTO ITEMPED VALUES (592, 78, 125);
INSERT INTO ITEMPED VALUES (592, 13, 135);
INSERT INTO ITEMPED VALUES (592, 22, 177);
INSERT INTO PEDIDO VALUES (593, 10, 180, 250);
INSERT INTO ITEMPED VALUES (593, 77, 131);
INSERT INTO ITEMPED VALUES (593, 78, 179);
INSERT INTO ITEMPED VALUES (593, 13, 92);
INSERT INTO PEDIDO VALUES (594, 60, 720, 11);
INSERT INTO ITEMPED VALUES (594, 22, 21);
INSERT INTO ITEMPED VALUES (594, 25, 287);
INSERT INTO PEDIDO VALUES (595, 10, 260, 250);
INSERT INTO ITEMPED VALUES (595, 77, 194);
INSERT INTO ITEMPED VALUES (595, 78, 254);
INSERT INTO ITEMPED VALUES (595, 13, 222);
INSERT INTO ITEMPED VALUES (595, 22, 286);
INSERT INTO ITEMPED VALUES (595, 25, 93);
INSERT INTO PEDIDO VALUES (596, 20, 180, 11);
INSERT INTO ITEMPED VALUES (596, 31, 127);
INSERT INTO ITEMPED VALUES (596, 45, 167);
INSERT INTO ITEMPED VALUES (596, 53, 270);
INSERT INTO ITEMPED VALUES (596, 77, 253);
INSERT INTO PEDIDO VALUES (597, 30, 410, 213);
INSERT INTO ITEMPED VALUES (597, 45, 168);
INSERT INTO ITEMPED VALUES (597, 53, 82);
INSERT INTO ITEMPED VALUES (597, 77, 105);
INSERT INTO PEDIDO VALUES (598, 10, 20, 11);
INSERT INTO ITEMPED VALUES (598, 53, 282);
INSERT INTO ITEMPED VALUES (598, 77, 133);
INSERT INTO ITEMPED VALUES (598, 78, 198);
INSERT INTO PEDIDO VALUES (599, 20, 830, 240);
INSERT INTO ITEMPED VALUES (599, 22, 52);
INSERT INTO ITEMPED VALUES (599, 25, 141);
INSERT INTO ITEMPED VALUES (599, 31, 26);
INSERT INTO ITEMPED VALUES (599, 45, 282);
INSERT INTO ITEMPED VALUES (599, 53, 101);
INSERT INTO ITEMPED VALUES (599, 77, 30);
INSERT INTO PEDIDO VALUES (600, 45, 871, 310);
INSERT INTO ITEMPED VALUES (600, 78, 143);
INSERT INTO ITEMPED VALUES (600, 13, 52);
INSERT INTO PEDIDO VALUES (601, 20, 20, 209);
INSERT INTO ITEMPED VALUES (601, 53, 33);
INSERT INTO ITEMPED VALUES (601, 77, 138);
INSERT INTO ITEMPED VALUES (601, 78, 176);
INSERT INTO PEDIDO VALUES (602, 10, 720, 11);
INSERT INTO ITEMPED VALUES (602, 22, 221);
INSERT INTO ITEMPED VALUES (602, 25, 174);
INSERT INTO ITEMPED VALUES (602, 31, 111);
INSERT INTO ITEMPED VALUES (602, 45, 178);
INSERT INTO ITEMPED VALUES (602, 53, 45);
INSERT INTO ITEMPED VALUES (602, 77, 144);
INSERT INTO PEDIDO VALUES (603, 30, 20, 240);
INSERT INTO ITEMPED VALUES (603, 13, 260);
INSERT INTO ITEMPED VALUES (603, 22, 254);
INSERT INTO ITEMPED VALUES (603, 25, 157);
INSERT INTO ITEMPED VALUES (603, 31, 38);
INSERT INTO PEDIDO VALUES (604, 20, 410, 11);
INSERT INTO ITEMPED VALUES (604, 53, 294);
INSERT INTO ITEMPED VALUES (604, 77, 12);
INSERT INTO ITEMPED VALUES (604, 78, 12);
INSERT INTO ITEMPED VALUES (604, 13, 122);
INSERT INTO ITEMPED VALUES (604, 22, 236);
INSERT INTO PEDIDO VALUES (605, 45, 290, 250);
INSERT INTO ITEMPED VALUES (605, 13, 86);
INSERT INTO ITEMPED VALUES (605, 22, 137);
INSERT INTO ITEMPED VALUES (605, 25, 192);
INSERT INTO PEDIDO VALUES (606, 60, 871, 240);
INSERT INTO ITEMPED VALUES (606, 22, 227);
INSERT INTO ITEMPED VALUES (606, 25, 221);
INSERT INTO ITEMPED VALUES (606, 31, 298);
INSERT INTO ITEMPED VALUES (606, 45, 174);
INSERT INTO PEDIDO VALUES (607, 45, 870, 310);
INSERT INTO ITEMPED VALUES (607, 78, 46);
INSERT INTO ITEMPED VALUES (607, 13, 231);
INSERT INTO ITEMPED VALUES (607, 22, 274);
INSERT INTO PEDIDO VALUES (608, 20, 110, 250);
INSERT INTO ITEMPED VALUES (608, 77, 144);
INSERT INTO ITEMPED VALUES (608, 78, 12);
INSERT INTO PEDIDO VALUES (609, 30, 410, 209);
INSERT INTO ITEMPED VALUES (609, 31, 71);
INSERT INTO PEDIDO VALUES (610, 10, 830, 240);
INSERT INTO ITEMPED VALUES (610, 77, 119);
INSERT INTO PEDIDO VALUES (611, 20, 720, 111);
INSERT INTO ITEMPED VALUES (611, 25, 193);
INSERT INTO ITEMPED VALUES (611, 31, 241);
INSERT INTO PEDIDO VALUES (612, 45, 870, 310);
INSERT INTO ITEMPED VALUES (612, 45, 67);
INSERT INTO ITEMPED VALUES (612, 53, 139);
INSERT INTO ITEMPED VALUES (612, 77, 62);
INSERT INTO PEDIDO VALUES (613, 30, 110, 11);
INSERT INTO ITEMPED VALUES (613, 25, 148);
INSERT INTO ITEMPED VALUES (613, 31, 264);
INSERT INTO ITEMPED VALUES (613, 45, 59);
INSERT INTO ITEMPED VALUES (613, 53, 112);
INSERT INTO PEDIDO VALUES (614, 45, 260, 240);
INSERT INTO ITEMPED VALUES (614, 45, 182);
INSERT INTO ITEMPED VALUES (614, 53, 224);
INSERT INTO ITEMPED VALUES (614, 77, 142);
INSERT INTO ITEMPED VALUES (614, 78, 14);
INSERT INTO ITEMPED VALUES (614, 13, 198);
INSERT INTO PEDIDO VALUES (615, 60, 720, 310);
INSERT INTO ITEMPED VALUES (615, 25, 127);
INSERT INTO ITEMPED VALUES (615, 31, 258);
INSERT INTO ITEMPED VALUES (615, 45, 269);
INSERT INTO ITEMPED VALUES (615, 53, 45);
INSERT INTO PEDIDO VALUES (616, 10, 260, 213);
INSERT INTO ITEMPED VALUES (616, 77, 147);
INSERT INTO ITEMPED VALUES (616, 78, 144);
INSERT INTO PEDIDO VALUES (617, 45, 410, 111);
INSERT INTO ITEMPED VALUES (617, 13, 84);
INSERT INTO ITEMPED VALUES (617, 22, 214);
INSERT INTO ITEMPED VALUES (617, 25, 157);
INSERT INTO ITEMPED VALUES (617, 31, 188);
INSERT INTO PEDIDO VALUES (618, 20, 390, 101);
INSERT INTO ITEMPED VALUES (618, 53, 146);
INSERT INTO ITEMPED VALUES (618, 77, 61);
INSERT INTO ITEMPED VALUES (618, 78, 39);
INSERT INTO ITEMPED VALUES (618, 13, 10);
INSERT INTO PEDIDO VALUES (619, 60, 870, 213);
INSERT INTO ITEMPED VALUES (619, 13, 179);
INSERT INTO ITEMPED VALUES (619, 22, 81);
INSERT INTO ITEMPED VALUES (619, 25, 248);
INSERT INTO ITEMPED VALUES (619, 31, 121);
INSERT INTO ITEMPED VALUES (619, 45, 67);
INSERT INTO ITEMPED VALUES (619, 53, 91);
INSERT INTO PEDIDO VALUES (620, 20, 110, 11);
INSERT INTO ITEMPED VALUES (620, 31, 157);
INSERT INTO ITEMPED VALUES (620, 45, 91);
INSERT INTO ITEMPED VALUES (620, 53, 286);
INSERT INTO ITEMPED VALUES (620, 77, 187);
INSERT INTO ITEMPED VALUES (620, 78, 276);
INSERT INTO ITEMPED VALUES (620, 13, 78);
INSERT INTO PEDIDO VALUES (621, 60, 720, 250);
INSERT INTO ITEMPED VALUES (621, 53, 172);
INSERT INTO ITEMPED VALUES (621, 77, 211);
INSERT INTO ITEMPED VALUES (621, 78, 206);
INSERT INTO PEDIDO VALUES (622, 30, 260, 720);
INSERT INTO ITEMPED VALUES (622, 78, 227);
INSERT INTO ITEMPED VALUES (622, 13, 104);
INSERT INTO PEDIDO VALUES (623, 60, 720, 213);
INSERT INTO ITEMPED VALUES (623, 31, 186);
INSERT INTO ITEMPED VALUES (623, 45, 26);
INSERT INTO ITEMPED VALUES (623, 53, 190);
INSERT INTO ITEMPED VALUES (623, 77, 283);
INSERT INTO ITEMPED VALUES (623, 78, 186);
INSERT INTO PEDIDO VALUES (624, 20, 390, 111);
INSERT INTO ITEMPED VALUES (624, 45, 231);
INSERT INTO PEDIDO VALUES (625, 45, 290, 213);
INSERT INTO ITEMPED VALUES (625, 31, 298);
INSERT INTO PEDIDO VALUES (626, 30, 260, 11);
INSERT INTO ITEMPED VALUES (626, 77, 99);
INSERT INTO ITEMPED VALUES (626, 78, 223);
INSERT INTO ITEMPED VALUES (626, 13, 26);
INSERT INTO ITEMPED VALUES (626, 22, 275);
INSERT INTO PEDIDO VALUES (627, 45, 870, 213);
INSERT INTO ITEMPED VALUES (627, 13, 253);
INSERT INTO ITEMPED VALUES (627, 22, 284);
INSERT INTO ITEMPED VALUES (627, 25, 231);
INSERT INTO ITEMPED VALUES (627, 31, 162);
INSERT INTO ITEMPED VALUES (627, 45, 153);
INSERT INTO ITEMPED VALUES (627, 53, 180);
INSERT INTO PEDIDO VALUES (628, 10, 410, 11);
INSERT INTO ITEMPED VALUES (628, 25, 30);
INSERT INTO ITEMPED VALUES (628, 31, 129);
INSERT INTO ITEMPED VALUES (628, 45, 33);
INSERT INTO ITEMPED VALUES (628, 53, 112);
INSERT INTO PEDIDO VALUES (629, 30, 871, 213);
INSERT INTO ITEMPED VALUES (629, 31, 100);
INSERT INTO ITEMPED VALUES (629, 45, 284);
INSERT INTO ITEMPED VALUES (629, 53, 93);
INSERT INTO PEDIDO VALUES (630, 10, 260, 101);
INSERT INTO ITEMPED VALUES (630, 53, 40);
INSERT INTO ITEMPED VALUES (630, 77, 210);
INSERT INTO ITEMPED VALUES (630, 78, 8);
INSERT INTO PEDIDO VALUES (631, 30, 180, 111);
INSERT INTO ITEMPED VALUES (631, 77, 180);
INSERT INTO ITEMPED VALUES (631, 78, 4);
INSERT INTO PEDIDO VALUES (632, 45, 720, 213);
INSERT INTO ITEMPED VALUES (632, 13, 175);
INSERT INTO ITEMPED VALUES (632, 22, 102);
INSERT INTO ITEMPED VALUES (632, 25, 90);
INSERT INTO PEDIDO VALUES (633, 10, 871, 111);
INSERT INTO ITEMPED VALUES (633, 78, 47);
INSERT INTO ITEMPED VALUES (633, 13, 253);
INSERT INTO ITEMPED VALUES (633, 22, 7);
INSERT INTO PEDIDO VALUES (634, 20, 830, 310);
INSERT INTO ITEMPED VALUES (634, 31, 251);
INSERT INTO ITEMPED VALUES (634, 45, 210);
INSERT INTO PEDIDO VALUES (635, 30, 180, 250);
INSERT INTO ITEMPED VALUES (635, 22, 94);
INSERT INTO ITEMPED VALUES (635, 25, 203);
INSERT INTO ITEMPED VALUES (635, 31, 151);
INSERT INTO PEDIDO VALUES (636, 45, 871, 240);
INSERT INTO ITEMPED VALUES (636, 25, 82);
INSERT INTO ITEMPED VALUES (636, 31, 218);
INSERT INTO ITEMPED VALUES (636, 45, 198);
INSERT INTO ITEMPED VALUES (636, 53, 276);
INSERT INTO ITEMPED VALUES (636, 77, 214);
INSERT INTO ITEMPED VALUES (636, 78, 6);
INSERT INTO PEDIDO VALUES (637, 10, 260, 11);
INSERT INTO ITEMPED VALUES (637, 13, 120);
INSERT INTO ITEMPED VALUES (637, 22, 212);
INSERT INTO ITEMPED VALUES (637, 25, 13);
INSERT INTO ITEMPED VALUES (637, 31, 191);
INSERT INTO ITEMPED VALUES (637, 45, 195);
INSERT INTO PEDIDO VALUES (638, 30, 110, 240);
INSERT INTO ITEMPED VALUES (638, 45, 292);
INSERT INTO ITEMPED VALUES (638, 53, 244);
INSERT INTO ITEMPED VALUES (638, 77, 50);
INSERT INTO ITEMPED VALUES (638, 78, 125);
INSERT INTO PEDIDO VALUES (639, 60, 870, 213);
INSERT INTO ITEMPED VALUES (639, 25, 276);
INSERT INTO ITEMPED VALUES (639, 31, 20);
INSERT INTO PEDIDO VALUES (640, 45, 871, 240);
INSERT INTO ITEMPED VALUES (640, 22, 279);
INSERT INTO PEDIDO VALUES (641, 20, 410, 11);
INSERT INTO ITEMPED VALUES (641, 13, 18);
INSERT INTO ITEMPED VALUES (641, 22, 276);
INSERT INTO ITEMPED VALUES (641, 25, 207);
INSERT INTO PEDIDO VALUES (642, 30, 20, 209);
INSERT INTO ITEMPED VALUES (642, 78, 278);
INSERT INTO PEDIDO VALUES (643, 45, 290, 310);
INSERT INTO ITEMPED VALUES (643, 31, 242);
INSERT INTO PEDIDO VALUES (644, 20, 871, 213);
INSERT INTO ITEMPED VALUES (644, 53, 65);
INSERT INTO ITEMPED VALUES (644, 77, 95);
INSERT INTO ITEMPED VALUES (644, 78, 152);
INSERT INTO ITEMPED VALUES (644, 13, 236);
INSERT INTO ITEMPED VALUES (644, 22, 267);
INSERT INTO PEDIDO VALUES (645, 30, 290, 111);
INSERT INTO ITEMPED VALUES (645, 25, 16);
INSERT INTO ITEMPED VALUES (645, 31, 35);
INSERT INTO ITEMPED VALUES (645, 45, 134);
INSERT INTO ITEMPED VALUES (645, 53, 201);
INSERT INTO ITEMPED VALUES (645, 77, 186);
INSERT INTO ITEMPED VALUES (645, 78, 132);
INSERT INTO PEDIDO VALUES (646, 20, 830, 240);
INSERT INTO ITEMPED VALUES (646, 77, 112);
INSERT INTO ITEMPED VALUES (646, 78, 297);
INSERT INTO ITEMPED VALUES (646, 13, 33);
INSERT INTO ITEMPED VALUES (646, 22, 233);
INSERT INTO PEDIDO VALUES (647, 45, 110, 209);
INSERT INTO ITEMPED VALUES (647, 25, 14);
INSERT INTO PEDIDO VALUES (648, 20, 410, 240);
INSERT INTO ITEMPED VALUES (648, 31, 259);
INSERT INTO ITEMPED VALUES (648, 45, 152);
INSERT INTO PEDIDO VALUES (649, 45, 180, 11);
INSERT INTO ITEMPED VALUES (649, 25, 33);
INSERT INTO ITEMPED VALUES (649, 31, 21);
INSERT INTO ITEMPED VALUES (649, 45, 130);
INSERT INTO ITEMPED VALUES (649, 53, 222);
INSERT INTO ITEMPED VALUES (649, 77, 207);
INSERT INTO PEDIDO VALUES (650, 10, 260, 720);
INSERT INTO ITEMPED VALUES (650, 78, 16);
INSERT INTO ITEMPED VALUES (650, 13, 171);
INSERT INTO ITEMPED VALUES (650, 22, 104);
INSERT INTO ITEMPED VALUES (650, 25, 241);
INSERT INTO ITEMPED VALUES (650, 31, 176);
INSERT INTO PEDIDO VALUES (651, 45, 180, 240);
INSERT INTO ITEMPED VALUES (651, 22, 82);
INSERT INTO ITEMPED VALUES (651, 25, 173);
INSERT INTO ITEMPED VALUES (651, 31, 184);
INSERT INTO ITEMPED VALUES (651, 45, 38);
INSERT INTO ITEMPED VALUES (651, 53, 146);
INSERT INTO PEDIDO VALUES (652, 30, 870, 11);
INSERT INTO ITEMPED VALUES (652, 78, 28);
INSERT INTO ITEMPED VALUES (652, 13, 187);
INSERT INTO ITEMPED VALUES (652, 22, 103);
INSERT INTO PEDIDO VALUES (653, 20, 290, 720);
INSERT INTO ITEMPED VALUES (653, 31, 237);
INSERT INTO ITEMPED VALUES (653, 45, 280);
INSERT INTO PEDIDO VALUES (654, 45, 180, 310);
INSERT INTO ITEMPED VALUES (654, 77, 93);
INSERT INTO PEDIDO VALUES (655, 30, 260, 11);
INSERT INTO ITEMPED VALUES (655, 31, 154);
INSERT INTO ITEMPED VALUES (655, 45, 40);
INSERT INTO ITEMPED VALUES (655, 53, 95);
INSERT INTO PEDIDO VALUES (656, 60, 870, 111);
INSERT INTO ITEMPED VALUES (656, 25, 148);
INSERT INTO PEDIDO VALUES (657, 20, 390, 101);
INSERT INTO ITEMPED VALUES (657, 13, 182);
INSERT INTO ITEMPED VALUES (657, 22, 63);
INSERT INTO ITEMPED VALUES (657, 25, 207);
INSERT INTO ITEMPED VALUES (657, 31, 33);
INSERT INTO ITEMPED VALUES (657, 45, 81);
INSERT INTO ITEMPED VALUES (657, 53, 228);
INSERT INTO PEDIDO VALUES (658, 10, 871, 310);
INSERT INTO ITEMPED VALUES (658, 78, 259);
INSERT INTO ITEMPED VALUES (658, 13, 130);
INSERT INTO ITEMPED VALUES (658, 22, 201);
INSERT INTO ITEMPED VALUES (658, 25, 68);
INSERT INTO ITEMPED VALUES (658, 31, 98);
INSERT INTO ITEMPED VALUES (658, 45, 212);
INSERT INTO PEDIDO VALUES (659, 60, 20, 111);
INSERT INTO ITEMPED VALUES (659, 31, 79);
INSERT INTO ITEMPED VALUES (659, 45, 34);
INSERT INTO ITEMPED VALUES (659, 53, 302);
INSERT INTO ITEMPED VALUES (659, 77, 270);
INSERT INTO ITEMPED VALUES (659, 78, 40);
INSERT INTO ITEMPED VALUES (659, 13, 137);
INSERT INTO PEDIDO VALUES (660, 10, 290, 209);
INSERT INTO ITEMPED VALUES (660, 77, 22);
INSERT INTO ITEMPED VALUES (660, 78, 106);
INSERT INTO ITEMPED VALUES (660, 13, 103);
INSERT INTO PEDIDO VALUES (661, 45, 410, 720);
INSERT INTO ITEMPED VALUES (661, 31, 85);
INSERT INTO PEDIDO VALUES (662, 30, 180, 310);
INSERT INTO ITEMPED VALUES (662, 45, 172);
INSERT INTO ITEMPED VALUES (662, 53, 220);
INSERT INTO ITEMPED VALUES (662, 77, 120);
INSERT INTO ITEMPED VALUES (662, 78, 163);
INSERT INTO ITEMPED VALUES (662, 13, 192);
INSERT INTO ITEMPED VALUES (662, 22, 280);
INSERT INTO PEDIDO VALUES (663, 20, 720, 720);
INSERT INTO ITEMPED VALUES (663, 31, 23);
INSERT INTO ITEMPED VALUES (663, 45, 241);
INSERT INTO PEDIDO VALUES (664, 30, 110, 101);
INSERT INTO ITEMPED VALUES (664, 53, 132);
INSERT INTO ITEMPED VALUES (664, 77, 41);
INSERT INTO ITEMPED VALUES (664, 78, 96);
INSERT INTO ITEMPED VALUES (664, 13, 245);
INSERT INTO ITEMPED VALUES (664, 22, 211);
INSERT INTO ITEMPED VALUES (664, 25, 246);
INSERT INTO PEDIDO VALUES (665, 20, 871, 111);
INSERT INTO ITEMPED VALUES (665, 25, 270);
INSERT INTO ITEMPED VALUES (665, 31, 213);
INSERT INTO ITEMPED VALUES (665, 45, 32);
INSERT INTO ITEMPED VALUES (665, 53, 256);
INSERT INTO ITEMPED VALUES (665, 77, 51);
INSERT INTO ITEMPED VALUES (665, 78, 106);
INSERT INTO PEDIDO VALUES (666, 30, 260, 213);
INSERT INTO ITEMPED VALUES (666, 53, 27);
INSERT INTO PEDIDO VALUES (667, 10, 20, 209);
INSERT INTO ITEMPED VALUES (667, 25, 293);
INSERT INTO ITEMPED VALUES (667, 31, 116);
INSERT INTO ITEMPED VALUES (667, 45, 180);
INSERT INTO ITEMPED VALUES (667, 53, 214);
INSERT INTO ITEMPED VALUES (667, 77, 227);
INSERT INTO ITEMPED VALUES (667, 78, 256);
INSERT INTO PEDIDO VALUES (668, 20, 830, 250);
INSERT INTO ITEMPED VALUES (668, 53, 126);
INSERT INTO PEDIDO VALUES (669, 60, 870, 111);
INSERT INTO ITEMPED VALUES (669, 22, 140);
INSERT INTO ITEMPED VALUES (669, 25, 256);
INSERT INTO ITEMPED VALUES (669, 31, 53);
INSERT INTO ITEMPED VALUES (669, 45, 183);
INSERT INTO ITEMPED VALUES (669, 53, 296);
INSERT INTO PEDIDO VALUES (670, 30, 410, 209);
INSERT INTO ITEMPED VALUES (670, 13, 44);
INSERT INTO ITEMPED VALUES (670, 22, 74);
INSERT INTO ITEMPED VALUES (670, 25, 208);
INSERT INTO ITEMPED VALUES (670, 31, 128);
INSERT INTO ITEMPED VALUES (670, 45, 89);
INSERT INTO PEDIDO VALUES (671, 20, 260, 720);
INSERT INTO ITEMPED VALUES (671, 78, 82);
INSERT INTO ITEMPED VALUES (671, 13, 191);
INSERT INTO ITEMPED VALUES (671, 22, 131);
INSERT INTO PEDIDO VALUES (672, 30, 720, 250);
INSERT INTO ITEMPED VALUES (672, 53, 115);
INSERT INTO ITEMPED VALUES (672, 77, 70);
INSERT INTO PEDIDO VALUES (673, 45, 260, 209);
INSERT INTO ITEMPED VALUES (673, 45, 114);
INSERT INTO ITEMPED VALUES (673, 53, 222);
INSERT INTO ITEMPED VALUES (673, 77, 3);
INSERT INTO ITEMPED VALUES (673, 78, 126);
INSERT INTO PEDIDO VALUES (674, 20, 290, 213);
INSERT INTO ITEMPED VALUES (674, 31, 141);
INSERT INTO ITEMPED VALUES (674, 45, 33);
INSERT INTO PEDIDO VALUES (675, 45, 410, 209);
INSERT INTO ITEMPED VALUES (675, 77, 300);
INSERT INTO ITEMPED VALUES (675, 78, 61);
INSERT INTO ITEMPED VALUES (675, 13, 297);
INSERT INTO ITEMPED VALUES (675, 22, 261);
INSERT INTO PEDIDO VALUES (676, 20, 180, 240);
INSERT INTO ITEMPED VALUES (676, 31, 250);
INSERT INTO ITEMPED VALUES (676, 45, 58);
INSERT INTO ITEMPED VALUES (676, 53, 45);
INSERT INTO ITEMPED VALUES (676, 77, 34);
INSERT INTO ITEMPED VALUES (676, 78, 230);
INSERT INTO ITEMPED VALUES (676, 13, 128);
INSERT INTO PEDIDO VALUES (677, 45, 720, 310);
INSERT INTO ITEMPED VALUES (677, 78, 290);
INSERT INTO PEDIDO VALUES (678, 30, 260, 209);
INSERT INTO ITEMPED VALUES (678, 53, 43);
INSERT INTO ITEMPED VALUES (678, 77, 175);
INSERT INTO ITEMPED VALUES (678, 78, 297);
INSERT INTO ITEMPED VALUES (678, 13, 9);
INSERT INTO PEDIDO VALUES (679, 60, 180, 111);
INSERT INTO ITEMPED VALUES (679, 77, 296);
INSERT INTO PEDIDO VALUES (680, 30, 20, 240);
INSERT INTO ITEMPED VALUES (680, 78, 32);
INSERT INTO PEDIDO VALUES (681, 60, 180, 310);
INSERT INTO ITEMPED VALUES (681, 13, 7);
INSERT INTO ITEMPED VALUES (681, 22, 193);
INSERT INTO ITEMPED VALUES (681, 25, 9);
INSERT INTO ITEMPED VALUES (681, 31, 222);
INSERT INTO PEDIDO VALUES (682, 10, 390, 209);
INSERT INTO ITEMPED VALUES (682, 53, 40);
INSERT INTO ITEMPED VALUES (682, 77, 159);
INSERT INTO ITEMPED VALUES (682, 78, 134);
INSERT INTO ITEMPED VALUES (682, 13, 102);
INSERT INTO PEDIDO VALUES (683, 30, 871, 213);
INSERT INTO ITEMPED VALUES (683, 77, 221);
INSERT INTO ITEMPED VALUES (683, 78, 25);
INSERT INTO ITEMPED VALUES (683, 13, 293);
INSERT INTO PEDIDO VALUES (684, 20, 870, 240);
INSERT INTO ITEMPED VALUES (684, 22, 58);
INSERT INTO PEDIDO VALUES (685, 10, 390, 213);
INSERT INTO ITEMPED VALUES (685, 78, 118);
INSERT INTO PEDIDO VALUES (686, 20, 410, 250);
INSERT INTO ITEMPED VALUES (686, 77, 44);
INSERT INTO ITEMPED VALUES (686, 78, 88);
INSERT INTO ITEMPED VALUES (686, 13, 269);
INSERT INTO ITEMPED VALUES (686, 22, 135);
INSERT INTO PEDIDO VALUES (687, 60, 260, 101);
INSERT INTO ITEMPED VALUES (687, 31, 171);
INSERT INTO ITEMPED VALUES (687, 45, 156);
INSERT INTO ITEMPED VALUES (687, 53, 205);
INSERT INTO ITEMPED VALUES (687, 77, 104);
INSERT INTO ITEMPED VALUES (687, 78, 45);
INSERT INTO ITEMPED VALUES (687, 13, 19);
INSERT INTO PEDIDO VALUES (688, 45, 871, 240);
INSERT INTO ITEMPED VALUES (688, 25, 27);
INSERT INTO ITEMPED VALUES (688, 31, 275);
INSERT INTO ITEMPED VALUES (688, 45, 119);
INSERT INTO ITEMPED VALUES (688, 53, 295);
INSERT INTO PEDIDO VALUES (689, 20, 830, 720);
INSERT INTO ITEMPED VALUES (689, 13, 254);
INSERT INTO ITEMPED VALUES (689, 22, 140);
INSERT INTO PEDIDO VALUES (690, 60, 290, 240);
INSERT INTO ITEMPED VALUES (690, 77, 73);
INSERT INTO ITEMPED VALUES (690, 78, 135);
INSERT INTO ITEMPED VALUES (690, 13, 76);
INSERT INTO PEDIDO VALUES (691, 30, 720, 213);
INSERT INTO ITEMPED VALUES (691, 53, 216);
INSERT INTO ITEMPED VALUES (691, 77, 215);
INSERT INTO PEDIDO VALUES (692, 45, 830, 720);
INSERT INTO ITEMPED VALUES (692, 25, 149);
INSERT INTO ITEMPED VALUES (692, 31, 126);
INSERT INTO ITEMPED VALUES (692, 45, 115);
INSERT INTO ITEMPED VALUES (692, 53, 239);
INSERT INTO ITEMPED VALUES (692, 77, 215);
INSERT INTO PEDIDO VALUES (693, 10, 720, 310);
INSERT INTO ITEMPED VALUES (693, 78, 23);
INSERT INTO ITEMPED VALUES (693, 13, 265);
INSERT INTO PEDIDO VALUES (694, 45, 260, 101);
INSERT INTO ITEMPED VALUES (694, 22, 289);
INSERT INTO ITEMPED VALUES (694, 25, 270);
INSERT INTO ITEMPED VALUES (694, 31, 282);
INSERT INTO ITEMPED VALUES (694, 45, 248);
INSERT INTO ITEMPED VALUES (694, 53, 235);
INSERT INTO PEDIDO VALUES (695, 30, 110, 11);
INSERT INTO ITEMPED VALUES (695, 78, 28);
INSERT INTO ITEMPED VALUES (695, 13, 105);
INSERT INTO PEDIDO VALUES (696, 10, 871, 250);
INSERT INTO ITEMPED VALUES (696, 22, 146);
INSERT INTO ITEMPED VALUES (696, 25, 255);
INSERT INTO ITEMPED VALUES (696, 31, 145);
INSERT INTO ITEMPED VALUES (696, 45, 118);
INSERT INTO PEDIDO VALUES (697, 20, 410, 209);
INSERT INTO ITEMPED VALUES (697, 77, 219);
INSERT INTO ITEMPED VALUES (697, 78, 295);
INSERT INTO ITEMPED VALUES (697, 13, 137);
INSERT INTO ITEMPED VALUES (697, 22, 238);
INSERT INTO ITEMPED VALUES (697, 25, 175);
INSERT INTO ITEMPED VALUES (697, 31, 95);
INSERT INTO PEDIDO VALUES (698, 60, 830, 101);
INSERT INTO ITEMPED VALUES (698, 31, 74);
INSERT INTO ITEMPED VALUES (698, 45, 23);
INSERT INTO ITEMPED VALUES (698, 53, 57);
INSERT INTO PEDIDO VALUES (699, 20, 410, 720);
INSERT INTO ITEMPED VALUES (699, 53, 130);
INSERT INTO ITEMPED VALUES (699, 77, 36);
INSERT INTO PEDIDO VALUES (700, 45, 260, 111);
INSERT INTO ITEMPED VALUES (700, 22, 62);
INSERT INTO ITEMPED VALUES (700, 25, 141);
INSERT INTO ITEMPED VALUES (700, 31, 30);
INSERT INTO ITEMPED VALUES (700, 45, 237);
INSERT INTO ITEMPED VALUES (700, 53, 123);
INSERT INTO ITEMPED VALUES (700, 77, 80);
INSERT INTO PEDIDO VALUES (701, 10, 110, 240);
INSERT INTO ITEMPED VALUES (701, 31, 128);
INSERT INTO PEDIDO VALUES (702, 20, 871, 101);
INSERT INTO ITEMPED VALUES (702, 77, 135);
INSERT INTO ITEMPED VALUES (702, 78, 59);
INSERT INTO PEDIDO VALUES (703, 60, 290, 111);
INSERT INTO ITEMPED VALUES (703, 78, 4);
INSERT INTO ITEMPED VALUES (703, 13, 269);
INSERT INTO ITEMPED VALUES (703, 22, 198);
INSERT INTO ITEMPED VALUES (703, 25, 41);
INSERT INTO ITEMPED VALUES (703, 31, 192);
INSERT INTO PEDIDO VALUES (704, 10, 830, 720);
INSERT INTO ITEMPED VALUES (704, 53, 129);
INSERT INTO ITEMPED VALUES (704, 77, 61);
INSERT INTO ITEMPED VALUES (704, 78, 13);
INSERT INTO ITEMPED VALUES (704, 13, 54);
INSERT INTO ITEMPED VALUES (704, 22, 35);
INSERT INTO PEDIDO VALUES (705, 60, 110, 101);
INSERT INTO ITEMPED VALUES (705, 78, 234);
INSERT INTO ITEMPED VALUES (705, 13, 296);
INSERT INTO ITEMPED VALUES (705, 22, 227);
INSERT INTO ITEMPED VALUES (705, 25, 276);
INSERT INTO ITEMPED VALUES (705, 31, 11);
INSERT INTO ITEMPED VALUES (705, 45, 158);
INSERT INTO PEDIDO VALUES (706, 10, 410, 111);
INSERT INTO ITEMPED VALUES (706, 22, 238);
INSERT INTO ITEMPED VALUES (706, 25, 109);
INSERT INTO ITEMPED VALUES (706, 31, 5);
INSERT INTO ITEMPED VALUES (706, 45, 7);
INSERT INTO ITEMPED VALUES (706, 53, 28);
INSERT INTO PEDIDO VALUES (707, 20, 390, 11);
INSERT INTO ITEMPED VALUES (707, 25, 199);
INSERT INTO ITEMPED VALUES (707, 31, 28);
INSERT INTO ITEMPED VALUES (707, 45, 168);
INSERT INTO ITEMPED VALUES (707, 53, 296);
INSERT INTO ITEMPED VALUES (707, 77, 179);
INSERT INTO ITEMPED VALUES (707, 78, 153);
INSERT INTO PEDIDO VALUES (708, 45, 20, 240);
INSERT INTO ITEMPED VALUES (708, 31, 195);
INSERT INTO ITEMPED VALUES (708, 45, 57);
INSERT INTO ITEMPED VALUES (708, 53, 244);
INSERT INTO PEDIDO VALUES (709, 30, 390, 101);
INSERT INTO ITEMPED VALUES (709, 78, 276);
INSERT INTO ITEMPED VALUES (709, 13, 66);
INSERT INTO ITEMPED VALUES (709, 22, 69);
INSERT INTO ITEMPED VALUES (709, 25, 287);
INSERT INTO ITEMPED VALUES (709, 31, 85);
INSERT INTO ITEMPED VALUES (709, 45, 58);
INSERT INTO PEDIDO VALUES (710, 10, 110, 310);
INSERT INTO ITEMPED VALUES (710, 53, 194);
INSERT INTO ITEMPED VALUES (710, 77, 160);
INSERT INTO PEDIDO VALUES (711, 45, 180, 240);
INSERT INTO ITEMPED VALUES (711, 78, 126);
INSERT INTO ITEMPED VALUES (711, 13, 279);
INSERT INTO ITEMPED VALUES (711, 22, 215);
INSERT INTO ITEMPED VALUES (711, 25, 21);
INSERT INTO PEDIDO VALUES (712, 10, 110, 250);
INSERT INTO ITEMPED VALUES (712, 31, 144);
INSERT INTO ITEMPED VALUES (712, 45, 107);
INSERT INTO PEDIDO VALUES (713, 45, 180, 720);
INSERT INTO ITEMPED VALUES (713, 77, 50);
INSERT INTO ITEMPED VALUES (713, 78, 50);
INSERT INTO ITEMPED VALUES (713, 13, 213);
INSERT INTO ITEMPED VALUES (713, 22, 69);
INSERT INTO ITEMPED VALUES (713, 25, 161);
INSERT INTO ITEMPED VALUES (713, 31, 112);
INSERT INTO PEDIDO VALUES (714, 10, 871, 101);
INSERT INTO ITEMPED VALUES (714, 53, 233);
INSERT INTO ITEMPED VALUES (714, 77, 261);
INSERT INTO PEDIDO VALUES (715, 45, 720, 209);
INSERT INTO ITEMPED VALUES (715, 22, 204);
INSERT INTO PEDIDO VALUES (716, 10, 290, 720);
INSERT INTO ITEMPED VALUES (716, 53, 144);
INSERT INTO ITEMPED VALUES (716, 77, 172);
INSERT INTO ITEMPED VALUES (716, 78, 145);
INSERT INTO ITEMPED VALUES (716, 13, 102);
INSERT INTO PEDIDO VALUES (717, 60, 20, 310);
INSERT INTO ITEMPED VALUES (717, 31, 184);
INSERT INTO ITEMPED VALUES (717, 45, 202);
INSERT INTO ITEMPED VALUES (717, 53, 197);
INSERT INTO ITEMPED VALUES (717, 77, 102);
INSERT INTO ITEMPED VALUES (717, 78, 221);
INSERT INTO PEDIDO VALUES (718, 20, 720, 209);
INSERT INTO ITEMPED VALUES (718, 13, 169);
INSERT INTO ITEMPED VALUES (718, 22, 205);
INSERT INTO ITEMPED VALUES (718, 25, 126);
INSERT INTO PEDIDO VALUES (719, 45, 180, 250);
INSERT INTO ITEMPED VALUES (719, 31, 212);
INSERT INTO PEDIDO VALUES (720, 10, 390, 213);
INSERT INTO ITEMPED VALUES (720, 13, 125);
INSERT INTO ITEMPED VALUES (720, 22, 228);
INSERT INTO ITEMPED VALUES (720, 25, 70);
INSERT INTO ITEMPED VALUES (720, 31, 109);
INSERT INTO PEDIDO VALUES (721, 30, 410, 11);
INSERT INTO ITEMPED VALUES (721, 53, 266);
INSERT INTO PEDIDO VALUES (722, 20, 110, 720);
INSERT INTO ITEMPED VALUES (722, 77, 113);
INSERT INTO ITEMPED VALUES (722, 78, 225);
INSERT INTO ITEMPED VALUES (722, 13, 301);
INSERT INTO ITEMPED VALUES (722, 22, 7);
INSERT INTO PEDIDO VALUES (723, 30, 290, 11);
INSERT INTO ITEMPED VALUES (723, 22, 146);
INSERT INTO ITEMPED VALUES (723, 25, 259);
INSERT INTO PEDIDO VALUES (724, 20, 410, 209);
INSERT INTO ITEMPED VALUES (724, 78, 201);
INSERT INTO ITEMPED VALUES (724, 13, 165);
INSERT INTO PEDIDO VALUES (725, 45, 720, 720);
INSERT INTO ITEMPED VALUES (725, 22, 298);
INSERT INTO ITEMPED VALUES (725, 25, 30);
INSERT INTO ITEMPED VALUES (725, 31, 260);
INSERT INTO PEDIDO VALUES (726, 20, 110, 111);
INSERT INTO ITEMPED VALUES (726, 53, 75);
INSERT INTO ITEMPED VALUES (726, 77, 14);
INSERT INTO ITEMPED VALUES (726, 78, 110);
INSERT INTO ITEMPED VALUES (726, 13, 79);
INSERT INTO ITEMPED VALUES (726, 22, 211);
INSERT INTO ITEMPED VALUES (726, 25, 258);
INSERT INTO PEDIDO VALUES (727, 30, 290, 213);
INSERT INTO ITEMPED VALUES (727, 22, 301);
INSERT INTO ITEMPED VALUES (727, 25, 255);
INSERT INTO ITEMPED VALUES (727, 31, 3);
INSERT INTO ITEMPED VALUES (727, 45, 297);
INSERT INTO ITEMPED VALUES (727, 53, 146);
INSERT INTO PEDIDO VALUES (728, 60, 110, 240);
INSERT INTO ITEMPED VALUES (728, 45, 96);
INSERT INTO ITEMPED VALUES (728, 53, 286);
INSERT INTO PEDIDO VALUES (729, 20, 180, 720);
INSERT INTO ITEMPED VALUES (729, 25, 131);
INSERT INTO ITEMPED VALUES (729, 31, 261);
INSERT INTO ITEMPED VALUES (729, 45, 149);
INSERT INTO PEDIDO VALUES (730, 10, 390, 310);
INSERT INTO ITEMPED VALUES (730, 31, 225);
INSERT INTO ITEMPED VALUES (730, 45, 181);
INSERT INTO ITEMPED VALUES (730, 53, 5);
INSERT INTO ITEMPED VALUES (730, 77, 199);
INSERT INTO ITEMPED VALUES (730, 78, 21);
INSERT INTO ITEMPED VALUES (730, 13, 269);
INSERT INTO PEDIDO VALUES (731, 60, 290, 209);
INSERT INTO ITEMPED VALUES (731, 22, 299);
INSERT INTO ITEMPED VALUES (731, 25, 171);
INSERT INTO PEDIDO VALUES (732, 20, 390, 11);
INSERT INTO ITEMPED VALUES (732, 78, 174);
INSERT INTO ITEMPED VALUES (732, 13, 129);
INSERT INTO ITEMPED VALUES (732, 22, 74);
INSERT INTO ITEMPED VALUES (732, 25, 102);
INSERT INTO ITEMPED VALUES (732, 31, 187);
INSERT INTO PEDIDO VALUES (733, 10, 871, 240);
INSERT INTO ITEMPED VALUES (733, 13, 286);
INSERT INTO ITEMPED VALUES (733, 22, 30);
INSERT INTO ITEMPED VALUES (733, 25, 95);
INSERT INTO ITEMPED VALUES (733, 31, 285);
INSERT INTO PEDIDO VALUES (734, 20, 870, 720);
INSERT INTO ITEMPED VALUES (734, 25, 154);
INSERT INTO ITEMPED VALUES (734, 31, 252);
INSERT INTO PEDIDO VALUES (735, 30, 20, 111);
INSERT INTO ITEMPED VALUES (735, 45, 222);
INSERT INTO ITEMPED VALUES (735, 53, 294);
INSERT INTO ITEMPED VALUES (735, 77, 37);
INSERT INTO ITEMPED VALUES (735, 78, 88);
INSERT INTO PEDIDO VALUES (736, 45, 410, 209);
INSERT INTO ITEMPED VALUES (736, 31, 105);
INSERT INTO PEDIDO VALUES (737, 30, 290, 310);
INSERT INTO ITEMPED VALUES (737, 78, 259);
INSERT INTO ITEMPED VALUES (737, 13, 173);
INSERT INTO ITEMPED VALUES (737, 22, 15);
INSERT INTO ITEMPED VALUES (737, 25, 54);
INSERT INTO PEDIDO VALUES (738, 60, 720, 11);
INSERT INTO ITEMPED VALUES (738, 13, 215);
INSERT INTO PEDIDO VALUES (739, 30, 260, 213);
INSERT INTO ITEMPED VALUES (739, 78, 155);
INSERT INTO ITEMPED VALUES (739, 13, 151);
INSERT INTO ITEMPED VALUES (739, 22, 295);
INSERT INTO ITEMPED VALUES (739, 25, 200);
INSERT INTO ITEMPED VALUES (739, 31, 299);
INSERT INTO PEDIDO VALUES (740, 10, 110, 720);
INSERT INTO ITEMPED VALUES (740, 53, 277);
INSERT INTO ITEMPED VALUES (740, 77, 273);
INSERT INTO ITEMPED VALUES (740, 78, 98);
INSERT INTO ITEMPED VALUES (740, 13, 146);
INSERT INTO ITEMPED VALUES (740, 22, 70);
INSERT INTO ITEMPED VALUES (740, 25, 111);
INSERT INTO PEDIDO VALUES (741, 60, 20, 250);
INSERT INTO ITEMPED VALUES (741, 25, 132);
INSERT INTO ITEMPED VALUES (741, 31, 289);
INSERT INTO ITEMPED VALUES (741, 45, 32);
INSERT INTO PEDIDO VALUES (742, 30, 410, 111);
INSERT INTO ITEMPED VALUES (742, 45, 55);
INSERT INTO ITEMPED VALUES (742, 53, 48);
INSERT INTO PEDIDO VALUES (743, 10, 390, 209);
INSERT INTO ITEMPED VALUES (743, 25, 114);
INSERT INTO PEDIDO VALUES (744, 30, 720, 250);
INSERT INTO ITEMPED VALUES (744, 45, 132);
INSERT INTO ITEMPED VALUES (744, 53, 40);
INSERT INTO PEDIDO VALUES (745, 20, 180, 209);
INSERT INTO ITEMPED VALUES (745, 13, 140);
INSERT INTO ITEMPED VALUES (745, 22, 6);
INSERT INTO ITEMPED VALUES (745, 25, 162);
INSERT INTO ITEMPED VALUES (745, 31, 75);
INSERT INTO PEDIDO VALUES (746, 60, 830, 250);
INSERT INTO ITEMPED VALUES (746, 31, 250);
INSERT INTO ITEMPED VALUES (746, 45, 266);
INSERT INTO PEDIDO VALUES (747, 20, 110, 101);
INSERT INTO ITEMPED VALUES (747, 22, 254);
INSERT INTO ITEMPED VALUES (747, 25, 257);
INSERT INTO ITEMPED VALUES (747, 31, 282);
INSERT INTO ITEMPED VALUES (747, 45, 134);
INSERT INTO ITEMPED VALUES (747, 53, 210);
INSERT INTO PEDIDO VALUES (748, 30, 871, 240);
INSERT INTO ITEMPED VALUES (748, 25, 50);
INSERT INTO ITEMPED VALUES (748, 31, 171);
INSERT INTO ITEMPED VALUES (748, 45, 281);
INSERT INTO ITEMPED VALUES (748, 53, 109);
INSERT INTO ITEMPED VALUES (748, 77, 130);
INSERT INTO PEDIDO VALUES (749, 10, 830, 11);
INSERT INTO ITEMPED VALUES (749, 77, 202);
INSERT INTO ITEMPED VALUES (749, 78, 173);
INSERT INTO ITEMPED VALUES (749, 13, 88);
INSERT INTO PEDIDO VALUES (750, 60, 20, 240);
INSERT INTO ITEMPED VALUES (750, 13, 119);
INSERT INTO ITEMPED VALUES (750, 22, 58);
INSERT INTO ITEMPED VALUES (750, 25, 167);
INSERT INTO ITEMPED VALUES (750, 31, 162);
INSERT INTO ITEMPED VALUES (750, 45, 243);
INSERT INTO PEDIDO VALUES (751, 10, 290, 209);
INSERT INTO ITEMPED VALUES (751, 53, 68);
INSERT INTO ITEMPED VALUES (751, 77, 278);
INSERT INTO ITEMPED VALUES (751, 78, 45);
INSERT INTO ITEMPED VALUES (751, 13, 281);
INSERT INTO ITEMPED VALUES (751, 22, 300);
INSERT INTO PEDIDO VALUES (752, 45, 110, 213);
INSERT INTO ITEMPED VALUES (752, 25, 36);
INSERT INTO ITEMPED VALUES (752, 31, 234);
INSERT INTO ITEMPED VALUES (752, 45, 88);
INSERT INTO ITEMPED VALUES (752, 53, 30);
INSERT INTO ITEMPED VALUES (752, 77, 278);
INSERT INTO ITEMPED VALUES (752, 78, 73);
INSERT INTO PEDIDO VALUES (753, 60, 410, 240);
INSERT INTO ITEMPED VALUES (753, 45, 290);
INSERT INTO ITEMPED VALUES (753, 53, 37);
INSERT INTO ITEMPED VALUES (753, 77, 73);
INSERT INTO PEDIDO VALUES (754, 45, 110, 101);
INSERT INTO ITEMPED VALUES (754, 31, 140);
INSERT INTO ITEMPED VALUES (754, 45, 182);
INSERT INTO ITEMPED VALUES (754, 53, 181);
INSERT INTO ITEMPED VALUES (754, 77, 45);
INSERT INTO ITEMPED VALUES (754, 78, 42);
INSERT INTO PEDIDO VALUES (755, 30, 20, 720);
INSERT INTO ITEMPED VALUES (755, 22, 115);
INSERT INTO ITEMPED VALUES (755, 25, 43);
INSERT INTO ITEMPED VALUES (755, 31, 57);
INSERT INTO ITEMPED VALUES (755, 45, 77);
INSERT INTO ITEMPED VALUES (755, 53, 50);
INSERT INTO PEDIDO VALUES (756, 20, 260, 240);
INSERT INTO ITEMPED VALUES (756, 31, 267);
INSERT INTO ITEMPED VALUES (756, 45, 52);
INSERT INTO PEDIDO VALUES (757, 60, 830, 101);
INSERT INTO ITEMPED VALUES (757, 25, 228);
INSERT INTO ITEMPED VALUES (757, 31, 174);
INSERT INTO ITEMPED VALUES (757, 45, 117);
INSERT INTO ITEMPED VALUES (757, 53, 58);
INSERT INTO ITEMPED VALUES (757, 77, 56);
INSERT INTO ITEMPED VALUES (757, 78, 18);
INSERT INTO PEDIDO VALUES (758, 30, 260, 209);
INSERT INTO ITEMPED VALUES (758, 53, 61);
INSERT INTO PEDIDO VALUES (759, 10, 410, 720);
INSERT INTO ITEMPED VALUES (759, 13, 125);
INSERT INTO ITEMPED VALUES (759, 22, 93);
INSERT INTO PEDIDO VALUES (760, 45, 720, 310);
INSERT INTO ITEMPED VALUES (760, 25, 230);
INSERT INTO PEDIDO VALUES (761, 30, 20, 213);
INSERT INTO ITEMPED VALUES (761, 77, 230);
INSERT INTO ITEMPED VALUES (761, 78, 247);
INSERT INTO ITEMPED VALUES (761, 13, 127);
INSERT INTO PEDIDO VALUES (762, 45, 260, 111);
INSERT INTO ITEMPED VALUES (762, 53, 74);
INSERT INTO ITEMPED VALUES (762, 77, 210);
INSERT INTO ITEMPED VALUES (762, 78, 247);
INSERT INTO ITEMPED VALUES (762, 13, 20);
INSERT INTO ITEMPED VALUES (762, 22, 13);
INSERT INTO PEDIDO VALUES (763, 60, 410, 250);
INSERT INTO ITEMPED VALUES (763, 78, 132);
INSERT INTO ITEMPED VALUES (763, 13, 107);
INSERT INTO PEDIDO VALUES (764, 45, 20, 240);
INSERT INTO ITEMPED VALUES (764, 13, 224);
INSERT INTO ITEMPED VALUES (764, 22, 13);
INSERT INTO ITEMPED VALUES (764, 25, 269);
INSERT INTO ITEMPED VALUES (764, 31, 178);
INSERT INTO PEDIDO VALUES (765, 60, 290, 720);
INSERT INTO ITEMPED VALUES (765, 53, 14);
INSERT INTO ITEMPED VALUES (765, 77, 302);
INSERT INTO ITEMPED VALUES (765, 78, 32);
INSERT INTO PEDIDO VALUES (766, 30, 260, 11);
INSERT INTO ITEMPED VALUES (766, 78, 276);
INSERT INTO ITEMPED VALUES (766, 13, 242);
INSERT INTO ITEMPED VALUES (766, 22, 127);
INSERT INTO PEDIDO VALUES (767, 20, 390, 310);
INSERT INTO ITEMPED VALUES (767, 31, 273);
INSERT INTO ITEMPED VALUES (767, 45, 290);
INSERT INTO ITEMPED VALUES (767, 53, 259);
INSERT INTO ITEMPED VALUES (767, 77, 30);
INSERT INTO ITEMPED VALUES (767, 78, 34);
INSERT INTO PEDIDO VALUES (768, 45, 260, 213);
INSERT INTO ITEMPED VALUES (768, 13, 23);
INSERT INTO ITEMPED VALUES (768, 22, 291);
INSERT INTO ITEMPED VALUES (768, 25, 219);
INSERT INTO ITEMPED VALUES (768, 31, 129);
INSERT INTO ITEMPED VALUES (768, 45, 69);
INSERT INTO PEDIDO VALUES (769, 30, 20, 101);
INSERT INTO ITEMPED VALUES (769, 31, 103);
INSERT INTO ITEMPED VALUES (769, 45, 128);
INSERT INTO ITEMPED VALUES (769, 53, 11);
INSERT INTO PEDIDO VALUES (770, 45, 870, 240);
INSERT INTO ITEMPED VALUES (770, 45, 123);
INSERT INTO ITEMPED VALUES (770, 53, 48);
INSERT INTO PEDIDO VALUES (771, 60, 20, 213);
INSERT INTO ITEMPED VALUES (771, 25, 45);
INSERT INTO ITEMPED VALUES (771, 31, 79);
INSERT INTO PEDIDO VALUES (772, 10, 830, 11);
INSERT INTO ITEMPED VALUES (772, 78, 256);
INSERT INTO PEDIDO VALUES (773, 60, 290, 213);
INSERT INTO ITEMPED VALUES (773, 45, 56);
INSERT INTO ITEMPED VALUES (773, 53, 142);
INSERT INTO PEDIDO VALUES (774, 30, 260, 111);
INSERT INTO ITEMPED VALUES (774, 31, 139);
INSERT INTO ITEMPED VALUES (774, 45, 161);
INSERT INTO ITEMPED VALUES (774, 53, 41);
INSERT INTO ITEMPED VALUES (774, 77, 46);
INSERT INTO ITEMPED VALUES (774, 78, 130);
INSERT INTO PEDIDO VALUES (775, 20, 870, 240);
INSERT INTO ITEMPED VALUES (775, 13, 189);
INSERT INTO PEDIDO VALUES (776, 10, 830, 310);
INSERT INTO ITEMPED VALUES (776, 25, 4);
INSERT INTO ITEMPED VALUES (776, 31, 46);
INSERT INTO ITEMPED VALUES (776, 45, 186);
INSERT INTO ITEMPED VALUES (776, 53, 91);
INSERT INTO ITEMPED VALUES (776, 77, 190);
INSERT INTO PEDIDO VALUES (777, 60, 871, 240);
INSERT INTO ITEMPED VALUES (777, 45, 70);
INSERT INTO ITEMPED VALUES (777, 53, 33);
INSERT INTO ITEMPED VALUES (777, 77, 117);
INSERT INTO ITEMPED VALUES (777, 78, 224);
INSERT INTO ITEMPED VALUES (777, 13, 251);
INSERT INTO PEDIDO VALUES (778, 10, 290, 11);
INSERT INTO ITEMPED VALUES (778, 78, 55);
INSERT INTO PEDIDO VALUES (779, 30, 20, 101);
INSERT INTO ITEMPED VALUES (779, 25, 228);
INSERT INTO ITEMPED VALUES (779, 31, 22);
INSERT INTO PEDIDO VALUES (780, 10, 830, 720);
INSERT INTO ITEMPED VALUES (780, 78, 197);
INSERT INTO PEDIDO VALUES (781, 60, 871, 240);
INSERT INTO ITEMPED VALUES (781, 31, 165);
INSERT INTO ITEMPED VALUES (781, 45, 300);
INSERT INTO ITEMPED VALUES (781, 53, 163);
INSERT INTO ITEMPED VALUES (781, 77, 27);
INSERT INTO ITEMPED VALUES (781, 78, 225);
INSERT INTO PEDIDO VALUES (782, 30, 260, 209);
INSERT INTO ITEMPED VALUES (782, 45, 53);
INSERT INTO ITEMPED VALUES (782, 53, 222);
INSERT INTO ITEMPED VALUES (782, 77, 284);
INSERT INTO ITEMPED VALUES (782, 78, 275);
INSERT INTO PEDIDO VALUES (783, 10, 290, 213);
INSERT INTO ITEMPED VALUES (783, 78, 158);
INSERT INTO PEDIDO VALUES (784, 45, 871, 310);
INSERT INTO ITEMPED VALUES (784, 31, 91);
INSERT INTO ITEMPED VALUES (784, 45, 215);
INSERT INTO ITEMPED VALUES (784, 53, 228);
INSERT INTO ITEMPED VALUES (784, 77, 222);
INSERT INTO ITEMPED VALUES (784, 78, 242);
INSERT INTO ITEMPED VALUES (784, 13, 172);
INSERT INTO PEDIDO VALUES (785, 20, 720, 250);
INSERT INTO ITEMPED VALUES (785, 53, 276);
INSERT INTO PEDIDO VALUES (786, 30, 110, 310);
INSERT INTO ITEMPED VALUES (786, 25, 185);
INSERT INTO PEDIDO VALUES (787, 60, 830, 101);
INSERT INTO ITEMPED VALUES (787, 31, 96);
INSERT INTO ITEMPED VALUES (787, 45, 6);
INSERT INTO ITEMPED VALUES (787, 53, 112);
INSERT INTO ITEMPED VALUES (787, 77, 144);
INSERT INTO ITEMPED VALUES (787, 78, 101);
INSERT INTO PEDIDO VALUES (788, 30, 180, 720);
INSERT INTO ITEMPED VALUES (788, 13, 119);
INSERT INTO ITEMPED VALUES (788, 22, 133);
INSERT INTO ITEMPED VALUES (788, 25, 73);
INSERT INTO PEDIDO VALUES (789, 10, 260, 250);
INSERT INTO ITEMPED VALUES (789, 25, 254);
INSERT INTO ITEMPED VALUES (789, 31, 217);
INSERT INTO ITEMPED VALUES (789, 45, 254);
INSERT INTO PEDIDO VALUES (790, 30, 870, 310);
INSERT INTO ITEMPED VALUES (790, 45, 119);
INSERT INTO ITEMPED VALUES (790, 53, 12);
INSERT INTO ITEMPED VALUES (790, 77, 287);
INSERT INTO PEDIDO VALUES (791, 60, 720, 111);
INSERT INTO ITEMPED VALUES (791, 13, 228);
INSERT INTO PEDIDO VALUES (792, 30, 390, 213);
INSERT INTO ITEMPED VALUES (792, 45, 254);
INSERT INTO ITEMPED VALUES (792, 53, 226);
INSERT INTO ITEMPED VALUES (792, 77, 255);
INSERT INTO ITEMPED VALUES (792, 78, 242);
INSERT INTO ITEMPED VALUES (792, 13, 55);
INSERT INTO PEDIDO VALUES (793, 10, 410, 111);
INSERT INTO ITEMPED VALUES (793, 53, 173);
INSERT INTO ITEMPED VALUES (793, 77, 11);
INSERT INTO ITEMPED VALUES (793, 78, 219);
INSERT INTO ITEMPED VALUES (793, 13, 156);
INSERT INTO PEDIDO VALUES (794, 20, 290, 101);
INSERT INTO ITEMPED VALUES (794, 31, 154);
INSERT INTO ITEMPED VALUES (794, 45, 220);
INSERT INTO ITEMPED VALUES (794, 53, 38);
INSERT INTO PEDIDO VALUES (795, 60, 871, 310);
INSERT INTO ITEMPED VALUES (795, 78, 136);
INSERT INTO ITEMPED VALUES (795, 13, 194);
INSERT INTO ITEMPED VALUES (795, 22, 136);
INSERT INTO ITEMPED VALUES (795, 25, 239);
INSERT INTO ITEMPED VALUES (795, 31, 16);
INSERT INTO PEDIDO VALUES (796, 45, 110, 213);
INSERT INTO ITEMPED VALUES (796, 53, 227);
INSERT INTO ITEMPED VALUES (796, 77, 61);
INSERT INTO ITEMPED VALUES (796, 78, 120);
INSERT INTO PEDIDO VALUES (797, 60, 830, 111);
INSERT INTO ITEMPED VALUES (797, 25, 14);
INSERT INTO PEDIDO VALUES (798, 30, 260, 209);
INSERT INTO ITEMPED VALUES (798, 13, 242);
INSERT INTO ITEMPED VALUES (798, 22, 112);
INSERT INTO PEDIDO VALUES (799, 10, 410, 720);
INSERT INTO ITEMPED VALUES (799, 25, 61);
INSERT INTO ITEMPED VALUES (799, 31, 140);
INSERT INTO ITEMPED VALUES (799, 45, 225);
INSERT INTO ITEMPED VALUES (799, 53, 287);
INSERT INTO ITEMPED VALUES (799, 77, 220);
INSERT INTO PEDIDO VALUES (800, 30, 830, 310);
INSERT INTO ITEMPED VALUES (800, 13, 202);
INSERT INTO ITEMPED VALUES (800, 22, 288);
INSERT INTO ITEMPED VALUES (800, 25, 264);
INSERT INTO ITEMPED VALUES (800, 31, 72);
INSERT INTO PEDIDO VALUES (801, 45, 410, 720);
INSERT INTO ITEMPED VALUES (801, 53, 204);
INSERT INTO ITEMPED VALUES (801, 77, 151);
INSERT INTO ITEMPED VALUES (801, 78, 232);
INSERT INTO ITEMPED VALUES (801, 13, 247);
INSERT INTO ITEMPED VALUES (801, 22, 144);
INSERT INTO PEDIDO VALUES (802, 10, 720, 240);
INSERT INTO ITEMPED VALUES (802, 31, 26);
INSERT INTO PEDIDO VALUES (803, 30, 110, 101);
INSERT INTO ITEMPED VALUES (803, 45, 147);
INSERT INTO ITEMPED VALUES (803, 53, 128);
INSERT INTO PEDIDO VALUES (804, 20, 20, 310);
INSERT INTO ITEMPED VALUES (804, 77, 195);
INSERT INTO PEDIDO VALUES (805, 30, 260, 209);
INSERT INTO ITEMPED VALUES (805, 78, 49);
INSERT INTO ITEMPED VALUES (805, 13, 159);
INSERT INTO ITEMPED VALUES (805, 22, 224);
INSERT INTO ITEMPED VALUES (805, 25, 76);
INSERT INTO ITEMPED VALUES (805, 31, 62);
INSERT INTO ITEMPED VALUES (805, 45, 85);
INSERT INTO PEDIDO VALUES (806, 20, 830, 11);
INSERT INTO ITEMPED VALUES (806, 22, 115);
INSERT INTO ITEMPED VALUES (806, 25, 166);
INSERT INTO ITEMPED VALUES (806, 31, 48);
INSERT INTO ITEMPED VALUES (806, 45, 11);
INSERT INTO ITEMPED VALUES (806, 53, 274);
INSERT INTO PEDIDO VALUES (807, 30, 390, 209);
INSERT INTO ITEMPED VALUES (807, 77, 42);
INSERT INTO ITEMPED VALUES (807, 78, 89);
INSERT INTO ITEMPED VALUES (807, 13, 22);
INSERT INTO ITEMPED VALUES (807, 22, 188);
INSERT INTO PEDIDO VALUES (808, 60, 290, 213);
INSERT INTO ITEMPED VALUES (808, 31, 285);
INSERT INTO ITEMPED VALUES (808, 45, 188);
INSERT INTO PEDIDO VALUES (809, 30, 720, 11);
INSERT INTO ITEMPED VALUES (809, 22, 217);
INSERT INTO ITEMPED VALUES (809, 25, 164);
INSERT INTO ITEMPED VALUES (809, 31, 41);
INSERT INTO ITEMPED VALUES (809, 45, 241);
INSERT INTO ITEMPED VALUES (809, 53, 203);
INSERT INTO ITEMPED VALUES (809, 77, 169);
INSERT INTO PEDIDO VALUES (810, 20, 410, 213);
INSERT INTO ITEMPED VALUES (810, 53, 3);
INSERT INTO ITEMPED VALUES (810, 77, 92);
INSERT INTO ITEMPED VALUES (810, 78, 227);
INSERT INTO PEDIDO VALUES (811, 10, 830, 310);
INSERT INTO ITEMPED VALUES (811, 78, 247);
INSERT INTO ITEMPED VALUES (811, 13, 112);
INSERT INTO ITEMPED VALUES (811, 22, 278);
INSERT INTO PEDIDO VALUES (812, 60, 260, 720);
INSERT INTO ITEMPED VALUES (812, 22, 269);
INSERT INTO ITEMPED VALUES (812, 25, 29);
INSERT INTO PEDIDO VALUES (813, 20, 20, 11);
INSERT INTO ITEMPED VALUES (813, 53, 248);
INSERT INTO ITEMPED VALUES (813, 77, 109);
INSERT INTO ITEMPED VALUES (813, 78, 218);
INSERT INTO ITEMPED VALUES (813, 13, 256);
INSERT INTO ITEMPED VALUES (813, 22, 180);
INSERT INTO ITEMPED VALUES (813, 25, 246);
INSERT INTO PEDIDO VALUES (814, 30, 720, 209);
INSERT INTO ITEMPED VALUES (814, 13, 202);
INSERT INTO ITEMPED VALUES (814, 22, 12);
INSERT INTO ITEMPED VALUES (814, 25, 153);
INSERT INTO ITEMPED VALUES (814, 31, 92);
INSERT INTO PEDIDO VALUES (815, 45, 390, 310);
INSERT INTO ITEMPED VALUES (815, 78, 174);
INSERT INTO PEDIDO VALUES (816, 60, 870, 250);
INSERT INTO ITEMPED VALUES (816, 22, 125);
INSERT INTO ITEMPED VALUES (816, 25, 90);
INSERT INTO PEDIDO VALUES (817, 30, 290, 111);
INSERT INTO ITEMPED VALUES (817, 13, 95);
INSERT INTO PEDIDO VALUES (818, 10, 720, 101);
INSERT INTO ITEMPED VALUES (818, 53, 98);
INSERT INTO ITEMPED VALUES (818, 77, 297);
INSERT INTO PEDIDO VALUES (819, 20, 390, 111);
INSERT INTO ITEMPED VALUES (819, 31, 9);
INSERT INTO PEDIDO VALUES (820, 30, 180, 240);
INSERT INTO ITEMPED VALUES (820, 45, 56);
INSERT INTO ITEMPED VALUES (820, 53, 295);
INSERT INTO ITEMPED VALUES (820, 77, 143);
INSERT INTO ITEMPED VALUES (820, 78, 223);
INSERT INTO ITEMPED VALUES (820, 13, 117);
INSERT INTO PEDIDO VALUES (821, 60, 871, 250);
INSERT INTO ITEMPED VALUES (821, 53, 268);
INSERT INTO PEDIDO VALUES (822, 45, 390, 111);
INSERT INTO ITEMPED VALUES (822, 31, 260);
INSERT INTO ITEMPED VALUES (822, 45, 104);
INSERT INTO ITEMPED VALUES (822, 53, 140);
INSERT INTO ITEMPED VALUES (822, 77, 239);
INSERT INTO ITEMPED VALUES (822, 78, 229);
INSERT INTO ITEMPED VALUES (822, 13, 237);
INSERT INTO PEDIDO VALUES (823, 10, 260, 11);
INSERT INTO ITEMPED VALUES (823, 45, 151);
INSERT INTO ITEMPED VALUES (823, 53, 27);
INSERT INTO ITEMPED VALUES (823, 77, 12);
INSERT INTO ITEMPED VALUES (823, 78, 209);
INSERT INTO ITEMPED VALUES (823, 13, 37);
INSERT INTO ITEMPED VALUES (823, 22, 272);
INSERT INTO PEDIDO VALUES (824, 45, 180, 111);
INSERT INTO ITEMPED VALUES (824, 77, 182);
INSERT INTO ITEMPED VALUES (824, 78, 89);
INSERT INTO PEDIDO VALUES (825, 20, 290, 101);
INSERT INTO ITEMPED VALUES (825, 22, 257);
INSERT INTO ITEMPED VALUES (825, 25, 139);
INSERT INTO ITEMPED VALUES (825, 31, 163);
INSERT INTO PEDIDO VALUES (826, 45, 260, 111);
INSERT INTO ITEMPED VALUES (826, 31, 202);
INSERT INTO ITEMPED VALUES (826, 45, 253);
INSERT INTO ITEMPED VALUES (826, 53, 38);
INSERT INTO PEDIDO VALUES (827, 20, 870, 720);
INSERT INTO ITEMPED VALUES (827, 77, 117);
INSERT INTO ITEMPED VALUES (827, 78, 50);
INSERT INTO ITEMPED VALUES (827, 13, 128);
INSERT INTO ITEMPED VALUES (827, 22, 116);
INSERT INTO ITEMPED VALUES (827, 25, 69);
INSERT INTO PEDIDO VALUES (828, 10, 871, 240);
INSERT INTO ITEMPED VALUES (828, 13, 209);
INSERT INTO ITEMPED VALUES (828, 22, 28);
INSERT INTO ITEMPED VALUES (828, 25, 246);
INSERT INTO ITEMPED VALUES (828, 31, 268);
INSERT INTO ITEMPED VALUES (828, 45, 164);
INSERT INTO ITEMPED VALUES (828, 53, 25);
INSERT INTO PEDIDO VALUES (829, 30, 390, 250);
INSERT INTO ITEMPED VALUES (829, 22, 299);
INSERT INTO ITEMPED VALUES (829, 25, 163);
INSERT INTO ITEMPED VALUES (829, 31, 3);
INSERT INTO ITEMPED VALUES (829, 45, 179);
INSERT INTO ITEMPED VALUES (829, 53, 102);
INSERT INTO PEDIDO VALUES (830, 60, 871, 111);
INSERT INTO ITEMPED VALUES (830, 77, 88);
INSERT INTO ITEMPED VALUES (830, 78, 266);
INSERT INTO ITEMPED VALUES (830, 13, 139);
INSERT INTO ITEMPED VALUES (830, 22, 11);
INSERT INTO PEDIDO VALUES (831, 10, 110, 310);
INSERT INTO ITEMPED VALUES (831, 22, 33);
INSERT INTO ITEMPED VALUES (831, 25, 257);
INSERT INTO ITEMPED VALUES (831, 31, 280);
INSERT INTO ITEMPED VALUES (831, 45, 140);
INSERT INTO ITEMPED VALUES (831, 53, 37);
INSERT INTO PEDIDO VALUES (832, 60, 870, 213);
INSERT INTO ITEMPED VALUES (832, 25, 35);
INSERT INTO ITEMPED VALUES (832, 31, 293);
INSERT INTO ITEMPED VALUES (832, 45, 261);
INSERT INTO PEDIDO VALUES (833, 10, 110, 310);
INSERT INTO ITEMPED VALUES (833, 45, 243);
INSERT INTO PEDIDO VALUES (834, 60, 290, 11);
INSERT INTO ITEMPED VALUES (834, 31, 159);
INSERT INTO PEDIDO VALUES (835, 20, 410, 111);
INSERT INTO ITEMPED VALUES (835, 77, 70);
INSERT INTO ITEMPED VALUES (835, 78, 90);
INSERT INTO PEDIDO VALUES (836, 45, 720, 310);
INSERT INTO ITEMPED VALUES (836, 78, 210);
INSERT INTO ITEMPED VALUES (836, 13, 108);
INSERT INTO ITEMPED VALUES (836, 22, 94);
INSERT INTO ITEMPED VALUES (836, 25, 53);
INSERT INTO ITEMPED VALUES (836, 31, 130);
INSERT INTO PEDIDO VALUES (837, 60, 290, 11);
INSERT INTO ITEMPED VALUES (837, 53, 246);
INSERT INTO ITEMPED VALUES (837, 77, 173);
INSERT INTO ITEMPED VALUES (837, 78, 268);
INSERT INTO ITEMPED VALUES (837, 13, 8);
INSERT INTO ITEMPED VALUES (837, 22, 84);
INSERT INTO ITEMPED VALUES (837, 25, 97);
INSERT INTO PEDIDO VALUES (838, 10, 180, 111);
INSERT INTO ITEMPED VALUES (838, 31, 245);
INSERT INTO ITEMPED VALUES (838, 45, 128);
INSERT INTO ITEMPED VALUES (838, 53, 119);
INSERT INTO ITEMPED VALUES (838, 77, 226);
INSERT INTO ITEMPED VALUES (838, 78, 130);
INSERT INTO PEDIDO VALUES (839, 60, 20, 213);
INSERT INTO ITEMPED VALUES (839, 22, 6);
INSERT INTO ITEMPED VALUES (839, 25, 144);
INSERT INTO ITEMPED VALUES (839, 31, 247);
INSERT INTO ITEMPED VALUES (839, 45, 220);
INSERT INTO ITEMPED VALUES (839, 53, 118);
INSERT INTO ITEMPED VALUES (839, 77, 259);
INSERT INTO PEDIDO VALUES (840, 10, 870, 250);
INSERT INTO ITEMPED VALUES (840, 25, 39);
INSERT INTO ITEMPED VALUES (840, 31, 97);
INSERT INTO ITEMPED VALUES (840, 45, 10);
INSERT INTO ITEMPED VALUES (840, 53, 263);
INSERT INTO PEDIDO VALUES (841, 60, 110, 240);
INSERT INTO ITEMPED VALUES (841, 45, 279);
INSERT INTO ITEMPED VALUES (841, 53, 116);
INSERT INTO PEDIDO VALUES (842, 20, 390, 250);
INSERT INTO ITEMPED VALUES (842, 13, 295);
INSERT INTO ITEMPED VALUES (842, 22, 42);
INSERT INTO ITEMPED VALUES (842, 25, 222);
INSERT INTO PEDIDO VALUES (843, 45, 410, 213);
INSERT INTO ITEMPED VALUES (843, 25, 19);
INSERT INTO ITEMPED VALUES (843, 31, 222);
INSERT INTO ITEMPED VALUES (843, 45, 243);
INSERT INTO ITEMPED VALUES (843, 53, 186);
INSERT INTO ITEMPED VALUES (843, 77, 118);
INSERT INTO ITEMPED VALUES (843, 78, 296);
INSERT INTO PEDIDO VALUES (844, 10, 870, 111);
INSERT INTO ITEMPED VALUES (844, 13, 256);
INSERT INTO ITEMPED VALUES (844, 22, 203);
INSERT INTO ITEMPED VALUES (844, 25, 49);
INSERT INTO ITEMPED VALUES (844, 31, 38);
INSERT INTO ITEMPED VALUES (844, 45, 211);
INSERT INTO ITEMPED VALUES (844, 53, 192);
INSERT INTO PEDIDO VALUES (845, 45, 260, 720);
INSERT INTO ITEMPED VALUES (845, 53, 60);
INSERT INTO ITEMPED VALUES (845, 77, 286);
INSERT INTO ITEMPED VALUES (845, 78, 149);
INSERT INTO ITEMPED VALUES (845, 13, 146);
INSERT INTO ITEMPED VALUES (845, 22, 15);
INSERT INTO PEDIDO VALUES (846, 60, 410, 213);
INSERT INTO ITEMPED VALUES (846, 45, 194);
INSERT INTO ITEMPED VALUES (846, 53, 68);
INSERT INTO ITEMPED VALUES (846, 77, 270);
INSERT INTO PEDIDO VALUES (847, 45, 720, 310);
INSERT INTO ITEMPED VALUES (847, 31, 128);
INSERT INTO ITEMPED VALUES (847, 45, 166);
INSERT INTO PEDIDO VALUES (848, 30, 20, 240);
INSERT INTO ITEMPED VALUES (848, 45, 113);
INSERT INTO ITEMPED VALUES (848, 53, 68);
INSERT INTO PEDIDO VALUES (849, 45, 871, 11);
INSERT INTO ITEMPED VALUES (849, 78, 298);
INSERT INTO ITEMPED VALUES (849, 13, 262);
INSERT INTO ITEMPED VALUES (849, 22, 134);
INSERT INTO PEDIDO VALUES (850, 10, 720, 310);
INSERT INTO ITEMPED VALUES (850, 77, 70);
INSERT INTO ITEMPED VALUES (850, 78, 246);
INSERT INTO ITEMPED VALUES (850, 13, 186);
INSERT INTO ITEMPED VALUES (850, 22, 161);
INSERT INTO PEDIDO VALUES (851, 20, 260, 101);
INSERT INTO ITEMPED VALUES (851, 78, 277);
INSERT INTO ITEMPED VALUES (851, 13, 176);
INSERT INTO ITEMPED VALUES (851, 22, 114);
INSERT INTO ITEMPED VALUES (851, 25, 87);
INSERT INTO PEDIDO VALUES (852, 45, 390, 310);
INSERT INTO ITEMPED VALUES (852, 22, 229);
INSERT INTO ITEMPED VALUES (852, 25, 175);
INSERT INTO ITEMPED VALUES (852, 31, 251);
INSERT INTO PEDIDO VALUES (853, 20, 830, 111);
INSERT INTO ITEMPED VALUES (853, 13, 142);
INSERT INTO ITEMPED VALUES (853, 22, 145);
INSERT INTO ITEMPED VALUES (853, 25, 4);
INSERT INTO ITEMPED VALUES (853, 31, 100);
INSERT INTO ITEMPED VALUES (853, 45, 165);
INSERT INTO ITEMPED VALUES (853, 53, 242);
INSERT INTO PEDIDO VALUES (854, 60, 870, 209);
INSERT INTO ITEMPED VALUES (854, 31, 3);
INSERT INTO PEDIDO VALUES (855, 20, 20, 213);
INSERT INTO ITEMPED VALUES (855, 53, 249);
INSERT INTO PEDIDO VALUES (856, 30, 110, 11);
INSERT INTO ITEMPED VALUES (856, 25, 48);
INSERT INTO ITEMPED VALUES (856, 31, 239);
INSERT INTO ITEMPED VALUES (856, 45, 126);
INSERT INTO PEDIDO VALUES (857, 20, 390, 213);
INSERT INTO ITEMPED VALUES (857, 22, 275);
INSERT INTO ITEMPED VALUES (857, 25, 98);
INSERT INTO ITEMPED VALUES (857, 31, 100);
INSERT INTO PEDIDO VALUES (858, 45, 870, 209);
INSERT INTO ITEMPED VALUES (858, 45, 276);
INSERT INTO ITEMPED VALUES (858, 53, 175);
INSERT INTO ITEMPED VALUES (858, 77, 202);
INSERT INTO ITEMPED VALUES (858, 78, 204);
INSERT INTO ITEMPED VALUES (858, 13, 226);
INSERT INTO PEDIDO VALUES (859, 60, 180, 111);
INSERT INTO ITEMPED VALUES (859, 31, 221);
INSERT INTO ITEMPED VALUES (859, 45, 53);
INSERT INTO PEDIDO VALUES (860, 10, 871, 250);
INSERT INTO ITEMPED VALUES (860, 22, 226);
INSERT INTO ITEMPED VALUES (860, 25, 26);
INSERT INTO ITEMPED VALUES (860, 31, 265);
INSERT INTO ITEMPED VALUES (860, 45, 136);
INSERT INTO ITEMPED VALUES (860, 53, 25);
INSERT INTO ITEMPED VALUES (860, 77, 215);
INSERT INTO PEDIDO VALUES (861, 45, 260, 111);
INSERT INTO ITEMPED VALUES (861, 45, 167);
INSERT INTO ITEMPED VALUES (861, 53, 32);
INSERT INTO ITEMPED VALUES (861, 77, 238);
INSERT INTO ITEMPED VALUES (861, 78, 31);
INSERT INTO PEDIDO VALUES (862, 30, 410, 209);
INSERT INTO ITEMPED VALUES (862, 78, 224);
INSERT INTO ITEMPED VALUES (862, 13, 281);
INSERT INTO ITEMPED VALUES (862, 22, 240);
INSERT INTO ITEMPED VALUES (862, 25, 143);
INSERT INTO ITEMPED VALUES (862, 31, 183);
INSERT INTO PEDIDO VALUES (863, 60, 720, 111);
INSERT INTO ITEMPED VALUES (863, 77, 213);
INSERT INTO ITEMPED VALUES (863, 78, 70);
INSERT INTO PEDIDO VALUES (864, 45, 290, 11);
INSERT INTO ITEMPED VALUES (864, 13, 179);
INSERT INTO PEDIDO VALUES (865, 30, 110, 213);
INSERT INTO ITEMPED VALUES (865, 31, 219);
INSERT INTO ITEMPED VALUES (865, 45, 266);
INSERT INTO PEDIDO VALUES (866, 60, 720, 11);
INSERT INTO ITEMPED VALUES (866, 13, 14);
INSERT INTO PEDIDO VALUES (867, 45, 20, 101);
INSERT INTO ITEMPED VALUES (867, 53, 290);
INSERT INTO ITEMPED VALUES (867, 77, 158);
INSERT INTO ITEMPED VALUES (867, 78, 249);
INSERT INTO PEDIDO VALUES (868, 10, 110, 240);
INSERT INTO ITEMPED VALUES (868, 77, 233);
INSERT INTO PEDIDO VALUES (869, 20, 290, 310);
INSERT INTO ITEMPED VALUES (869, 31, 219);
INSERT INTO ITEMPED VALUES (869, 45, 225);
INSERT INTO ITEMPED VALUES (869, 53, 195);
INSERT INTO PEDIDO VALUES (870, 30, 871, 250);
INSERT INTO ITEMPED VALUES (870, 25, 105);
INSERT INTO ITEMPED VALUES (870, 31, 210);
INSERT INTO ITEMPED VALUES (870, 45, 224);
INSERT INTO PEDIDO VALUES (871, 45, 830, 11);
INSERT INTO ITEMPED VALUES (871, 77, 166);
INSERT INTO PEDIDO VALUES (872, 30, 870, 209);
INSERT INTO ITEMPED VALUES (872, 78, 139);
INSERT INTO ITEMPED VALUES (872, 13, 49);
INSERT INTO ITEMPED VALUES (872, 22, 277);
INSERT INTO PEDIDO VALUES (873, 10, 290, 720);
INSERT INTO ITEMPED VALUES (873, 31, 10);
INSERT INTO ITEMPED VALUES (873, 45, 4);
INSERT INTO ITEMPED VALUES (873, 53, 71);
INSERT INTO ITEMPED VALUES (873, 77, 207);
INSERT INTO ITEMPED VALUES (873, 78, 28);
INSERT INTO PEDIDO VALUES (874, 45, 180, 250);
INSERT INTO ITEMPED VALUES (874, 13, 195);
INSERT INTO PEDIDO VALUES (875, 10, 290, 213);
INSERT INTO ITEMPED VALUES (875, 77, 218);
INSERT INTO ITEMPED VALUES (875, 78, 200);
INSERT INTO PEDIDO VALUES (876, 20, 390, 720);
INSERT INTO ITEMPED VALUES (876, 25, 6);
INSERT INTO ITEMPED VALUES (876, 31, 175);
INSERT INTO ITEMPED VALUES (876, 45, 109);
INSERT INTO ITEMPED VALUES (876, 53, 51);
INSERT INTO ITEMPED VALUES (876, 77, 257);
INSERT INTO PEDIDO VALUES (877, 30, 410, 111);
INSERT INTO ITEMPED VALUES (877, 31, 29);
INSERT INTO ITEMPED VALUES (877, 45, 104);
INSERT INTO ITEMPED VALUES (877, 53, 239);
INSERT INTO ITEMPED VALUES (877, 77, 194);
INSERT INTO ITEMPED VALUES (877, 78, 230);
INSERT INTO PEDIDO VALUES (878, 10, 290, 209);
INSERT INTO ITEMPED VALUES (878, 45, 129);
INSERT INTO ITEMPED VALUES (878, 53, 212);
INSERT INTO PEDIDO VALUES (879, 30, 871, 213);
INSERT INTO ITEMPED VALUES (879, 78, 151);
INSERT INTO ITEMPED VALUES (879, 13, 90);
INSERT INTO ITEMPED VALUES (879, 22, 121);
INSERT INTO PEDIDO VALUES (880, 10, 870, 240);
INSERT INTO ITEMPED VALUES (880, 25, 63);
INSERT INTO ITEMPED VALUES (880, 31, 68);
INSERT INTO ITEMPED VALUES (880, 45, 236);
INSERT INTO ITEMPED VALUES (880, 53, 80);
INSERT INTO ITEMPED VALUES (880, 77, 287);
INSERT INTO ITEMPED VALUES (880, 78, 36);
INSERT INTO PEDIDO VALUES (881, 45, 830, 111);
INSERT INTO ITEMPED VALUES (881, 13, 135);
INSERT INTO ITEMPED VALUES (881, 22, 119);
INSERT INTO ITEMPED VALUES (881, 25, 226);
INSERT INTO PEDIDO VALUES (882, 20, 290, 240);
INSERT INTO ITEMPED VALUES (882, 25, 260);
INSERT INTO ITEMPED VALUES (882, 31, 154);
INSERT INTO ITEMPED VALUES (882, 45, 99);
INSERT INTO ITEMPED VALUES (882, 53, 120);
INSERT INTO ITEMPED VALUES (882, 77, 260);
INSERT INTO ITEMPED VALUES (882, 78, 166);
INSERT INTO PEDIDO VALUES (883, 10, 410, 101);
INSERT INTO ITEMPED VALUES (883, 45, 51);
INSERT INTO ITEMPED VALUES (883, 53, 278);
INSERT INTO ITEMPED VALUES (883, 77, 246);
INSERT INTO PEDIDO VALUES (884, 20, 290, 111);
INSERT INTO ITEMPED VALUES (884, 22, 228);
INSERT INTO ITEMPED VALUES (884, 25, 258);
INSERT INTO ITEMPED VALUES (884, 31, 246);
INSERT INTO ITEMPED VALUES (884, 45, 24);
INSERT INTO ITEMPED VALUES (884, 53, 6);
INSERT INTO ITEMPED VALUES (884, 77, 274);
INSERT INTO PEDIDO VALUES (885, 45, 390, 720);
INSERT INTO ITEMPED VALUES (885, 77, 96);
INSERT INTO ITEMPED VALUES (885, 78, 199);
INSERT INTO PEDIDO VALUES (886, 10, 870, 310);
INSERT INTO ITEMPED VALUES (886, 53, 280);
INSERT INTO ITEMPED VALUES (886, 77, 292);
INSERT INTO ITEMPED VALUES (886, 78, 156);
INSERT INTO ITEMPED VALUES (886, 13, 246);
INSERT INTO ITEMPED VALUES (886, 22, 154);
INSERT INTO PEDIDO VALUES (887, 20, 390, 250);
INSERT INTO ITEMPED VALUES (887, 22, 239);
INSERT INTO ITEMPED VALUES (887, 25, 224);
INSERT INTO PEDIDO VALUES (888, 60, 871, 101);
INSERT INTO ITEMPED VALUES (888, 53, 284);
INSERT INTO ITEMPED VALUES (888, 77, 84);
INSERT INTO ITEMPED VALUES (888, 78, 286);
INSERT INTO ITEMPED VALUES (888, 13, 129);
INSERT INTO PEDIDO VALUES (889, 30, 410, 240);
INSERT INTO ITEMPED VALUES (889, 13, 137);
INSERT INTO ITEMPED VALUES (889, 22, 297);
INSERT INTO ITEMPED VALUES (889, 25, 131);
INSERT INTO ITEMPED VALUES (889, 31, 191);
INSERT INTO ITEMPED VALUES (889, 45, 11);
INSERT INTO PEDIDO VALUES (890, 60, 260, 11);
INSERT INTO ITEMPED VALUES (890, 78, 60);
INSERT INTO ITEMPED VALUES (890, 13, 194);
INSERT INTO ITEMPED VALUES (890, 22, 77);
INSERT INTO ITEMPED VALUES (890, 25, 18);
INSERT INTO PEDIDO VALUES (891, 30, 830, 250);
INSERT INTO ITEMPED VALUES (891, 31, 281);
INSERT INTO ITEMPED VALUES (891, 45, 215);
INSERT INTO ITEMPED VALUES (891, 53, 94);
INSERT INTO ITEMPED VALUES (891, 77, 164);
INSERT INTO PEDIDO VALUES (892, 45, 390, 209);
INSERT INTO ITEMPED VALUES (892, 77, 244);
INSERT INTO ITEMPED VALUES (892, 78, 120);
INSERT INTO ITEMPED VALUES (892, 13, 75);
INSERT INTO ITEMPED VALUES (892, 22, 266);
INSERT INTO ITEMPED VALUES (892, 25, 18);
INSERT INTO PEDIDO VALUES (893, 10, 410, 213);
INSERT INTO ITEMPED VALUES (893, 13, 34);
INSERT INTO ITEMPED VALUES (893, 22, 210);
INSERT INTO ITEMPED VALUES (893, 25, 257);
INSERT INTO PEDIDO VALUES (894, 60, 870, 240);
INSERT INTO ITEMPED VALUES (894, 78, 156);
INSERT INTO ITEMPED VALUES (894, 13, 32);
INSERT INTO ITEMPED VALUES (894, 22, 295);
INSERT INTO PEDIDO VALUES (895, 30, 20, 101);
INSERT INTO ITEMPED VALUES (895, 45, 180);
INSERT INTO ITEMPED VALUES (895, 53, 59);
INSERT INTO PEDIDO VALUES (896, 60, 830, 240);
INSERT INTO ITEMPED VALUES (896, 53, 156);
INSERT INTO ITEMPED VALUES (896, 77, 105);
INSERT INTO PEDIDO VALUES (897, 45, 20, 11);
INSERT INTO ITEMPED VALUES (897, 13, 164);
INSERT INTO ITEMPED VALUES (897, 22, 300);
INSERT INTO ITEMPED VALUES (897, 25, 173);
INSERT INTO PEDIDO VALUES (898, 30, 410, 720);
INSERT INTO ITEMPED VALUES (898, 78, 13);
INSERT INTO ITEMPED VALUES (898, 13, 251);
INSERT INTO ITEMPED VALUES (898, 22, 186);
INSERT INTO ITEMPED VALUES (898, 25, 122);
INSERT INTO ITEMPED VALUES (898, 31, 213);
INSERT INTO PEDIDO VALUES (899, 20, 110, 250);
INSERT INTO ITEMPED VALUES (899, 45, 114);
INSERT INTO ITEMPED VALUES (899, 53, 59);
INSERT INTO ITEMPED VALUES (899, 77, 210);
INSERT INTO ITEMPED VALUES (899, 78, 90);
INSERT INTO ITEMPED VALUES (899, 13, 132);
INSERT INTO PEDIDO VALUES (900, 10, 180, 209);
INSERT INTO ITEMPED VALUES (900, 31, 175);
INSERT INTO ITEMPED VALUES (900, 45, 155);
INSERT INTO PEDIDO VALUES (901, 60, 830, 213);
INSERT INTO ITEMPED VALUES (901, 45, 123);
INSERT INTO ITEMPED VALUES (901, 53, 139);
INSERT INTO ITEMPED VALUES (901, 77, 80);
INSERT INTO ITEMPED VALUES (901, 78, 148);
INSERT INTO ITEMPED VALUES (901, 13, 228);
INSERT INTO PEDIDO VALUES (902, 10, 20, 111);
INSERT INTO ITEMPED VALUES (902, 31, 292);
INSERT INTO ITEMPED VALUES (902, 45, 281);
INSERT INTO ITEMPED VALUES (902, 53, 272);
INSERT INTO ITEMPED VALUES (902, 77, 260);
INSERT INTO ITEMPED VALUES (902, 78, 96);
INSERT INTO PEDIDO VALUES (903, 30, 260, 209);
INSERT INTO ITEMPED VALUES (903, 25, 286);
INSERT INTO PEDIDO VALUES (904, 10, 390, 310);
INSERT INTO ITEMPED VALUES (904, 45, 301);
INSERT INTO ITEMPED VALUES (904, 53, 77);
INSERT INTO ITEMPED VALUES (904, 77, 184);
INSERT INTO ITEMPED VALUES (904, 78, 79);
INSERT INTO ITEMPED VALUES (904, 13, 4);
INSERT INTO ITEMPED VALUES (904, 22, 150);
INSERT INTO PEDIDO VALUES (905, 20, 290, 111);
INSERT INTO ITEMPED VALUES (905, 77, 74);
INSERT INTO ITEMPED VALUES (905, 78, 86);
INSERT INTO ITEMPED VALUES (905, 13, 155);
INSERT INTO ITEMPED VALUES (905, 22, 237);
INSERT INTO ITEMPED VALUES (905, 25, 267);
INSERT INTO PEDIDO VALUES (906, 60, 720, 250);
INSERT INTO ITEMPED VALUES (906, 45, 102);
INSERT INTO ITEMPED VALUES (906, 53, 297);
INSERT INTO ITEMPED VALUES (906, 77, 10);
INSERT INTO ITEMPED VALUES (906, 78, 64);
INSERT INTO ITEMPED VALUES (906, 13, 205);
INSERT INTO PEDIDO VALUES (907, 30, 110, 240);
INSERT INTO ITEMPED VALUES (907, 53, 139);
INSERT INTO ITEMPED VALUES (907, 77, 40);
INSERT INTO ITEMPED VALUES (907, 78, 145);
INSERT INTO ITEMPED VALUES (907, 13, 64);
INSERT INTO ITEMPED VALUES (907, 22, 10);
INSERT INTO ITEMPED VALUES (907, 25, 197);
INSERT INTO PEDIDO VALUES (908, 20, 20, 250);
INSERT INTO ITEMPED VALUES (908, 77, 231);
INSERT INTO ITEMPED VALUES (908, 78, 29);
INSERT INTO ITEMPED VALUES (908, 13, 141);
INSERT INTO PEDIDO VALUES (909, 45, 871, 209);
INSERT INTO ITEMPED VALUES (909, 45, 36);
INSERT INTO ITEMPED VALUES (909, 53, 202);
INSERT INTO ITEMPED VALUES (909, 77, 190);
INSERT INTO ITEMPED VALUES (909, 78, 287);
INSERT INTO PEDIDO VALUES (910, 60, 180, 111);
INSERT INTO ITEMPED VALUES (910, 22, 24);
INSERT INTO ITEMPED VALUES (910, 25, 93);
INSERT INTO ITEMPED VALUES (910, 31, 108);
INSERT INTO ITEMPED VALUES (910, 45, 11);
INSERT INTO PEDIDO VALUES (911, 45, 870, 11);
INSERT INTO ITEMPED VALUES (911, 45, 136);
INSERT INTO ITEMPED VALUES (911, 53, 190);
INSERT INTO ITEMPED VALUES (911, 77, 185);
INSERT INTO ITEMPED VALUES (911, 78, 266);
INSERT INTO ITEMPED VALUES (911, 13, 219);
INSERT INTO PEDIDO VALUES (912, 30, 290, 250);
INSERT INTO ITEMPED VALUES (912, 78, 137);
INSERT INTO ITEMPED VALUES (912, 13, 78);
INSERT INTO ITEMPED VALUES (912, 22, 53);
INSERT INTO ITEMPED VALUES (912, 25, 71);
INSERT INTO PEDIDO VALUES (913, 20, 410, 240);
INSERT INTO ITEMPED VALUES (913, 25, 53);
INSERT INTO ITEMPED VALUES (913, 31, 136);
INSERT INTO ITEMPED VALUES (913, 45, 93);
INSERT INTO ITEMPED VALUES (913, 53, 74);
INSERT INTO ITEMPED VALUES (913, 77, 298);
INSERT INTO PEDIDO VALUES (914, 30, 871, 11);
INSERT INTO ITEMPED VALUES (914, 78, 117);
INSERT INTO ITEMPED VALUES (914, 13, 210);
INSERT INTO ITEMPED VALUES (914, 22, 93);
INSERT INTO ITEMPED VALUES (914, 25, 255);
INSERT INTO ITEMPED VALUES (914, 31, 51);
INSERT INTO PEDIDO VALUES (915, 45, 110, 310);
INSERT INTO ITEMPED VALUES (915, 13, 47);
INSERT INTO ITEMPED VALUES (915, 22, 117);
INSERT INTO ITEMPED VALUES (915, 25, 218);
INSERT INTO ITEMPED VALUES (915, 31, 139);
INSERT INTO PEDIDO VALUES (916, 60, 830, 209);
INSERT INTO ITEMPED VALUES (916, 31, 192);
INSERT INTO ITEMPED VALUES (916, 45, 205);
INSERT INTO PEDIDO VALUES (917, 45, 20, 11);
INSERT INTO ITEMPED VALUES (917, 45, 181);
INSERT INTO PEDIDO VALUES (918, 30, 110, 213);
INSERT INTO ITEMPED VALUES (918, 22, 114);
INSERT INTO ITEMPED VALUES (918, 25, 4);
INSERT INTO ITEMPED VALUES (918, 31, 141);
INSERT INTO PEDIDO VALUES (919, 10, 260, 101);
INSERT INTO ITEMPED VALUES (919, 77, 223);
INSERT INTO ITEMPED VALUES (919, 78, 160);
INSERT INTO ITEMPED VALUES (919, 13, 16);
INSERT INTO ITEMPED VALUES (919, 22, 143);
INSERT INTO ITEMPED VALUES (919, 25, 57);
INSERT INTO PEDIDO VALUES (920, 20, 110, 209);
INSERT INTO ITEMPED VALUES (920, 31, 80);
INSERT INTO ITEMPED VALUES (920, 45, 44);
INSERT INTO PEDIDO VALUES (921, 10, 290, 101);
INSERT INTO ITEMPED VALUES (921, 77, 273);
INSERT INTO ITEMPED VALUES (921, 78, 241);
INSERT INTO ITEMPED VALUES (921, 13, 97);
INSERT INTO ITEMPED VALUES (921, 22, 191);
INSERT INTO ITEMPED VALUES (921, 25, 212);
INSERT INTO PEDIDO VALUES (922, 45, 720, 310);
INSERT INTO ITEMPED VALUES (922, 13, 284);
INSERT INTO ITEMPED VALUES (922, 22, 263);
INSERT INTO PEDIDO VALUES (923, 30, 180, 720);
INSERT INTO ITEMPED VALUES (923, 25, 212);
INSERT INTO ITEMPED VALUES (923, 31, 124);
INSERT INTO ITEMPED VALUES (923, 45, 40);
INSERT INTO PEDIDO VALUES (924, 45, 390, 101);
INSERT INTO ITEMPED VALUES (924, 45, 247);
INSERT INTO ITEMPED VALUES (924, 53, 233);
INSERT INTO ITEMPED VALUES (924, 77, 184);
INSERT INTO ITEMPED VALUES (924, 78, 106);
INSERT INTO ITEMPED VALUES (924, 13, 115);
INSERT INTO PEDIDO VALUES (925, 20, 871, 310);
INSERT INTO ITEMPED VALUES (925, 22, 181);
INSERT INTO ITEMPED VALUES (925, 25, 276);
INSERT INTO ITEMPED VALUES (925, 31, 288);
INSERT INTO ITEMPED VALUES (925, 45, 213);
INSERT INTO ITEMPED VALUES (925, 53, 30);
INSERT INTO PEDIDO VALUES (926, 45, 260, 240);
INSERT INTO ITEMPED VALUES (926, 31, 159);
INSERT INTO ITEMPED VALUES (926, 45, 180);
INSERT INTO ITEMPED VALUES (926, 53, 160);
INSERT INTO ITEMPED VALUES (926, 77, 40);
INSERT INTO PEDIDO VALUES (927, 60, 871, 213);
INSERT INTO ITEMPED VALUES (927, 45, 145);
INSERT INTO ITEMPED VALUES (927, 53, 209);
INSERT INTO ITEMPED VALUES (927, 77, 20);
INSERT INTO ITEMPED VALUES (927, 78, 288);
INSERT INTO ITEMPED VALUES (927, 13, 264);
INSERT INTO PEDIDO VALUES (928, 30, 870, 11);
INSERT INTO ITEMPED VALUES (928, 25, 244);
INSERT INTO ITEMPED VALUES (928, 31, 219);
INSERT INTO ITEMPED VALUES (928, 45, 91);
INSERT INTO ITEMPED VALUES (928, 53, 123);
INSERT INTO PEDIDO VALUES (929, 60, 110, 310);
INSERT INTO ITEMPED VALUES (929, 13, 283);
INSERT INTO ITEMPED VALUES (929, 22, 298);
INSERT INTO ITEMPED VALUES (929, 25, 152);
INSERT INTO ITEMPED VALUES (929, 31, 159);
INSERT INTO ITEMPED VALUES (929, 45, 78);
INSERT INTO PEDIDO VALUES (930, 20, 20, 209);
INSERT INTO ITEMPED VALUES (930, 77, 79);
INSERT INTO ITEMPED VALUES (930, 78, 229);
INSERT INTO ITEMPED VALUES (930, 13, 86);
INSERT INTO ITEMPED VALUES (930, 22, 121);
INSERT INTO ITEMPED VALUES (930, 25, 76);
INSERT INTO PEDIDO VALUES (931, 45, 390, 11);
INSERT INTO ITEMPED VALUES (931, 45, 178);
INSERT INTO ITEMPED VALUES (931, 53, 176);
INSERT INTO ITEMPED VALUES (931, 77, 290);
INSERT INTO PEDIDO VALUES (932, 20, 110, 209);
INSERT INTO ITEMPED VALUES (932, 13, 294);
INSERT INTO ITEMPED VALUES (932, 22, 4);
INSERT INTO PEDIDO VALUES (933, 30, 870, 101);
INSERT INTO ITEMPED VALUES (933, 78, 84);
INSERT INTO ITEMPED VALUES (933, 13, 95);
INSERT INTO PEDIDO VALUES (934, 10, 410, 310);
INSERT INTO ITEMPED VALUES (934, 31, 52);
INSERT INTO ITEMPED VALUES (934, 45, 13);
INSERT INTO ITEMPED VALUES (934, 53, 260);
INSERT INTO ITEMPED VALUES (934, 77, 206);
INSERT INTO ITEMPED VALUES (934, 78, 147);
INSERT INTO ITEMPED VALUES (934, 13, 150);
INSERT INTO PEDIDO VALUES (935, 60, 870, 101);
INSERT INTO ITEMPED VALUES (935, 25, 223);
INSERT INTO ITEMPED VALUES (935, 31, 289);
INSERT INTO ITEMPED VALUES (935, 45, 114);
INSERT INTO ITEMPED VALUES (935, 53, 242);
INSERT INTO PEDIDO VALUES (936, 45, 180, 213);
INSERT INTO ITEMPED VALUES (936, 78, 122);
INSERT INTO ITEMPED VALUES (936, 13, 186);
INSERT INTO ITEMPED VALUES (936, 22, 5);
INSERT INTO ITEMPED VALUES (936, 25, 31);
INSERT INTO ITEMPED VALUES (936, 31, 279);
INSERT INTO PEDIDO VALUES (937, 10, 110, 209);
INSERT INTO ITEMPED VALUES (937, 22, 187);
INSERT INTO ITEMPED VALUES (937, 25, 83);
INSERT INTO ITEMPED VALUES (937, 31, 296);
INSERT INTO PEDIDO VALUES (938, 30, 410, 310);
INSERT INTO ITEMPED VALUES (938, 13, 283);
INSERT INTO ITEMPED VALUES (938, 22, 28);
INSERT INTO PEDIDO VALUES (939, 60, 870, 720);
INSERT INTO ITEMPED VALUES (939, 78, 69);
INSERT INTO PEDIDO VALUES (940, 20, 720, 11);
INSERT INTO ITEMPED VALUES (940, 53, 192);
INSERT INTO PEDIDO VALUES (941, 10, 110, 213);
INSERT INTO ITEMPED VALUES (941, 77, 120);
INSERT INTO ITEMPED VALUES (941, 78, 5);
INSERT INTO ITEMPED VALUES (941, 13, 22);
INSERT INTO ITEMPED VALUES (941, 22, 208);
INSERT INTO PEDIDO VALUES (942, 30, 830, 240);
INSERT INTO ITEMPED VALUES (942, 22, 167);
INSERT INTO ITEMPED VALUES (942, 25, 212);
INSERT INTO ITEMPED VALUES (942, 31, 106);
INSERT INTO PEDIDO VALUES (943, 20, 870, 310);
INSERT INTO ITEMPED VALUES (943, 77, 61);
INSERT INTO ITEMPED VALUES (943, 78, 83);
INSERT INTO ITEMPED VALUES (943, 13, 268);
INSERT INTO ITEMPED VALUES (943, 22, 86);
INSERT INTO ITEMPED VALUES (943, 25, 89);
INSERT INTO ITEMPED VALUES (943, 31, 177);
INSERT INTO PEDIDO VALUES (944, 60, 260, 213);
INSERT INTO ITEMPED VALUES (944, 22, 189);
INSERT INTO ITEMPED VALUES (944, 25, 98);
INSERT INTO ITEMPED VALUES (944, 31, 24);
INSERT INTO PEDIDO VALUES (945, 30, 830, 11);
INSERT INTO ITEMPED VALUES (945, 45, 237);
INSERT INTO ITEMPED VALUES (945, 53, 18);
INSERT INTO PEDIDO VALUES (946, 45, 410, 101);
INSERT INTO ITEMPED VALUES (946, 53, 100);
INSERT INTO ITEMPED VALUES (946, 77, 143);
INSERT INTO ITEMPED VALUES (946, 78, 292);
INSERT INTO ITEMPED VALUES (946, 13, 140);
INSERT INTO PEDIDO VALUES (947, 20, 180, 209);
INSERT INTO ITEMPED VALUES (947, 13, 57);
INSERT INTO ITEMPED VALUES (947, 22, 84);
INSERT INTO ITEMPED VALUES (947, 25, 215);
INSERT INTO ITEMPED VALUES (947, 31, 104);
INSERT INTO ITEMPED VALUES (947, 45, 81);
INSERT INTO PEDIDO VALUES (948, 60, 290, 101);
INSERT INTO ITEMPED VALUES (948, 22, 102);
INSERT INTO ITEMPED VALUES (948, 25, 254);
INSERT INTO PEDIDO VALUES (949, 20, 870, 11);
INSERT INTO ITEMPED VALUES (949, 77, 216);
INSERT INTO ITEMPED VALUES (949, 78, 54);
INSERT INTO ITEMPED VALUES (949, 13, 34);
INSERT INTO ITEMPED VALUES (949, 22, 197);
INSERT INTO ITEMPED VALUES (949, 25, 228);
INSERT INTO ITEMPED VALUES (949, 31, 151);
INSERT INTO PEDIDO VALUES (950, 45, 390, 240);
INSERT INTO ITEMPED VALUES (950, 31, 70);
INSERT INTO ITEMPED VALUES (950, 45, 194);
INSERT INTO ITEMPED VALUES (950, 53, 66);
INSERT INTO ITEMPED VALUES (950, 77, 192);
INSERT INTO PEDIDO VALUES (951, 30, 720, 209);
INSERT INTO ITEMPED VALUES (951, 25, 120);
INSERT INTO ITEMPED VALUES (951, 31, 289);
INSERT INTO ITEMPED VALUES (951, 45, 161);
INSERT INTO PEDIDO VALUES (952, 60, 410, 310);
INSERT INTO ITEMPED VALUES (952, 45, 241);
INSERT INTO ITEMPED VALUES (952, 53, 264);
INSERT INTO ITEMPED VALUES (952, 77, 279);
INSERT INTO ITEMPED VALUES (952, 78, 110);
INSERT INTO ITEMPED VALUES (952, 13, 259);
INSERT INTO ITEMPED VALUES (952, 22, 135);
INSERT INTO PEDIDO VALUES (953, 30, 720, 111);
INSERT INTO ITEMPED VALUES (953, 78, 191);
INSERT INTO ITEMPED VALUES (953, 13, 119);
INSERT INTO ITEMPED VALUES (953, 22, 232);
INSERT INTO ITEMPED VALUES (953, 25, 155);
INSERT INTO ITEMPED VALUES (953, 31, 39);
INSERT INTO PEDIDO VALUES (954, 10, 110, 11);
INSERT INTO ITEMPED VALUES (954, 25, 7);
INSERT INTO PEDIDO VALUES (955, 30, 20, 101);
INSERT INTO ITEMPED VALUES (955, 13, 142);
INSERT INTO ITEMPED VALUES (955, 22, 5);
INSERT INTO ITEMPED VALUES (955, 25, 17);
INSERT INTO ITEMPED VALUES (955, 31, 232);
INSERT INTO ITEMPED VALUES (955, 45, 29);
INSERT INTO ITEMPED VALUES (955, 53, 245);
INSERT INTO PEDIDO VALUES (956, 60, 290, 310);
INSERT INTO ITEMPED VALUES (956, 78, 292);
INSERT INTO ITEMPED VALUES (956, 13, 295);
INSERT INTO ITEMPED VALUES (956, 22, 226);
INSERT INTO ITEMPED VALUES (956, 25, 102);
INSERT INTO ITEMPED VALUES (956, 31, 302);
INSERT INTO ITEMPED VALUES (956, 45, 34);
INSERT INTO PEDIDO VALUES (957, 20, 180, 240);
INSERT INTO ITEMPED VALUES (957, 25, 56);
INSERT INTO ITEMPED VALUES (957, 31, 223);
INSERT INTO ITEMPED VALUES (957, 45, 126);
INSERT INTO PEDIDO VALUES (958, 30, 260, 209);
INSERT INTO ITEMPED VALUES (958, 77, 239);
INSERT INTO ITEMPED VALUES (958, 78, 250);
INSERT INTO ITEMPED VALUES (958, 13, 89);
INSERT INTO ITEMPED VALUES (958, 22, 154);
INSERT INTO ITEMPED VALUES (958, 25, 252);
INSERT INTO ITEMPED VALUES (958, 31, 153);
INSERT INTO PEDIDO VALUES (959, 60, 20, 11);
INSERT INTO ITEMPED VALUES (959, 22, 281);
INSERT INTO ITEMPED VALUES (959, 25, 149);
INSERT INTO ITEMPED VALUES (959, 31, 255);
INSERT INTO ITEMPED VALUES (959, 45, 113);
INSERT INTO ITEMPED VALUES (959, 53, 74);
INSERT INTO PEDIDO VALUES (960, 45, 410, 720);
INSERT INTO ITEMPED VALUES (960, 78, 95);
INSERT INTO PEDIDO VALUES (961, 30, 20, 250);
INSERT INTO ITEMPED VALUES (961, 25, 295);
INSERT INTO ITEMPED VALUES (961, 31, 78);
INSERT INTO ITEMPED VALUES (961, 45, 214);
INSERT INTO ITEMPED VALUES (961, 53, 16);
INSERT INTO PEDIDO VALUES (962, 20, 830, 720);
INSERT INTO ITEMPED VALUES (962, 45, 173);
INSERT INTO ITEMPED VALUES (962, 53, 242);
INSERT INTO ITEMPED VALUES (962, 77, 263);
INSERT INTO ITEMPED VALUES (962, 78, 231);
INSERT INTO PEDIDO VALUES (963, 45, 870, 209);
INSERT INTO ITEMPED VALUES (963, 13, 141);
INSERT INTO ITEMPED VALUES (963, 22, 41);
INSERT INTO ITEMPED VALUES (963, 25, 73);
INSERT INTO ITEMPED VALUES (963, 31, 8);
INSERT INTO ITEMPED VALUES (963, 45, 214);
INSERT INTO PEDIDO VALUES (964, 60, 390, 240);
INSERT INTO ITEMPED VALUES (964, 78, 196);
INSERT INTO ITEMPED VALUES (964, 13, 292);
INSERT INTO ITEMPED VALUES (964, 22, 283);
INSERT INTO ITEMPED VALUES (964, 25, 180);
INSERT INTO PEDIDO VALUES (965, 10, 110, 101);
INSERT INTO ITEMPED VALUES (965, 31, 78);
INSERT INTO ITEMPED VALUES (965, 45, 291);
INSERT INTO ITEMPED VALUES (965, 53, 84);
INSERT INTO ITEMPED VALUES (965, 77, 212);
INSERT INTO PEDIDO VALUES (966, 20, 180, 213);
INSERT INTO ITEMPED VALUES (966, 77, 178);
INSERT INTO ITEMPED VALUES (966, 78, 166);
INSERT INTO PEDIDO VALUES (967, 45, 290, 101);
INSERT INTO ITEMPED VALUES (967, 78, 209);
INSERT INTO ITEMPED VALUES (967, 13, 248);
INSERT INTO ITEMPED VALUES (967, 22, 125);
INSERT INTO ITEMPED VALUES (967, 25, 221);
INSERT INTO ITEMPED VALUES (967, 31, 90);
INSERT INTO PEDIDO VALUES (968, 60, 830, 250);
INSERT INTO ITEMPED VALUES (968, 31, 141);
INSERT INTO PEDIDO VALUES (969, 30, 20, 310);
INSERT INTO ITEMPED VALUES (969, 53, 225);
INSERT INTO ITEMPED VALUES (969, 77, 86);
INSERT INTO ITEMPED VALUES (969, 78, 95);
INSERT INTO ITEMPED VALUES (969, 13, 284);
INSERT INTO PEDIDO VALUES (970, 60, 390, 11);
INSERT INTO ITEMPED VALUES (970, 22, 249);
INSERT INTO ITEMPED VALUES (970, 25, 160);
INSERT INTO PEDIDO VALUES (971, 20, 20, 111);
INSERT INTO ITEMPED VALUES (971, 13, 241);
INSERT INTO ITEMPED VALUES (971, 22, 274);
INSERT INTO ITEMPED VALUES (971, 25, 165);
INSERT INTO PEDIDO VALUES (972, 30, 110, 209);
INSERT INTO ITEMPED VALUES (972, 22, 210);
INSERT INTO ITEMPED VALUES (972, 25, 111);
INSERT INTO ITEMPED VALUES (972, 31, 14);
INSERT INTO ITEMPED VALUES (972, 45, 288);
INSERT INTO ITEMPED VALUES (972, 53, 16);
INSERT INTO PEDIDO VALUES (973, 60, 720, 111);
INSERT INTO ITEMPED VALUES (973, 25, 229);
INSERT INTO ITEMPED VALUES (973, 31, 249);
INSERT INTO ITEMPED VALUES (973, 45, 197);
INSERT INTO ITEMPED VALUES (973, 53, 97);
INSERT INTO ITEMPED VALUES (973, 77, 113);
INSERT INTO PEDIDO VALUES (974, 20, 390, 720);
INSERT INTO ITEMPED VALUES (974, 77, 79);
INSERT INTO ITEMPED VALUES (974, 78, 79);
INSERT INTO ITEMPED VALUES (974, 13, 186);
INSERT INTO ITEMPED VALUES (974, 22, 61);
INSERT INTO ITEMPED VALUES (974, 25, 62);
INSERT INTO PEDIDO VALUES (975, 30, 410, 111);
INSERT INTO ITEMPED VALUES (975, 78, 121);
INSERT INTO ITEMPED VALUES (975, 13, 226);
INSERT INTO ITEMPED VALUES (975, 22, 233);
INSERT INTO PEDIDO VALUES (976, 45, 20, 213);
INSERT INTO ITEMPED VALUES (976, 77, 88);
INSERT INTO ITEMPED VALUES (976, 78, 177);
INSERT INTO PEDIDO VALUES (977, 10, 870, 101);
INSERT INTO ITEMPED VALUES (977, 22, 98);
INSERT INTO ITEMPED VALUES (977, 25, 175);
INSERT INTO ITEMPED VALUES (977, 31, 231);
INSERT INTO ITEMPED VALUES (977, 45, 210);
INSERT INTO PEDIDO VALUES (978, 30, 390, 209);
INSERT INTO ITEMPED VALUES (978, 45, 275);
INSERT INTO PEDIDO VALUES (979, 20, 720, 11);
INSERT INTO ITEMPED VALUES (979, 22, 268);
INSERT INTO ITEMPED VALUES (979, 25, 123);
INSERT INTO ITEMPED VALUES (979, 31, 173);
INSERT INTO ITEMPED VALUES (979, 45, 17);
INSERT INTO ITEMPED VALUES (979, 53, 274);
INSERT INTO PEDIDO VALUES (980, 30, 290, 213);
INSERT INTO ITEMPED VALUES (980, 45, 213);
INSERT INTO PEDIDO VALUES (981, 20, 720, 720);
INSERT INTO ITEMPED VALUES (981, 13, 233);
INSERT INTO ITEMPED VALUES (981, 22, 250);
INSERT INTO ITEMPED VALUES (981, 25, 204);
INSERT INTO ITEMPED VALUES (981, 31, 6);
INSERT INTO PEDIDO VALUES (982, 30, 110, 11);
INSERT INTO ITEMPED VALUES (982, 77, 96);
INSERT INTO ITEMPED VALUES (982, 78, 88);
INSERT INTO ITEMPED VALUES (982, 13, 192);
INSERT INTO ITEMPED VALUES (982, 22, 206);
INSERT INTO PEDIDO VALUES (983, 60, 20, 111);
INSERT INTO ITEMPED VALUES (983, 45, 205);
INSERT INTO ITEMPED VALUES (983, 53, 17);
INSERT INTO ITEMPED VALUES (983, 77, 248);
INSERT INTO PEDIDO VALUES (984, 20, 410, 101);
INSERT INTO ITEMPED VALUES (984, 78, 178);
INSERT INTO ITEMPED VALUES (984, 13, 119);
INSERT INTO ITEMPED VALUES (984, 22, 20);
INSERT INTO ITEMPED VALUES (984, 25, 220);
INSERT INTO PEDIDO VALUES (985, 45, 870, 111);
INSERT INTO ITEMPED VALUES (985, 53, 281);
INSERT INTO ITEMPED VALUES (985, 77, 125);
INSERT INTO ITEMPED VALUES (985, 78, 249);
INSERT INTO ITEMPED VALUES (985, 13, 251);
INSERT INTO ITEMPED VALUES (985, 22, 180);
INSERT INTO ITEMPED VALUES (985, 25, 235);
INSERT INTO PEDIDO VALUES (986, 30, 390, 101);
INSERT INTO ITEMPED VALUES (986, 78, 243);
INSERT INTO ITEMPED VALUES (986, 13, 71);
INSERT INTO ITEMPED VALUES (986, 22, 118);
INSERT INTO PEDIDO VALUES (987, 60, 720, 250);
INSERT INTO ITEMPED VALUES (987, 13, 4);
INSERT INTO ITEMPED VALUES (987, 22, 222);
INSERT INTO ITEMPED VALUES (987, 25, 197);
INSERT INTO ITEMPED VALUES (987, 31, 268);
INSERT INTO ITEMPED VALUES (987, 45, 234);
INSERT INTO PEDIDO VALUES (988, 10, 180, 240);
INSERT INTO ITEMPED VALUES (988, 31, 235);
INSERT INTO ITEMPED VALUES (988, 45, 274);
INSERT INTO PEDIDO VALUES (989, 45, 830, 250);
INSERT INTO ITEMPED VALUES (989, 45, 29);
INSERT INTO ITEMPED VALUES (989, 53, 57);
INSERT INTO ITEMPED VALUES (989, 77, 122);
INSERT INTO ITEMPED VALUES (989, 78, 140);
INSERT INTO ITEMPED VALUES (989, 13, 170);
INSERT INTO PEDIDO VALUES (990, 30, 871, 213);
INSERT INTO ITEMPED VALUES (990, 53, 38);
INSERT INTO ITEMPED VALUES (990, 77, 247);
INSERT INTO PEDIDO VALUES (991, 10, 410, 240);
INSERT INTO ITEMPED VALUES (991, 45, 95);
INSERT INTO ITEMPED VALUES (991, 53, 131);
INSERT INTO ITEMPED VALUES (991, 77, 183);
INSERT INTO PEDIDO VALUES (992, 30, 870, 310);
INSERT INTO ITEMPED VALUES (992, 13, 113);
INSERT INTO ITEMPED VALUES (992, 22, 278);
INSERT INTO ITEMPED VALUES (992, 25, 110);
INSERT INTO ITEMPED VALUES (992, 31, 168);
INSERT INTO PEDIDO VALUES (993, 20, 390, 250);
INSERT INTO ITEMPED VALUES (993, 78, 206);
INSERT INTO ITEMPED VALUES (993, 13, 121);
INSERT INTO ITEMPED VALUES (993, 22, 25);
INSERT INTO ITEMPED VALUES (993, 25, 4);
INSERT INTO PEDIDO VALUES (994, 10, 290, 720);
INSERT INTO ITEMPED VALUES (994, 77, 266);
INSERT INTO ITEMPED VALUES (994, 78, 153);
INSERT INTO ITEMPED VALUES (994, 13, 302);
INSERT INTO ITEMPED VALUES (994, 22, 176);
INSERT INTO ITEMPED VALUES (994, 25, 38);
INSERT INTO PEDIDO VALUES (995, 30, 830, 250);
INSERT INTO ITEMPED VALUES (995, 25, 13);
INSERT INTO PEDIDO VALUES (996, 10, 180, 11);
INSERT INTO ITEMPED VALUES (996, 31, 173);
INSERT INTO PEDIDO VALUES (997, 60, 20, 310);
INSERT INTO ITEMPED VALUES (997, 13, 177);
INSERT INTO ITEMPED VALUES (997, 22, 73);
INSERT INTO PEDIDO VALUES (998, 10, 180, 11);
INSERT INTO ITEMPED VALUES (998, 78, 270);
INSERT INTO ITEMPED VALUES (998, 13, 237);
INSERT INTO ITEMPED VALUES (998, 22, 204);
INSERT INTO ITEMPED VALUES (998, 25, 78);
INSERT INTO ITEMPED VALUES (998, 31, 66);
INSERT INTO ITEMPED VALUES (998, 45, 251);
INSERT INTO PEDIDO VALUES (999, 45, 830, 240);
INSERT INTO ITEMPED VALUES (999, 13, 223);
INSERT INTO ITEMPED VALUES (999, 22, 101);
INSERT INTO PEDIDO VALUES (1000, 60, 290, 111);
INSERT INTO ITEMPED VALUES (1000, 31, 102);
INSERT INTO ITEMPED VALUES (1000, 45, 122);
INSERT INTO PEDIDO VALUES (1001, 45, 871, 250);
INSERT INTO ITEMPED VALUES (1001, 77, 210);
INSERT INTO ITEMPED VALUES (1001, 78, 173);
INSERT INTO ITEMPED VALUES (1001, 13, 241);
INSERT INTO ITEMPED VALUES (1001, 22, 85);
INSERT INTO PEDIDO VALUES (1002, 20, 110, 310);
INSERT INTO ITEMPED VALUES (1002, 78, 194);
INSERT INTO ITEMPED VALUES (1002, 13, 89);
INSERT INTO ITEMPED VALUES (1002, 22, 97);
INSERT INTO ITEMPED VALUES (1002, 25, 264);
INSERT INTO ITEMPED VALUES (1002, 31, 41);
INSERT INTO ITEMPED VALUES (1002, 45, 256);
INSERT INTO PEDIDO VALUES (1003, 10, 180, 101);
INSERT INTO ITEMPED VALUES (1003, 31, 39);
INSERT INTO ITEMPED VALUES (1003, 45, 70);
INSERT INTO ITEMPED VALUES (1003, 53, 61);
INSERT INTO ITEMPED VALUES (1003, 77, 12);
INSERT INTO ITEMPED VALUES (1003, 78, 27);
INSERT INTO ITEMPED VALUES (1003, 13, 251);
INSERT INTO PEDIDO VALUES (1004, 30, 720, 11);
INSERT INTO ITEMPED VALUES (1004, 13, 174);
INSERT INTO ITEMPED VALUES (1004, 22, 168);
INSERT INTO ITEMPED VALUES (1004, 25, 216);
INSERT INTO PEDIDO VALUES (1005, 20, 20, 213);
INSERT INTO ITEMPED VALUES (1005, 45, 244);
INSERT INTO ITEMPED VALUES (1005, 53, 62);
INSERT INTO PEDIDO VALUES (1006, 30, 290, 240);
INSERT INTO ITEMPED VALUES (1006, 53, 23);
INSERT INTO ITEMPED VALUES (1006, 77, 100);
INSERT INTO ITEMPED VALUES (1006, 78, 119);
INSERT INTO ITEMPED VALUES (1006, 13, 147);
INSERT INTO ITEMPED VALUES (1006, 22, 62);
INSERT INTO ITEMPED VALUES (1006, 25, 114);
INSERT INTO PEDIDO VALUES (1007, 45, 871, 250);
INSERT INTO ITEMPED VALUES (1007, 31, 264);
INSERT INTO ITEMPED VALUES (1007, 45, 193);
INSERT INTO ITEMPED VALUES (1007, 53, 270);
INSERT INTO ITEMPED VALUES (1007, 77, 171);
INSERT INTO PEDIDO VALUES (1008, 10, 180, 209);
INSERT INTO ITEMPED VALUES (1008, 78, 279);
INSERT INTO ITEMPED VALUES (1008, 13, 216);
INSERT INTO PEDIDO VALUES (1009, 20, 20, 213);
INSERT INTO ITEMPED VALUES (1009, 13, 129);
INSERT INTO ITEMPED VALUES (1009, 22, 277);
INSERT INTO ITEMPED VALUES (1009, 25, 160);
INSERT INTO ITEMPED VALUES (1009, 31, 98);
INSERT INTO PEDIDO VALUES (1010, 10, 871, 101);
INSERT INTO ITEMPED VALUES (1010, 53, 148);
INSERT INTO ITEMPED VALUES (1010, 77, 158);
INSERT INTO ITEMPED VALUES (1010, 78, 6);
INSERT INTO ITEMPED VALUES (1010, 13, 206);
INSERT INTO PEDIDO VALUES (1011, 30, 260, 209);
INSERT INTO ITEMPED VALUES (1011, 45, 272);
INSERT INTO ITEMPED VALUES (1011, 53, 35);
INSERT INTO ITEMPED VALUES (1011, 77, 80);
INSERT INTO ITEMPED VALUES (1011, 78, 276);
INSERT INTO ITEMPED VALUES (1011, 13, 236);
INSERT INTO PEDIDO VALUES (1012, 60, 290, 720);
INSERT INTO ITEMPED VALUES (1012, 25, 132);
INSERT INTO ITEMPED VALUES (1012, 31, 153);
INSERT INTO ITEMPED VALUES (1012, 45, 5);
INSERT INTO ITEMPED VALUES (1012, 53, 17);
INSERT INTO PEDIDO VALUES (1013, 10, 871, 240);
INSERT INTO ITEMPED VALUES (1013, 78, 88);
INSERT INTO ITEMPED VALUES (1013, 13, 54);
INSERT INTO ITEMPED VALUES (1013, 22, 294);
INSERT INTO ITEMPED VALUES (1013, 25, 180);
INSERT INTO PEDIDO VALUES (1014, 45, 110, 11);
INSERT INTO ITEMPED VALUES (1014, 45, 299);
INSERT INTO ITEMPED VALUES (1014, 53, 262);
INSERT INTO ITEMPED VALUES (1014, 77, 33);
INSERT INTO PEDIDO VALUES (1015, 60, 871, 250);
INSERT INTO ITEMPED VALUES (1015, 78, 153);
INSERT INTO ITEMPED VALUES (1015, 13, 132);
INSERT INTO ITEMPED VALUES (1015, 22, 100);
INSERT INTO PEDIDO VALUES (1016, 30, 110, 213);
INSERT INTO ITEMPED VALUES (1016, 45, 157);
INSERT INTO PEDIDO VALUES (1017, 45, 871, 310);
INSERT INTO ITEMPED VALUES (1017, 77, 210);
INSERT INTO ITEMPED VALUES (1017, 78, 123);
INSERT INTO ITEMPED VALUES (1017, 13, 84);
INSERT INTO ITEMPED VALUES (1017, 22, 135);
INSERT INTO ITEMPED VALUES (1017, 25, 66);
INSERT INTO ITEMPED VALUES (1017, 31, 105);
INSERT INTO PEDIDO VALUES (1018, 30, 720, 111);
INSERT INTO ITEMPED VALUES (1018, 31, 86);
INSERT INTO PEDIDO VALUES (1019, 20, 390, 250);
INSERT INTO ITEMPED VALUES (1019, 13, 178);
INSERT INTO ITEMPED VALUES (1019, 22, 161);
INSERT INTO PEDIDO VALUES (1020, 30, 110, 720);
INSERT INTO ITEMPED VALUES (1020, 45, 18);
INSERT INTO PEDIDO VALUES (1021, 10, 180, 111);
INSERT INTO ITEMPED VALUES (1021, 25, 189);
INSERT INTO ITEMPED VALUES (1021, 31, 43);
INSERT INTO ITEMPED VALUES (1021, 45, 135);
INSERT INTO ITEMPED VALUES (1021, 53, 132);
INSERT INTO ITEMPED VALUES (1021, 77, 97);
INSERT INTO PEDIDO VALUES (1022, 20, 20, 250);
INSERT INTO ITEMPED VALUES (1022, 22, 155);
INSERT INTO ITEMPED VALUES (1022, 25, 166);
INSERT INTO ITEMPED VALUES (1022, 31, 228);
INSERT INTO ITEMPED VALUES (1022, 45, 62);
INSERT INTO ITEMPED VALUES (1022, 53, 286);
INSERT INTO PEDIDO VALUES (1023, 45, 180, 209);
INSERT INTO ITEMPED VALUES (1023, 31, 153);
INSERT INTO ITEMPED VALUES (1023, 45, 221);
INSERT INTO ITEMPED VALUES (1023, 53, 275);
INSERT INTO ITEMPED VALUES (1023, 77, 128);
INSERT INTO PEDIDO VALUES (1024, 10, 410, 310);
INSERT INTO ITEMPED VALUES (1024, 53, 197);
INSERT INTO ITEMPED VALUES (1024, 77, 163);
INSERT INTO ITEMPED VALUES (1024, 78, 146);
INSERT INTO PEDIDO VALUES (1025, 60, 180, 213);
INSERT INTO ITEMPED VALUES (1025, 13, 288);
INSERT INTO ITEMPED VALUES (1025, 22, 278);
INSERT INTO ITEMPED VALUES (1025, 25, 191);
INSERT INTO ITEMPED VALUES (1025, 31, 281);
INSERT INTO ITEMPED VALUES (1025, 45, 130);
INSERT INTO PEDIDO VALUES (1026, 10, 20, 11);
INSERT INTO ITEMPED VALUES (1026, 45, 223);
INSERT INTO ITEMPED VALUES (1026, 53, 283);
INSERT INTO PEDIDO VALUES (1027, 30, 390, 101);
INSERT INTO ITEMPED VALUES (1027, 25, 84);
INSERT INTO ITEMPED VALUES (1027, 31, 149);
INSERT INTO PEDIDO VALUES (1028, 60, 260, 240);
INSERT INTO ITEMPED VALUES (1028, 31, 162);
INSERT INTO PEDIDO VALUES (1029, 20, 390, 209);
INSERT INTO ITEMPED VALUES (1029, 25, 272);
INSERT INTO ITEMPED VALUES (1029, 31, 183);
INSERT INTO ITEMPED VALUES (1029, 45, 206);
INSERT INTO ITEMPED VALUES (1029, 53, 70);
INSERT INTO ITEMPED VALUES (1029, 77, 240);
INSERT INTO ITEMPED VALUES (1029, 78, 114);
INSERT INTO PEDIDO VALUES (1030, 60, 110, 111);
INSERT INTO ITEMPED VALUES (1030, 78, 67);
INSERT INTO ITEMPED VALUES (1030, 13, 129);
INSERT INTO PEDIDO VALUES (1031, 10, 260, 209);
INSERT INTO ITEMPED VALUES (1031, 25, 119);
INSERT INTO ITEMPED VALUES (1031, 31, 189);
INSERT INTO ITEMPED VALUES (1031, 45, 175);
INSERT INTO ITEMPED VALUES (1031, 53, 23);
INSERT INTO PEDIDO VALUES (1032, 20, 410, 111);
INSERT INTO ITEMPED VALUES (1032, 22, 201);
INSERT INTO ITEMPED VALUES (1032, 25, 219);
INSERT INTO ITEMPED VALUES (1032, 31, 81);
INSERT INTO ITEMPED VALUES (1032, 45, 170);
INSERT INTO ITEMPED VALUES (1032, 53, 214);
INSERT INTO ITEMPED VALUES (1032, 77, 200);
INSERT INTO PEDIDO VALUES (1033, 60, 390, 240);
INSERT INTO ITEMPED VALUES (1033, 31, 35);
INSERT INTO ITEMPED VALUES (1033, 45, 63);
INSERT INTO ITEMPED VALUES (1033, 53, 35);
INSERT INTO ITEMPED VALUES (1033, 77, 265);
INSERT INTO ITEMPED VALUES (1033, 78, 20);
INSERT INTO PEDIDO VALUES (1034, 45, 870, 209);
INSERT INTO ITEMPED VALUES (1034, 53, 226);
INSERT INTO ITEMPED VALUES (1034, 77, 77);
INSERT INTO ITEMPED VALUES (1034, 78, 105);
INSERT INTO PEDIDO VALUES (1035, 30, 390, 720);
INSERT INTO ITEMPED VALUES (1035, 45, 236);
INSERT INTO ITEMPED VALUES (1035, 53, 21);
INSERT INTO ITEMPED VALUES (1035, 77, 298);
INSERT INTO ITEMPED VALUES (1035, 78, 158);
INSERT INTO ITEMPED VALUES (1035, 13, 88);
INSERT INTO PEDIDO VALUES (1036, 45, 870, 101);
INSERT INTO ITEMPED VALUES (1036, 22, 171);
INSERT INTO ITEMPED VALUES (1036, 25, 55);
INSERT INTO ITEMPED VALUES (1036, 31, 118);
INSERT INTO ITEMPED VALUES (1036, 45, 155);
INSERT INTO ITEMPED VALUES (1036, 53, 104);
INSERT INTO ITEMPED VALUES (1036, 77, 3);
INSERT INTO PEDIDO VALUES (1037, 60, 260, 240);
INSERT INTO ITEMPED VALUES (1037, 78, 88);
INSERT INTO ITEMPED VALUES (1037, 13, 259);
INSERT INTO ITEMPED VALUES (1037, 22, 267);
INSERT INTO ITEMPED VALUES (1037, 25, 113);
INSERT INTO ITEMPED VALUES (1037, 31, 225);
INSERT INTO ITEMPED VALUES (1037, 45, 198);
INSERT INTO PEDIDO VALUES (1038, 30, 410, 101);
INSERT INTO ITEMPED VALUES (1038, 22, 142);
INSERT INTO PEDIDO VALUES (1039, 10, 20, 240);
INSERT INTO ITEMPED VALUES (1039, 13, 15);
INSERT INTO ITEMPED VALUES (1039, 22, 138);
INSERT INTO ITEMPED VALUES (1039, 25, 290);
INSERT INTO ITEMPED VALUES (1039, 31, 254);
INSERT INTO PEDIDO VALUES (1040, 45, 260, 209);
INSERT INTO ITEMPED VALUES (1040, 45, 170);
INSERT INTO PEDIDO VALUES (1041, 20, 870, 11);
INSERT INTO ITEMPED VALUES (1041, 13, 107);
INSERT INTO ITEMPED VALUES (1041, 22, 54);
INSERT INTO ITEMPED VALUES (1041, 25, 36);
INSERT INTO ITEMPED VALUES (1041, 31, 89);
INSERT INTO ITEMPED VALUES (1041, 45, 91);
INSERT INTO ITEMPED VALUES (1041, 53, 283);
INSERT INTO PEDIDO VALUES (1042, 45, 871, 101);
INSERT INTO ITEMPED VALUES (1042, 45, 298);
INSERT INTO ITEMPED VALUES (1042, 53, 151);
INSERT INTO PEDIDO VALUES (1043, 60, 410, 111);
INSERT INTO ITEMPED VALUES (1043, 31, 203);
INSERT INTO ITEMPED VALUES (1043, 45, 259);
INSERT INTO ITEMPED VALUES (1043, 53, 17);
INSERT INTO ITEMPED VALUES (1043, 77, 17);
INSERT INTO ITEMPED VALUES (1043, 78, 259);
INSERT INTO PEDIDO VALUES (1044, 30, 290, 310);
INSERT INTO ITEMPED VALUES (1044, 78, 214);
INSERT INTO ITEMPED VALUES (1044, 13, 157);
INSERT INTO ITEMPED VALUES (1044, 22, 54);
INSERT INTO PEDIDO VALUES (1045, 45, 110, 209);
INSERT INTO ITEMPED VALUES (1045, 25, 132);
INSERT INTO ITEMPED VALUES (1045, 31, 37);
INSERT INTO ITEMPED VALUES (1045, 45, 33);
INSERT INTO PEDIDO VALUES (1046, 30, 720, 101);
INSERT INTO ITEMPED VALUES (1046, 77, 22);
INSERT INTO ITEMPED VALUES (1046, 78, 245);
INSERT INTO ITEMPED VALUES (1046, 13, 159);
INSERT INTO ITEMPED VALUES (1046, 22, 30);
INSERT INTO ITEMPED VALUES (1046, 25, 190);
INSERT INTO PEDIDO VALUES (1047, 10, 390, 240);
INSERT INTO ITEMPED VALUES (1047, 22, 274);
INSERT INTO ITEMPED VALUES (1047, 25, 170);
INSERT INTO ITEMPED VALUES (1047, 31, 243);
INSERT INTO ITEMPED VALUES (1047, 45, 122);
INSERT INTO ITEMPED VALUES (1047, 53, 205);
INSERT INTO PEDIDO VALUES (1048, 45, 110, 250);
INSERT INTO ITEMPED VALUES (1048, 78, 39);
INSERT INTO ITEMPED VALUES (1048, 13, 281);
INSERT INTO PEDIDO VALUES (1049, 60, 830, 101);
INSERT INTO ITEMPED VALUES (1049, 22, 279);
INSERT INTO ITEMPED VALUES (1049, 25, 85);
INSERT INTO ITEMPED VALUES (1049, 31, 258);
INSERT INTO ITEMPED VALUES (1049, 45, 274);
INSERT INTO ITEMPED VALUES (1049, 53, 47);
INSERT INTO ITEMPED VALUES (1049, 77, 153);
INSERT INTO PEDIDO VALUES (1050, 45, 410, 213);
INSERT INTO ITEMPED VALUES (1050, 13, 80);
INSERT INTO ITEMPED VALUES (1050, 22, 26);
INSERT INTO ITEMPED VALUES (1050, 25, 58);
INSERT INTO ITEMPED VALUES (1050, 31, 227);
INSERT INTO ITEMPED VALUES (1050, 45, 212);
INSERT INTO PEDIDO VALUES (1051, 10, 180, 250);
INSERT INTO ITEMPED VALUES (1051, 31, 161);
INSERT INTO PEDIDO VALUES (1052, 20, 260, 11);
INSERT INTO ITEMPED VALUES (1052, 13, 173);
INSERT INTO ITEMPED VALUES (1052, 22, 230);
INSERT INTO ITEMPED VALUES (1052, 25, 57);
INSERT INTO ITEMPED VALUES (1052, 31, 200);
INSERT INTO ITEMPED VALUES (1052, 45, 219);
INSERT INTO PEDIDO VALUES (1053, 60, 390, 240);
INSERT INTO ITEMPED VALUES (1053, 22, 22);
INSERT INTO PEDIDO VALUES (1054, 20, 290, 310);
INSERT INTO ITEMPED VALUES (1054, 31, 300);
INSERT INTO ITEMPED VALUES (1054, 45, 56);
INSERT INTO ITEMPED VALUES (1054, 53, 232);
INSERT INTO ITEMPED VALUES (1054, 77, 248);
INSERT INTO ITEMPED VALUES (1054, 78, 134);
INSERT INTO ITEMPED VALUES (1054, 13, 98);
INSERT INTO PEDIDO VALUES (1055, 10, 110, 111);
INSERT INTO ITEMPED VALUES (1055, 77, 25);
INSERT INTO ITEMPED VALUES (1055, 78, 90);
INSERT INTO ITEMPED VALUES (1055, 13, 223);
INSERT INTO PEDIDO VALUES (1056, 30, 390, 101);
INSERT INTO ITEMPED VALUES (1056, 78, 255);
INSERT INTO ITEMPED VALUES (1056, 13, 154);
INSERT INTO ITEMPED VALUES (1056, 22, 281);
INSERT INTO ITEMPED VALUES (1056, 25, 122);
INSERT INTO ITEMPED VALUES (1056, 31, 4);
INSERT INTO ITEMPED VALUES (1056, 45, 124);
INSERT INTO PEDIDO VALUES (1057, 10, 720, 250);
INSERT INTO ITEMPED VALUES (1057, 22, 256);
INSERT INTO ITEMPED VALUES (1057, 25, 153);
INSERT INTO ITEMPED VALUES (1057, 31, 68);
INSERT INTO ITEMPED VALUES (1057, 45, 234);
INSERT INTO PEDIDO VALUES (1058, 60, 830, 240);
INSERT INTO ITEMPED VALUES (1058, 31, 302);
INSERT INTO ITEMPED VALUES (1058, 45, 186);
INSERT INTO ITEMPED VALUES (1058, 53, 213);
INSERT INTO PEDIDO VALUES (1059, 45, 871, 101);
INSERT INTO ITEMPED VALUES (1059, 77, 293);
INSERT INTO ITEMPED VALUES (1059, 78, 147);
INSERT INTO ITEMPED VALUES (1059, 13, 150);
INSERT INTO ITEMPED VALUES (1059, 22, 116);
INSERT INTO ITEMPED VALUES (1059, 25, 292);
INSERT INTO ITEMPED VALUES (1059, 31, 269);
INSERT INTO PEDIDO VALUES (1060, 60, 410, 213);
INSERT INTO ITEMPED VALUES (1060, 22, 191);
INSERT INTO ITEMPED VALUES (1060, 25, 14);
INSERT INTO ITEMPED VALUES (1060, 31, 22);
INSERT INTO ITEMPED VALUES (1060, 45, 14);
INSERT INTO ITEMPED VALUES (1060, 53, 293);
INSERT INTO ITEMPED VALUES (1060, 77, 203);
INSERT INTO PEDIDO VALUES (1061, 45, 870, 250);
INSERT INTO ITEMPED VALUES (1061, 78, 259);
INSERT INTO ITEMPED VALUES (1061, 13, 105);
INSERT INTO ITEMPED VALUES (1061, 22, 190);
INSERT INTO ITEMPED VALUES (1061, 25, 39);
INSERT INTO ITEMPED VALUES (1061, 31, 140);
INSERT INTO PEDIDO VALUES (1062, 10, 290, 310);
INSERT INTO ITEMPED VALUES (1062, 31, 280);
INSERT INTO PEDIDO VALUES (1063, 45, 390, 240);
INSERT INTO ITEMPED VALUES (1063, 22, 233);
INSERT INTO ITEMPED VALUES (1063, 25, 86);
INSERT INTO ITEMPED VALUES (1063, 31, 112);
INSERT INTO ITEMPED VALUES (1063, 45, 97);
INSERT INTO PEDIDO VALUES (1064, 10, 180, 111);
INSERT INTO ITEMPED VALUES (1064, 25, 134);
INSERT INTO ITEMPED VALUES (1064, 31, 214);
INSERT INTO ITEMPED VALUES (1064, 45, 230);
INSERT INTO ITEMPED VALUES (1064, 53, 245);
INSERT INTO PEDIDO VALUES (1065, 60, 830, 11);
INSERT INTO ITEMPED VALUES (1065, 78, 121);
INSERT INTO ITEMPED VALUES (1065, 13, 156);
INSERT INTO ITEMPED VALUES (1065, 22, 231);
INSERT INTO ITEMPED VALUES (1065, 25, 270);
INSERT INTO ITEMPED VALUES (1065, 31, 13);
INSERT INTO ITEMPED VALUES (1065, 45, 43);
INSERT INTO PEDIDO VALUES (1066, 30, 410, 720);
INSERT INTO ITEMPED VALUES (1066, 45, 114);
INSERT INTO ITEMPED VALUES (1066, 53, 271);
INSERT INTO ITEMPED VALUES (1066, 77, 69);
INSERT INTO PEDIDO VALUES (1067, 20, 180, 101);
INSERT INTO ITEMPED VALUES (1067, 31, 159);
INSERT INTO ITEMPED VALUES (1067, 45, 98);
INSERT INTO ITEMPED VALUES (1067, 53, 33);
INSERT INTO ITEMPED VALUES (1067, 77, 145);
INSERT INTO PEDIDO VALUES (1068, 60, 260, 250);
INSERT INTO ITEMPED VALUES (1068, 22, 290);
INSERT INTO ITEMPED VALUES (1068, 25, 21);
INSERT INTO ITEMPED VALUES (1068, 31, 129);
INSERT INTO ITEMPED VALUES (1068, 45, 116);
INSERT INTO ITEMPED VALUES (1068, 53, 50);
INSERT INTO PEDIDO VALUES (1069, 30, 180, 101);
INSERT INTO ITEMPED VALUES (1069, 31, 157);
INSERT INTO ITEMPED VALUES (1069, 45, 138);
INSERT INTO PEDIDO VALUES (1070, 10, 20, 111);
INSERT INTO ITEMPED VALUES (1070, 25, 137);
INSERT INTO ITEMPED VALUES (1070, 31, 28);
INSERT INTO ITEMPED VALUES (1070, 45, 172);
INSERT INTO ITEMPED VALUES (1070, 53, 232);
INSERT INTO ITEMPED VALUES (1070, 77, 276);
INSERT INTO PEDIDO VALUES (1071, 45, 290, 310);
INSERT INTO ITEMPED VALUES (1071, 77, 173);
INSERT INTO ITEMPED VALUES (1071, 78, 285);
INSERT INTO PEDIDO VALUES (1072, 30, 720, 240);
INSERT INTO ITEMPED VALUES (1072, 45, 78);
INSERT INTO ITEMPED VALUES (1072, 53, 276);
INSERT INTO ITEMPED VALUES (1072, 77, 179);
INSERT INTO ITEMPED VALUES (1072, 78, 170);
INSERT INTO ITEMPED VALUES (1072, 13, 86);
INSERT INTO PEDIDO VALUES (1073, 20, 290, 250);
INSERT INTO ITEMPED VALUES (1073, 78, 301);
INSERT INTO ITEMPED VALUES (1073, 13, 62);
INSERT INTO ITEMPED VALUES (1073, 22, 192);
INSERT INTO ITEMPED VALUES (1073, 25, 128);
INSERT INTO ITEMPED VALUES (1073, 31, 64);
INSERT INTO PEDIDO VALUES (1074, 30, 390, 240);
INSERT INTO ITEMPED VALUES (1074, 13, 96);
INSERT INTO ITEMPED VALUES (1074, 22, 166);
INSERT INTO ITEMPED VALUES (1074, 25, 239);
INSERT INTO ITEMPED VALUES (1074, 31, 163);
INSERT INTO ITEMPED VALUES (1074, 45, 9);
INSERT INTO PEDIDO VALUES (1075, 45, 290, 720);
INSERT INTO ITEMPED VALUES (1075, 45, 278);
INSERT INTO ITEMPED VALUES (1075, 53, 117);
INSERT INTO ITEMPED VALUES (1075, 77, 204);
INSERT INTO ITEMPED VALUES (1075, 78, 90);
INSERT INTO PEDIDO VALUES (1076, 60, 871, 250);
INSERT INTO ITEMPED VALUES (1076, 13, 240);
INSERT INTO PEDIDO VALUES (1077, 30, 390, 720);
INSERT INTO ITEMPED VALUES (1077, 77, 26);
INSERT INTO ITEMPED VALUES (1077, 78, 90);
INSERT INTO ITEMPED VALUES (1077, 13, 158);
INSERT INTO ITEMPED VALUES (1077, 22, 54);
INSERT INTO PEDIDO VALUES (1078, 10, 290, 310);
INSERT INTO ITEMPED VALUES (1078, 45, 229);
INSERT INTO ITEMPED VALUES (1078, 53, 63);
INSERT INTO ITEMPED VALUES (1078, 77, 130);
INSERT INTO ITEMPED VALUES (1078, 78, 168);
INSERT INTO ITEMPED VALUES (1078, 13, 186);
INSERT INTO PEDIDO VALUES (1079, 30, 870, 101);
INSERT INTO ITEMPED VALUES (1079, 77, 140);
INSERT INTO PEDIDO VALUES (1080, 10, 410, 240);
INSERT INTO ITEMPED VALUES (1080, 13, 47);
INSERT INTO ITEMPED VALUES (1080, 22, 227);
INSERT INTO PEDIDO VALUES (1081, 20, 390, 101);
INSERT INTO ITEMPED VALUES (1081, 53, 165);
INSERT INTO ITEMPED VALUES (1081, 77, 297);
INSERT INTO PEDIDO VALUES (1082, 30, 180, 720);
INSERT INTO ITEMPED VALUES (1082, 22, 277);
INSERT INTO ITEMPED VALUES (1082, 25, 15);
INSERT INTO ITEMPED VALUES (1082, 31, 176);
INSERT INTO ITEMPED VALUES (1082, 45, 93);
INSERT INTO PEDIDO VALUES (1083, 10, 110, 310);
INSERT INTO ITEMPED VALUES (1083, 45, 159);
INSERT INTO PEDIDO VALUES (1084, 20, 830, 720);
INSERT INTO ITEMPED VALUES (1084, 13, 214);
INSERT INTO ITEMPED VALUES (1084, 22, 244);
INSERT INTO ITEMPED VALUES (1084, 25, 55);
INSERT INTO ITEMPED VALUES (1084, 31, 200);
INSERT INTO ITEMPED VALUES (1084, 45, 289);
INSERT INTO PEDIDO VALUES (1085, 45, 110, 111);
INSERT INTO ITEMPED VALUES (1085, 31, 133);
INSERT INTO ITEMPED VALUES (1085, 45, 222);
INSERT INTO ITEMPED VALUES (1085, 53, 179);
INSERT INTO ITEMPED VALUES (1085, 77, 33);
INSERT INTO PEDIDO VALUES (1086, 60, 290, 209);
INSERT INTO ITEMPED VALUES (1086, 13, 151);
INSERT INTO PEDIDO VALUES (1087, 30, 20, 240);
INSERT INTO ITEMPED VALUES (1087, 22, 130);
INSERT INTO ITEMPED VALUES (1087, 25, 82);
INSERT INTO ITEMPED VALUES (1087, 31, 159);
INSERT INTO PEDIDO VALUES (1088, 10, 871, 250);
INSERT INTO ITEMPED VALUES (1088, 78, 56);
INSERT INTO ITEMPED VALUES (1088, 13, 7);
INSERT INTO PEDIDO VALUES (1089, 45, 180, 240);
INSERT INTO ITEMPED VALUES (1089, 53, 37);
INSERT INTO ITEMPED VALUES (1089, 77, 68);
INSERT INTO ITEMPED VALUES (1089, 78, 136);
INSERT INTO ITEMPED VALUES (1089, 13, 47);
INSERT INTO ITEMPED VALUES (1089, 22, 176);
INSERT INTO ITEMPED VALUES (1089, 25, 126);
INSERT INTO PEDIDO VALUES (1090, 60, 720, 213);
INSERT INTO ITEMPED VALUES (1090, 25, 234);
INSERT INTO ITEMPED VALUES (1090, 31, 183);
INSERT INTO PEDIDO VALUES (1091, 30, 290, 310);
INSERT INTO ITEMPED VALUES (1091, 13, 264);
INSERT INTO ITEMPED VALUES (1091, 22, 266);
INSERT INTO ITEMPED VALUES (1091, 25, 176);
INSERT INTO ITEMPED VALUES (1091, 31, 288);
INSERT INTO ITEMPED VALUES (1091, 45, 254);
INSERT INTO PEDIDO VALUES (1092, 10, 180, 111);
INSERT INTO ITEMPED VALUES (1092, 31, 139);
INSERT INTO ITEMPED VALUES (1092, 45, 291);
INSERT INTO ITEMPED VALUES (1092, 53, 139);
INSERT INTO ITEMPED VALUES (1092, 77, 288);
INSERT INTO PEDIDO VALUES (1093, 60, 20, 240);
INSERT INTO ITEMPED VALUES (1093, 78, 84);
INSERT INTO ITEMPED VALUES (1093, 13, 270);
INSERT INTO ITEMPED VALUES (1093, 22, 279);
INSERT INTO ITEMPED VALUES (1093, 25, 149);
INSERT INTO ITEMPED VALUES (1093, 31, 63);
INSERT INTO PEDIDO VALUES (1094, 20, 870, 720);
INSERT INTO ITEMPED VALUES (1094, 13, 241);
INSERT INTO ITEMPED VALUES (1094, 22, 212);
INSERT INTO ITEMPED VALUES (1094, 25, 245);
INSERT INTO PEDIDO VALUES (1095, 60, 290, 240);
INSERT INTO ITEMPED VALUES (1095, 78, 100);
INSERT INTO ITEMPED VALUES (1095, 13, 299);
INSERT INTO ITEMPED VALUES (1095, 22, 120);
INSERT INTO ITEMPED VALUES (1095, 25, 118);
INSERT INTO ITEMPED VALUES (1095, 31, 141);
INSERT INTO PEDIDO VALUES (1096, 10, 830, 101);
INSERT INTO ITEMPED VALUES (1096, 31, 143);
INSERT INTO ITEMPED VALUES (1096, 45, 174);
INSERT INTO ITEMPED VALUES (1096, 53, 167);
INSERT INTO ITEMPED VALUES (1096, 77, 282);
INSERT INTO PEDIDO VALUES (1097, 60, 110, 11);
INSERT INTO ITEMPED VALUES (1097, 25, 264);
INSERT INTO ITEMPED VALUES (1097, 31, 101);
INSERT INTO PEDIDO VALUES (1098, 20, 290, 213);
INSERT INTO ITEMPED VALUES (1098, 45, 261);
INSERT INTO ITEMPED VALUES (1098, 53, 13);
INSERT INTO ITEMPED VALUES (1098, 77, 260);
INSERT INTO ITEMPED VALUES (1098, 78, 116);
INSERT INTO PEDIDO VALUES (1099, 30, 110, 209);
INSERT INTO ITEMPED VALUES (1099, 77, 90);
INSERT INTO ITEMPED VALUES (1099, 78, 116);
INSERT INTO ITEMPED VALUES (1099, 13, 222);
INSERT INTO ITEMPED VALUES (1099, 22, 71);
INSERT INTO ITEMPED VALUES (1099, 25, 168);
INSERT INTO PEDIDO VALUES (1100, 60, 290, 720);
INSERT INTO ITEMPED VALUES (1100, 53, 167);
INSERT INTO ITEMPED VALUES (1100, 77, 265);
INSERT INTO ITEMPED VALUES (1100, 78, 244);
INSERT INTO ITEMPED VALUES (1100, 13, 203);
INSERT INTO ITEMPED VALUES (1100, 22, 66);
INSERT INTO PEDIDO VALUES (1101, 45, 830, 11);
INSERT INTO ITEMPED VALUES (1101, 78, 145);
INSERT INTO ITEMPED VALUES (1101, 13, 160);
INSERT INTO ITEMPED VALUES (1101, 22, 195);
INSERT INTO ITEMPED VALUES (1101, 25, 195);
INSERT INTO ITEMPED VALUES (1101, 31, 256);
INSERT INTO PEDIDO VALUES (1102, 30, 390, 209);
INSERT INTO ITEMPED VALUES (1102, 53, 202);
INSERT INTO ITEMPED VALUES (1102, 77, 220);
INSERT INTO PEDIDO VALUES (1103, 60, 110, 240);
INSERT INTO ITEMPED VALUES (1103, 45, 235);
INSERT INTO ITEMPED VALUES (1103, 53, 35);
INSERT INTO PEDIDO VALUES (1104, 20, 260, 213);
INSERT INTO ITEMPED VALUES (1104, 53, 133);
INSERT INTO ITEMPED VALUES (1104, 77, 200);
INSERT INTO ITEMPED VALUES (1104, 78, 239);
INSERT INTO PEDIDO VALUES (1105, 30, 290, 101);
INSERT INTO ITEMPED VALUES (1105, 13, 215);
INSERT INTO PEDIDO VALUES (1106, 10, 180, 209);
INSERT INTO ITEMPED VALUES (1106, 78, 271);
INSERT INTO ITEMPED VALUES (1106, 13, 176);
INSERT INTO ITEMPED VALUES (1106, 22, 65);
INSERT INTO ITEMPED VALUES (1106, 25, 188);
INSERT INTO ITEMPED VALUES (1106, 31, 298);
INSERT INTO ITEMPED VALUES (1106, 45, 298);
INSERT INTO PEDIDO VALUES (1107, 45, 720, 240);
INSERT INTO ITEMPED VALUES (1107, 45, 88);
INSERT INTO PEDIDO VALUES (1108, 10, 410, 111);
INSERT INTO ITEMPED VALUES (1108, 25, 265);
INSERT INTO ITEMPED VALUES (1108, 31, 144);
INSERT INTO ITEMPED VALUES (1108, 45, 184);
INSERT INTO ITEMPED VALUES (1108, 53, 102);
INSERT INTO PEDIDO VALUES (1109, 20, 870, 250);
INSERT INTO ITEMPED VALUES (1109, 77, 135);
INSERT INTO ITEMPED VALUES (1109, 78, 33);
INSERT INTO ITEMPED VALUES (1109, 13, 215);
INSERT INTO ITEMPED VALUES (1109, 22, 177);
INSERT INTO PEDIDO VALUES (1110, 60, 871, 101);
INSERT INTO ITEMPED VALUES (1110, 13, 91);
INSERT INTO ITEMPED VALUES (1110, 22, 235);
INSERT INTO ITEMPED VALUES (1110, 25, 98);
INSERT INTO ITEMPED VALUES (1110, 31, 67);
INSERT INTO ITEMPED VALUES (1110, 45, 183);
INSERT INTO PEDIDO VALUES (1111, 10, 410, 213);
INSERT INTO ITEMPED VALUES (1111, 45, 9);
INSERT INTO ITEMPED VALUES (1111, 53, 91);
INSERT INTO ITEMPED VALUES (1111, 77, 194);
INSERT INTO ITEMPED VALUES (1111, 78, 82);
INSERT INTO ITEMPED VALUES (1111, 13, 284);
INSERT INTO PEDIDO VALUES (1112, 30, 110, 111);
INSERT INTO ITEMPED VALUES (1112, 22, 223);
INSERT INTO ITEMPED VALUES (1112, 25, 259);
INSERT INTO ITEMPED VALUES (1112, 31, 275);
INSERT INTO ITEMPED VALUES (1112, 45, 280);
INSERT INTO ITEMPED VALUES (1112, 53, 245);
INSERT INTO PEDIDO VALUES (1113, 20, 870, 11);
INSERT INTO ITEMPED VALUES (1113, 45, 55);
INSERT INTO ITEMPED VALUES (1113, 53, 150);
INSERT INTO ITEMPED VALUES (1113, 77, 3);
INSERT INTO ITEMPED VALUES (1113, 78, 216);
INSERT INTO ITEMPED VALUES (1113, 13, 63);
INSERT INTO ITEMPED VALUES (1113, 22, 120);
INSERT INTO PEDIDO VALUES (1114, 45, 390, 240);
INSERT INTO ITEMPED VALUES (1114, 78, 175);
INSERT INTO ITEMPED VALUES (1114, 13, 10);
INSERT INTO PEDIDO VALUES (1115, 10, 410, 209);
INSERT INTO ITEMPED VALUES (1115, 31, 79);
INSERT INTO ITEMPED VALUES (1115, 45, 197);
INSERT INTO ITEMPED VALUES (1115, 53, 27);
INSERT INTO ITEMPED VALUES (1115, 77, 113);
INSERT INTO PEDIDO VALUES (1116, 30, 260, 310);
INSERT INTO ITEMPED VALUES (1116, 45, 101);
INSERT INTO ITEMPED VALUES (1116, 53, 66);
INSERT INTO ITEMPED VALUES (1116, 77, 124);
INSERT INTO ITEMPED VALUES (1116, 78, 266);
INSERT INTO ITEMPED VALUES (1116, 13, 150);
INSERT INTO ITEMPED VALUES (1116, 22, 81);
INSERT INTO PEDIDO VALUES (1117, 45, 410, 111);
INSERT INTO ITEMPED VALUES (1117, 31, 255);
INSERT INTO ITEMPED VALUES (1117, 45, 211);
INSERT INTO PEDIDO VALUES (1118, 30, 290, 209);
INSERT INTO ITEMPED VALUES (1118, 53, 43);
INSERT INTO ITEMPED VALUES (1118, 77, 216);
INSERT INTO PEDIDO VALUES (1119, 60, 260, 720);
INSERT INTO ITEMPED VALUES (1119, 45, 31);
INSERT INTO ITEMPED VALUES (1119, 53, 229);
INSERT INTO ITEMPED VALUES (1119, 77, 188);
INSERT INTO ITEMPED VALUES (1119, 78, 286);
INSERT INTO ITEMPED VALUES (1119, 13, 118);
INSERT INTO PEDIDO VALUES (1120, 45, 390, 250);
INSERT INTO ITEMPED VALUES (1120, 53, 82);
INSERT INTO ITEMPED VALUES (1120, 77, 7);
INSERT INTO ITEMPED VALUES (1120, 78, 124);
INSERT INTO PEDIDO VALUES (1121, 10, 720, 240);
INSERT INTO ITEMPED VALUES (1121, 13, 268);
INSERT INTO ITEMPED VALUES (1121, 22, 50);
INSERT INTO ITEMPED VALUES (1121, 25, 218);
INSERT INTO PEDIDO VALUES (1122, 45, 260, 250);
INSERT INTO ITEMPED VALUES (1122, 78, 302);
INSERT INTO ITEMPED VALUES (1122, 13, 288);
INSERT INTO ITEMPED VALUES (1122, 22, 87);
INSERT INTO ITEMPED VALUES (1122, 25, 182);
INSERT INTO PEDIDO VALUES (1123, 10, 410, 111);
INSERT INTO ITEMPED VALUES (1123, 45, 288);
INSERT INTO PEDIDO VALUES (1124, 20, 20, 720);
INSERT INTO ITEMPED VALUES (1124, 13, 60);
INSERT INTO ITEMPED VALUES (1124, 22, 255);
INSERT INTO ITEMPED VALUES (1124, 25, 172);
INSERT INTO ITEMPED VALUES (1124, 31, 205);
INSERT INTO ITEMPED VALUES (1124, 45, 292);
INSERT INTO PEDIDO VALUES (1125, 60, 390, 250);
INSERT INTO ITEMPED VALUES (1125, 45, 37);
INSERT INTO PEDIDO VALUES (1126, 45, 20, 101);
INSERT INTO ITEMPED VALUES (1126, 78, 216);
INSERT INTO ITEMPED VALUES (1126, 13, 262);
INSERT INTO PEDIDO VALUES (1127, 20, 870, 720);
INSERT INTO ITEMPED VALUES (1127, 13, 195);
INSERT INTO ITEMPED VALUES (1127, 22, 67);
INSERT INTO ITEMPED VALUES (1127, 25, 61);
INSERT INTO ITEMPED VALUES (1127, 31, 43);
INSERT INTO PEDIDO VALUES (1128, 10, 390, 310);
INSERT INTO ITEMPED VALUES (1128, 31, 74);
INSERT INTO ITEMPED VALUES (1128, 45, 87);
INSERT INTO ITEMPED VALUES (1128, 53, 248);
INSERT INTO ITEMPED VALUES (1128, 77, 74);
INSERT INTO PEDIDO VALUES (1129, 20, 20, 11);
INSERT INTO ITEMPED VALUES (1129, 45, 260);
INSERT INTO ITEMPED VALUES (1129, 53, 9);
INSERT INTO ITEMPED VALUES (1129, 77, 51);
INSERT INTO ITEMPED VALUES (1129, 78, 65);
INSERT INTO ITEMPED VALUES (1129, 13, 128);
INSERT INTO PEDIDO VALUES (1130, 60, 870, 209);
INSERT INTO ITEMPED VALUES (1130, 31, 209);
INSERT INTO PEDIDO VALUES (1131, 45, 180, 101);
INSERT INTO ITEMPED VALUES (1131, 25, 68);
INSERT INTO PEDIDO VALUES (1132, 60, 720, 11);
INSERT INTO ITEMPED VALUES (1132, 31, 238);
INSERT INTO ITEMPED VALUES (1132, 45, 274);
INSERT INTO ITEMPED VALUES (1132, 53, 236);
INSERT INTO PEDIDO VALUES (1133, 45, 871, 209);
INSERT INTO ITEMPED VALUES (1133, 45, 293);
INSERT INTO ITEMPED VALUES (1133, 53, 183);
INSERT INTO PEDIDO VALUES (1134, 20, 110, 310);
INSERT INTO ITEMPED VALUES (1134, 25, 200);
INSERT INTO ITEMPED VALUES (1134, 31, 7);
INSERT INTO ITEMPED VALUES (1134, 45, 247);
INSERT INTO ITEMPED VALUES (1134, 53, 64);
INSERT INTO ITEMPED VALUES (1134, 77, 225);
INSERT INTO PEDIDO VALUES (1135, 45, 720, 240);
INSERT INTO ITEMPED VALUES (1135, 13, 170);
INSERT INTO ITEMPED VALUES (1135, 22, 108);
INSERT INTO ITEMPED VALUES (1135, 25, 163);
INSERT INTO ITEMPED VALUES (1135, 31, 266);
INSERT INTO ITEMPED VALUES (1135, 45, 78);
INSERT INTO ITEMPED VALUES (1135, 53, 253);
INSERT INTO PEDIDO VALUES (1136, 30, 830, 250);
INSERT INTO ITEMPED VALUES (1136, 45, 74);
INSERT INTO ITEMPED VALUES (1136, 53, 214);
INSERT INTO ITEMPED VALUES (1136, 77, 123);
INSERT INTO ITEMPED VALUES (1136, 78, 199);
INSERT INTO ITEMPED VALUES (1136, 13, 49);
INSERT INTO ITEMPED VALUES (1136, 22, 101);
INSERT INTO PEDIDO VALUES (1137, 20, 290, 101);
INSERT INTO ITEMPED VALUES (1137, 13, 123);
INSERT INTO ITEMPED VALUES (1137, 22, 126);
INSERT INTO ITEMPED VALUES (1137, 25, 66);
INSERT INTO ITEMPED VALUES (1137, 31, 173);
INSERT INTO ITEMPED VALUES (1137, 45, 31);
INSERT INTO ITEMPED VALUES (1137, 53, 249);
INSERT INTO PEDIDO VALUES (1138, 10, 390, 250);
INSERT INTO ITEMPED VALUES (1138, 31, 125);
INSERT INTO ITEMPED VALUES (1138, 45, 250);
INSERT INTO ITEMPED VALUES (1138, 53, 21);
INSERT INTO PEDIDO VALUES (1139, 20, 830, 209);
INSERT INTO ITEMPED VALUES (1139, 22, 30);
INSERT INTO ITEMPED VALUES (1139, 25, 269);
INSERT INTO ITEMPED VALUES (1139, 31, 141);
INSERT INTO PEDIDO VALUES (1140, 60, 390, 111);
INSERT INTO ITEMPED VALUES (1140, 31, 143);
INSERT INTO ITEMPED VALUES (1140, 45, 169);
INSERT INTO ITEMPED VALUES (1140, 53, 108);
INSERT INTO ITEMPED VALUES (1140, 77, 273);
INSERT INTO ITEMPED VALUES (1140, 78, 181);
INSERT INTO PEDIDO VALUES (1141, 20, 410, 213);
INSERT INTO ITEMPED VALUES (1141, 77, 169);
INSERT INTO ITEMPED VALUES (1141, 78, 296);
INSERT INTO ITEMPED VALUES (1141, 13, 209);
INSERT INTO ITEMPED VALUES (1141, 22, 100);
INSERT INTO ITEMPED VALUES (1141, 25, 100);
INSERT INTO ITEMPED VALUES (1141, 31, 7);
INSERT INTO PEDIDO VALUES (1142, 60, 871, 209);
INSERT INTO ITEMPED VALUES (1142, 45, 138);
INSERT INTO PEDIDO VALUES (1143, 30, 110, 720);
INSERT INTO ITEMPED VALUES (1143, 77, 77);
INSERT INTO ITEMPED VALUES (1143, 78, 294);
INSERT INTO ITEMPED VALUES (1143, 13, 219);
INSERT INTO PEDIDO VALUES (1144, 20, 180, 250);
INSERT INTO ITEMPED VALUES (1144, 78, 215);
INSERT INTO ITEMPED VALUES (1144, 13, 234);
INSERT INTO ITEMPED VALUES (1144, 22, 216);
INSERT INTO ITEMPED VALUES (1144, 25, 67);
INSERT INTO PEDIDO VALUES (1145, 10, 870, 101);
INSERT INTO ITEMPED VALUES (1145, 53, 175);
INSERT INTO ITEMPED VALUES (1145, 77, 125);
INSERT INTO ITEMPED VALUES (1145, 78, 152);
INSERT INTO PEDIDO VALUES (1146, 20, 110, 720);
INSERT INTO ITEMPED VALUES (1146, 22, 71);
INSERT INTO ITEMPED VALUES (1146, 25, 162);
INSERT INTO ITEMPED VALUES (1146, 31, 28);
INSERT INTO PEDIDO VALUES (1147, 60, 720, 111);
INSERT INTO ITEMPED VALUES (1147, 25, 262);
INSERT INTO PEDIDO VALUES (1148, 30, 260, 720);
INSERT INTO ITEMPED VALUES (1148, 31, 147);
INSERT INTO PEDIDO VALUES (1149, 10, 870, 11);
INSERT INTO ITEMPED VALUES (1149, 53, 6);
INSERT INTO PEDIDO VALUES (1150, 60, 871, 213);
INSERT INTO ITEMPED VALUES (1150, 78, 35);
INSERT INTO PEDIDO VALUES (1151, 30, 260, 11);
INSERT INTO ITEMPED VALUES (1151, 31, 33);
INSERT INTO PEDIDO VALUES (1152, 20, 871, 310);
INSERT INTO ITEMPED VALUES (1152, 78, 233);
INSERT INTO PEDIDO VALUES (1153, 30, 20, 101);
INSERT INTO ITEMPED VALUES (1153, 53, 66);
INSERT INTO ITEMPED VALUES (1153, 77, 32);
INSERT INTO PEDIDO VALUES (1154, 10, 871, 213);
INSERT INTO ITEMPED VALUES (1154, 25, 97);
INSERT INTO ITEMPED VALUES (1154, 31, 76);
INSERT INTO ITEMPED VALUES (1154, 45, 281);
INSERT INTO ITEMPED VALUES (1154, 53, 112);
INSERT INTO ITEMPED VALUES (1154, 77, 293);
INSERT INTO ITEMPED VALUES (1154, 78, 177);
INSERT INTO PEDIDO VALUES (1155, 30, 390, 250);
INSERT INTO ITEMPED VALUES (1155, 78, 46);
INSERT INTO ITEMPED VALUES (1155, 13, 5);
INSERT INTO ITEMPED VALUES (1155, 22, 121);
INSERT INTO PEDIDO VALUES (1156, 60, 20, 11);
INSERT INTO ITEMPED VALUES (1156, 53, 125);
INSERT INTO ITEMPED VALUES (1156, 77, 128);
INSERT INTO ITEMPED VALUES (1156, 78, 168);
INSERT INTO ITEMPED VALUES (1156, 13, 115);
INSERT INTO PEDIDO VALUES (1157, 30, 871, 240);
INSERT INTO ITEMPED VALUES (1157, 45, 216);
INSERT INTO ITEMPED VALUES (1157, 53, 281);
INSERT INTO ITEMPED VALUES (1157, 77, 78);
INSERT INTO PEDIDO VALUES (1158, 20, 290, 11);
INSERT INTO ITEMPED VALUES (1158, 25, 31);
INSERT INTO ITEMPED VALUES (1158, 31, 43);
INSERT INTO ITEMPED VALUES (1158, 45, 239);
INSERT INTO ITEMPED VALUES (1158, 53, 87);
INSERT INTO ITEMPED VALUES (1158, 77, 276);
INSERT INTO PEDIDO VALUES (1159, 45, 830, 240);
INSERT INTO ITEMPED VALUES (1159, 45, 80);
INSERT INTO ITEMPED VALUES (1159, 53, 92);
INSERT INTO ITEMPED VALUES (1159, 77, 121);
INSERT INTO ITEMPED VALUES (1159, 78, 34);
INSERT INTO PEDIDO VALUES (1160, 60, 260, 720);
INSERT INTO ITEMPED VALUES (1160, 31, 9);
INSERT INTO ITEMPED VALUES (1160, 45, 199);
INSERT INTO ITEMPED VALUES (1160, 53, 95);
INSERT INTO ITEMPED VALUES (1160, 77, 51);
INSERT INTO ITEMPED VALUES (1160, 78, 296);
INSERT INTO PEDIDO VALUES (1161, 30, 290, 213);
INSERT INTO ITEMPED VALUES (1161, 45, 235);
INSERT INTO ITEMPED VALUES (1161, 53, 46);
INSERT INTO ITEMPED VALUES (1161, 77, 45);
INSERT INTO ITEMPED VALUES (1161, 78, 186);
INSERT INTO PEDIDO VALUES (1162, 10, 260, 111);
INSERT INTO ITEMPED VALUES (1162, 13, 210);
INSERT INTO ITEMPED VALUES (1162, 22, 291);
INSERT INTO ITEMPED VALUES (1162, 25, 89);
INSERT INTO ITEMPED VALUES (1162, 31, 173);
INSERT INTO PEDIDO VALUES (1163, 20, 830, 209);
INSERT INTO ITEMPED VALUES (1163, 77, 39);
INSERT INTO ITEMPED VALUES (1163, 78, 246);
INSERT INTO ITEMPED VALUES (1163, 13, 9);
INSERT INTO ITEMPED VALUES (1163, 22, 189);
INSERT INTO PEDIDO VALUES (1164, 30, 290, 111);
INSERT INTO ITEMPED VALUES (1164, 78, 246);
INSERT INTO PEDIDO VALUES (1165, 20, 410, 209);
INSERT INTO ITEMPED VALUES (1165, 22, 280);
INSERT INTO ITEMPED VALUES (1165, 25, 47);
INSERT INTO ITEMPED VALUES (1165, 31, 252);
INSERT INTO ITEMPED VALUES (1165, 45, 39);
INSERT INTO PEDIDO VALUES (1166, 10, 20, 101);
INSERT INTO ITEMPED VALUES (1166, 78, 64);
INSERT INTO PEDIDO VALUES (1167, 45, 110, 720);
INSERT INTO ITEMPED VALUES (1167, 22, 240);
INSERT INTO ITEMPED VALUES (1167, 25, 131);
INSERT INTO PEDIDO VALUES (1168, 30, 260, 240);
INSERT INTO ITEMPED VALUES (1168, 53, 196);
INSERT INTO PEDIDO VALUES (1169, 20, 830, 11);
INSERT INTO ITEMPED VALUES (1169, 31, 252);
INSERT INTO ITEMPED VALUES (1169, 45, 63);
INSERT INTO ITEMPED VALUES (1169, 53, 182);
INSERT INTO ITEMPED VALUES (1169, 77, 22);
INSERT INTO ITEMPED VALUES (1169, 78, 30);
INSERT INTO PEDIDO VALUES (1170, 30, 410, 209);
INSERT INTO ITEMPED VALUES (1170, 78, 87);
INSERT INTO ITEMPED VALUES (1170, 13, 301);
INSERT INTO ITEMPED VALUES (1170, 22, 79);
INSERT INTO PEDIDO VALUES (1171, 20, 290, 213);
INSERT INTO ITEMPED VALUES (1171, 31, 117);
INSERT INTO ITEMPED VALUES (1171, 45, 10);
INSERT INTO PEDIDO VALUES (1172, 10, 180, 209);
INSERT INTO ITEMPED VALUES (1172, 22, 121);
INSERT INTO ITEMPED VALUES (1172, 25, 213);
INSERT INTO ITEMPED VALUES (1172, 31, 160);
INSERT INTO PEDIDO VALUES (1173, 20, 390, 240);
INSERT INTO ITEMPED VALUES (1173, 78, 293);
INSERT INTO ITEMPED VALUES (1173, 13, 218);
INSERT INTO ITEMPED VALUES (1173, 22, 189);
INSERT INTO ITEMPED VALUES (1173, 25, 141);
INSERT INTO ITEMPED VALUES (1173, 31, 110);
INSERT INTO PEDIDO VALUES (1174, 45, 260, 111);
INSERT INTO ITEMPED VALUES (1174, 31, 157);
INSERT INTO ITEMPED VALUES (1174, 45, 131);
INSERT INTO ITEMPED VALUES (1174, 53, 171);
INSERT INTO ITEMPED VALUES (1174, 77, 226);
INSERT INTO ITEMPED VALUES (1174, 78, 28);
INSERT INTO ITEMPED VALUES (1174, 13, 149);
INSERT INTO PEDIDO VALUES (1175, 10, 110, 213);
INSERT INTO ITEMPED VALUES (1175, 77, 68);
INSERT INTO ITEMPED VALUES (1175, 78, 300);
INSERT INTO ITEMPED VALUES (1175, 13, 238);
INSERT INTO PEDIDO VALUES (1176, 45, 260, 250);
INSERT INTO ITEMPED VALUES (1176, 25, 37);
INSERT INTO ITEMPED VALUES (1176, 31, 22);
INSERT INTO ITEMPED VALUES (1176, 45, 291);
INSERT INTO PEDIDO VALUES (1177, 20, 20, 213);
INSERT INTO ITEMPED VALUES (1177, 22, 286);
INSERT INTO ITEMPED VALUES (1177, 25, 52);
INSERT INTO PEDIDO VALUES (1178, 30, 870, 101);
INSERT INTO ITEMPED VALUES (1178, 45, 200);
INSERT INTO ITEMPED VALUES (1178, 53, 30);
INSERT INTO ITEMPED VALUES (1178, 77, 282);
INSERT INTO PEDIDO VALUES (1179, 20, 260, 240);
INSERT INTO ITEMPED VALUES (1179, 22, 27);
INSERT INTO ITEMPED VALUES (1179, 25, 4);
INSERT INTO ITEMPED VALUES (1179, 31, 270);
INSERT INTO ITEMPED VALUES (1179, 45, 192);
INSERT INTO ITEMPED VALUES (1179, 53, 73);
INSERT INTO PEDIDO VALUES (1180, 45, 830, 310);
INSERT INTO ITEMPED VALUES (1180, 78, 255);
INSERT INTO ITEMPED VALUES (1180, 13, 186);
INSERT INTO ITEMPED VALUES (1180, 22, 269);
INSERT INTO PEDIDO VALUES (1181, 60, 871, 111);
INSERT INTO ITEMPED VALUES (1181, 53, 252);
INSERT INTO ITEMPED VALUES (1181, 77, 35);
INSERT INTO ITEMPED VALUES (1181, 78, 167);
INSERT INTO ITEMPED VALUES (1181, 13, 185);
INSERT INTO ITEMPED VALUES (1181, 22, 222);
INSERT INTO ITEMPED VALUES (1181, 25, 213);
INSERT INTO PEDIDO VALUES (1182, 20, 870, 240);
INSERT INTO ITEMPED VALUES (1182, 31, 5);
INSERT INTO ITEMPED VALUES (1182, 45, 284);
INSERT INTO ITEMPED VALUES (1182, 53, 198);
INSERT INTO ITEMPED VALUES (1182, 77, 178);
INSERT INTO ITEMPED VALUES (1182, 78, 143);
INSERT INTO ITEMPED VALUES (1182, 13, 207);
INSERT INTO PEDIDO VALUES (1183, 30, 180, 101);
INSERT INTO ITEMPED VALUES (1183, 13, 43);
INSERT INTO PEDIDO VALUES (1184, 20, 110, 11);
INSERT INTO ITEMPED VALUES (1184, 78, 97);
INSERT INTO ITEMPED VALUES (1184, 13, 207);
INSERT INTO ITEMPED VALUES (1184, 22, 263);
INSERT INTO PEDIDO VALUES (1185, 60, 260, 111);
INSERT INTO ITEMPED VALUES (1185, 13, 208);
INSERT INTO ITEMPED VALUES (1185, 22, 301);
INSERT INTO ITEMPED VALUES (1185, 25, 229);
INSERT INTO ITEMPED VALUES (1185, 31, 301);
INSERT INTO PEDIDO VALUES (1186, 30, 390, 240);
INSERT INTO ITEMPED VALUES (1186, 22, 51);
INSERT INTO ITEMPED VALUES (1186, 25, 40);
INSERT INTO ITEMPED VALUES (1186, 31, 58);
INSERT INTO ITEMPED VALUES (1186, 45, 79);
INSERT INTO ITEMPED VALUES (1186, 53, 254);
INSERT INTO PEDIDO VALUES (1187, 60, 110, 101);
INSERT INTO ITEMPED VALUES (1187, 45, 179);
INSERT INTO ITEMPED VALUES (1187, 53, 123);
INSERT INTO ITEMPED VALUES (1187, 77, 148);
INSERT INTO PEDIDO VALUES (1188, 10, 260, 111);
INSERT INTO ITEMPED VALUES (1188, 53, 114);
INSERT INTO ITEMPED VALUES (1188, 77, 4);
INSERT INTO ITEMPED VALUES (1188, 78, 18);
INSERT INTO ITEMPED VALUES (1188, 13, 232);
INSERT INTO ITEMPED VALUES (1188, 22, 43);
INSERT INTO PEDIDO VALUES (1189, 30, 870, 720);
INSERT INTO ITEMPED VALUES (1189, 78, 59);
INSERT INTO PEDIDO VALUES (1190, 45, 410, 209);
INSERT INTO ITEMPED VALUES (1190, 22, 152);
INSERT INTO ITEMPED VALUES (1190, 25, 259);
INSERT INTO ITEMPED VALUES (1190, 31, 64);
INSERT INTO ITEMPED VALUES (1190, 45, 220);
INSERT INTO ITEMPED VALUES (1190, 53, 227);
INSERT INTO PEDIDO VALUES (1191, 30, 110, 310);
INSERT INTO ITEMPED VALUES (1191, 53, 131);
INSERT INTO ITEMPED VALUES (1191, 77, 114);
INSERT INTO ITEMPED VALUES (1191, 78, 128);
INSERT INTO PEDIDO VALUES (1192, 60, 871, 720);
INSERT INTO ITEMPED VALUES (1192, 25, 284);
INSERT INTO ITEMPED VALUES (1192, 31, 292);
INSERT INTO ITEMPED VALUES (1192, 45, 292);
INSERT INTO PEDIDO VALUES (1193, 30, 180, 310);
INSERT INTO ITEMPED VALUES (1193, 78, 22);
INSERT INTO ITEMPED VALUES (1193, 13, 38);
INSERT INTO ITEMPED VALUES (1193, 22, 45);
INSERT INTO ITEMPED VALUES (1193, 25, 65);
INSERT INTO ITEMPED VALUES (1193, 31, 14);
INSERT INTO ITEMPED VALUES (1193, 45, 5);
INSERT INTO PEDIDO VALUES (1194, 60, 871, 250);
INSERT INTO ITEMPED VALUES (1194, 31, 65);
INSERT INTO ITEMPED VALUES (1194, 45, 290);
INSERT INTO ITEMPED VALUES (1194, 53, 140);
INSERT INTO ITEMPED VALUES (1194, 77, 123);
INSERT INTO ITEMPED VALUES (1194, 78, 62);
INSERT INTO ITEMPED VALUES (1194, 13, 84);
INSERT INTO PEDIDO VALUES (1195, 10, 720, 310);
INSERT INTO ITEMPED VALUES (1195, 13, 206);
INSERT INTO ITEMPED VALUES (1195, 22, 260);
INSERT INTO PEDIDO VALUES (1196, 30, 830, 250);
INSERT INTO ITEMPED VALUES (1196, 45, 8);
INSERT INTO ITEMPED VALUES (1196, 53, 275);
INSERT INTO ITEMPED VALUES (1196, 77, 250);
INSERT INTO ITEMPED VALUES (1196, 78, 219);
INSERT INTO PEDIDO VALUES (1197, 60, 871, 213);
INSERT INTO ITEMPED VALUES (1197, 53, 263);
INSERT INTO ITEMPED VALUES (1197, 77, 25);
INSERT INTO PEDIDO VALUES (1198, 30, 830, 101);
INSERT INTO ITEMPED VALUES (1198, 25, 61);
INSERT INTO ITEMPED VALUES (1198, 31, 274);
INSERT INTO PEDIDO VALUES (1199, 10, 180, 250);
INSERT INTO ITEMPED VALUES (1199, 31, 161);
INSERT INTO ITEMPED VALUES (1199, 45, 286);
INSERT INTO ITEMPED VALUES (1199, 53, 67);
INSERT INTO ITEMPED VALUES (1199, 77, 297);
INSERT INTO ITEMPED VALUES (1199, 78, 260);
INSERT INTO ITEMPED VALUES (1199, 13, 22);
INSERT INTO PEDIDO VALUES (1200, 30, 871, 111);
INSERT INTO ITEMPED VALUES (1200, 13, 115);
INSERT INTO ITEMPED VALUES (1200, 22, 28);
INSERT INTO ITEMPED VALUES (1200, 25, 271);
INSERT INTO ITEMPED VALUES (1200, 31, 242);
INSERT INTO ITEMPED VALUES (1200, 45, 247);
INSERT INTO ITEMPED VALUES (1200, 53, 3);
INSERT INTO PEDIDO VALUES (1201, 60, 390, 240);
INSERT INTO ITEMPED VALUES (1201, 22, 269);
INSERT INTO ITEMPED VALUES (1201, 25, 125);
INSERT INTO ITEMPED VALUES (1201, 31, 172);
INSERT INTO ITEMPED VALUES (1201, 45, 11);
INSERT INTO ITEMPED VALUES (1201, 53, 96);
INSERT INTO ITEMPED VALUES (1201, 77, 35);
INSERT INTO PEDIDO VALUES (1202, 30, 830, 720);
INSERT INTO ITEMPED VALUES (1202, 77, 84);
INSERT INTO ITEMPED VALUES (1202, 78, 78);
INSERT INTO ITEMPED VALUES (1202, 13, 99);
INSERT INTO PEDIDO VALUES (1203, 20, 870, 101);
INSERT INTO ITEMPED VALUES (1203, 25, 75);
INSERT INTO PEDIDO VALUES (1204, 10, 20, 213);
INSERT INTO ITEMPED VALUES (1204, 77, 141);
INSERT INTO ITEMPED VALUES (1204, 78, 65);
INSERT INTO ITEMPED VALUES (1204, 13, 102);
INSERT INTO PEDIDO VALUES (1205, 30, 410, 720);
INSERT INTO ITEMPED VALUES (1205, 13, 201);
INSERT INTO ITEMPED VALUES (1205, 22, 33);
INSERT INTO PEDIDO VALUES (1206, 10, 720, 250);
INSERT INTO ITEMPED VALUES (1206, 25, 153);
INSERT INTO ITEMPED VALUES (1206, 31, 128);
INSERT INTO ITEMPED VALUES (1206, 45, 256);
INSERT INTO PEDIDO VALUES (1207, 60, 180, 213);
INSERT INTO ITEMPED VALUES (1207, 45, 79);
INSERT INTO ITEMPED VALUES (1207, 53, 94);
INSERT INTO PEDIDO VALUES (1208, 10, 410, 310);
INSERT INTO ITEMPED VALUES (1208, 13, 176);
INSERT INTO ITEMPED VALUES (1208, 22, 171);
INSERT INTO PEDIDO VALUES (1209, 60, 20, 240);
INSERT INTO ITEMPED VALUES (1209, 45, 140);
INSERT INTO PEDIDO VALUES (1210, 30, 290, 111);
INSERT INTO ITEMPED VALUES (1210, 13, 255);
INSERT INTO ITEMPED VALUES (1210, 22, 210);
INSERT INTO ITEMPED VALUES (1210, 25, 102);
INSERT INTO PEDIDO VALUES (1211, 60, 870, 101);
INSERT INTO ITEMPED VALUES (1211, 77, 224);
INSERT INTO ITEMPED VALUES (1211, 78, 114);
INSERT INTO ITEMPED VALUES (1211, 13, 194);
INSERT INTO PEDIDO VALUES (1212, 30, 830, 209);
INSERT INTO ITEMPED VALUES (1212, 25, 248);
INSERT INTO ITEMPED VALUES (1212, 31, 20);
INSERT INTO ITEMPED VALUES (1212, 45, 150);
INSERT INTO ITEMPED VALUES (1212, 53, 290);
INSERT INTO ITEMPED VALUES (1212, 77, 252);
INSERT INTO PEDIDO VALUES (1213, 60, 390, 250);
INSERT INTO ITEMPED VALUES (1213, 31, 24);
INSERT INTO ITEMPED VALUES (1213, 45, 268);
INSERT INTO PEDIDO VALUES (1214, 45, 410, 209);
INSERT INTO ITEMPED VALUES (1214, 53, 93);
INSERT INTO ITEMPED VALUES (1214, 77, 135);
INSERT INTO ITEMPED VALUES (1214, 78, 255);
INSERT INTO ITEMPED VALUES (1214, 13, 36);
INSERT INTO ITEMPED VALUES (1214, 22, 269);
INSERT INTO PEDIDO VALUES (1215, 10, 871, 213);
INSERT INTO ITEMPED VALUES (1215, 77, 254);
INSERT INTO ITEMPED VALUES (1215, 78, 129);
INSERT INTO ITEMPED VALUES (1215, 13, 289);
INSERT INTO ITEMPED VALUES (1215, 22, 230);
INSERT INTO ITEMPED VALUES (1215, 25, 164);
INSERT INTO PEDIDO VALUES (1216, 20, 390, 240);
INSERT INTO ITEMPED VALUES (1216, 22, 147);
INSERT INTO ITEMPED VALUES (1216, 25, 277);
INSERT INTO PEDIDO VALUES (1217, 45, 260, 720);
INSERT INTO ITEMPED VALUES (1217, 77, 61);
INSERT INTO ITEMPED VALUES (1217, 78, 36);
INSERT INTO ITEMPED VALUES (1217, 13, 271);
INSERT INTO ITEMPED VALUES (1217, 22, 253);
INSERT INTO PEDIDO VALUES (1218, 60, 871, 101);
INSERT INTO ITEMPED VALUES (1218, 78, 177);
INSERT INTO PEDIDO VALUES (1219, 10, 390, 11);
INSERT INTO ITEMPED VALUES (1219, 31, 144);
INSERT INTO ITEMPED VALUES (1219, 45, 234);
INSERT INTO ITEMPED VALUES (1219, 53, 183);
INSERT INTO ITEMPED VALUES (1219, 77, 184);
INSERT INTO PEDIDO VALUES (1220, 30, 870, 209);
INSERT INTO ITEMPED VALUES (1220, 22, 154);
INSERT INTO ITEMPED VALUES (1220, 25, 162);
INSERT INTO ITEMPED VALUES (1220, 31, 85);
INSERT INTO ITEMPED VALUES (1220, 45, 291);
INSERT INTO ITEMPED VALUES (1220, 53, 113);
INSERT INTO ITEMPED VALUES (1220, 77, 100);
INSERT INTO PEDIDO VALUES (1221, 20, 290, 250);
INSERT INTO ITEMPED VALUES (1221, 45, 214);
INSERT INTO ITEMPED VALUES (1221, 53, 269);
INSERT INTO ITEMPED VALUES (1221, 77, 30);
INSERT INTO ITEMPED VALUES (1221, 78, 80);
INSERT INTO PEDIDO VALUES (1222, 45, 390, 213);
INSERT INTO ITEMPED VALUES (1222, 53, 298);
INSERT INTO ITEMPED VALUES (1222, 77, 260);
INSERT INTO ITEMPED VALUES (1222, 78, 196);
INSERT INTO ITEMPED VALUES (1222, 13, 3);
INSERT INTO ITEMPED VALUES (1222, 22, 63);
INSERT INTO ITEMPED VALUES (1222, 25, 268);
INSERT INTO PEDIDO VALUES (1223, 60, 871, 111);
INSERT INTO ITEMPED VALUES (1223, 25, 250);
INSERT INTO ITEMPED VALUES (1223, 31, 161);
INSERT INTO ITEMPED VALUES (1223, 45, 230);
INSERT INTO ITEMPED VALUES (1223, 53, 14);
INSERT INTO ITEMPED VALUES (1223, 77, 254);
INSERT INTO PEDIDO VALUES (1224, 20, 290, 11);
INSERT INTO ITEMPED VALUES (1224, 31, 228);
INSERT INTO ITEMPED VALUES (1224, 45, 271);
INSERT INTO ITEMPED VALUES (1224, 53, 64);
INSERT INTO PEDIDO VALUES (1225, 30, 720, 209);
INSERT INTO ITEMPED VALUES (1225, 45, 235);
INSERT INTO PEDIDO VALUES (1226, 60, 260, 213);
INSERT INTO ITEMPED VALUES (1226, 22, 215);
INSERT INTO ITEMPED VALUES (1226, 25, 50);
INSERT INTO ITEMPED VALUES (1226, 31, 226);
INSERT INTO ITEMPED VALUES (1226, 45, 260);
INSERT INTO ITEMPED VALUES (1226, 53, 229);
INSERT INTO PEDIDO VALUES (1227, 45, 290, 111);
INSERT INTO ITEMPED VALUES (1227, 13, 175);
INSERT INTO ITEMPED VALUES (1227, 22, 66);
INSERT INTO ITEMPED VALUES (1227, 25, 36);
INSERT INTO PEDIDO VALUES (1228, 20, 110, 213);
INSERT INTO ITEMPED VALUES (1228, 31, 8);
INSERT INTO ITEMPED VALUES (1228, 45, 277);
INSERT INTO ITEMPED VALUES (1228, 53, 169);
INSERT INTO PEDIDO VALUES (1229, 45, 290, 101);
INSERT INTO ITEMPED VALUES (1229, 45, 230);
INSERT INTO PEDIDO VALUES (1230, 10, 180, 240);
INSERT INTO ITEMPED VALUES (1230, 53, 64);
INSERT INTO ITEMPED VALUES (1230, 77, 24);
INSERT INTO ITEMPED VALUES (1230, 78, 203);
INSERT INTO ITEMPED VALUES (1230, 13, 129);
INSERT INTO ITEMPED VALUES (1230, 22, 207);
INSERT INTO ITEMPED VALUES (1230, 25, 6);
INSERT INTO PEDIDO VALUES (1231, 60, 390, 250);
INSERT INTO ITEMPED VALUES (1231, 45, 18);
INSERT INTO ITEMPED VALUES (1231, 53, 89);
INSERT INTO ITEMPED VALUES (1231, 77, 276);
INSERT INTO PEDIDO VALUES (1232, 30, 410, 111);
INSERT INTO ITEMPED VALUES (1232, 77, 113);
INSERT INTO ITEMPED VALUES (1232, 78, 205);
INSERT INTO PEDIDO VALUES (1233, 10, 830, 213);
INSERT INTO ITEMPED VALUES (1233, 31, 81);
INSERT INTO PEDIDO VALUES (1234, 45, 410, 240);
INSERT INTO ITEMPED VALUES (1234, 45, 251);
INSERT INTO ITEMPED VALUES (1234, 53, 158);
INSERT INTO ITEMPED VALUES (1234, 77, 258);
INSERT INTO ITEMPED VALUES (1234, 78, 183);
INSERT INTO ITEMPED VALUES (1234, 13, 226);
INSERT INTO ITEMPED VALUES (1234, 22, 259);
INSERT INTO PEDIDO VALUES (1235, 10, 110, 111);
INSERT INTO ITEMPED VALUES (1235, 31, 151);
INSERT INTO PEDIDO VALUES (1236, 30, 720, 209);
INSERT INTO ITEMPED VALUES (1236, 25, 228);
INSERT INTO PEDIDO VALUES (1237, 20, 180, 101);
INSERT INTO ITEMPED VALUES (1237, 77, 201);
INSERT INTO ITEMPED VALUES (1237, 78, 269);
INSERT INTO PEDIDO VALUES (1238, 60, 870, 240);
INSERT INTO ITEMPED VALUES (1238, 31, 103);
INSERT INTO ITEMPED VALUES (1238, 45, 233);
INSERT INTO ITEMPED VALUES (1238, 53, 60);
INSERT INTO ITEMPED VALUES (1238, 77, 7);
INSERT INTO PEDIDO VALUES (1239, 30, 871, 310);
INSERT INTO ITEMPED VALUES (1239, 13, 266);
INSERT INTO ITEMPED VALUES (1239, 22, 238);
INSERT INTO ITEMPED VALUES (1239, 25, 8);
INSERT INTO PEDIDO VALUES (1240, 10, 260, 11);
INSERT INTO ITEMPED VALUES (1240, 53, 90);
INSERT INTO ITEMPED VALUES (1240, 77, 139);
INSERT INTO ITEMPED VALUES (1240, 78, 24);
INSERT INTO ITEMPED VALUES (1240, 13, 34);
INSERT INTO ITEMPED VALUES (1240, 22, 182);
INSERT INTO PEDIDO VALUES (1241, 30, 830, 250);
INSERT INTO ITEMPED VALUES (1241, 31, 3);
INSERT INTO ITEMPED VALUES (1241, 45, 67);
INSERT INTO PEDIDO VALUES (1242, 10, 410, 209);
INSERT INTO ITEMPED VALUES (1242, 22, 52);
INSERT INTO ITEMPED VALUES (1242, 25, 11);
INSERT INTO PEDIDO VALUES (1243, 20, 20, 11);
INSERT INTO ITEMPED VALUES (1243, 45, 173);
INSERT INTO PEDIDO VALUES (1244, 45, 871, 101);
INSERT INTO ITEMPED VALUES (1244, 78, 263);
INSERT INTO ITEMPED VALUES (1244, 13, 293);
INSERT INTO PEDIDO VALUES (1245, 10, 870, 213);
INSERT INTO ITEMPED VALUES (1245, 31, 160);
INSERT INTO ITEMPED VALUES (1245, 45, 113);
INSERT INTO ITEMPED VALUES (1245, 53, 213);
INSERT INTO ITEMPED VALUES (1245, 77, 118);
INSERT INTO ITEMPED VALUES (1245, 78, 298);
INSERT INTO ITEMPED VALUES (1245, 13, 207);
INSERT INTO PEDIDO VALUES (1246, 45, 871, 240);
INSERT INTO ITEMPED VALUES (1246, 22, 120);
INSERT INTO ITEMPED VALUES (1246, 25, 292);
INSERT INTO ITEMPED VALUES (1246, 31, 119);
INSERT INTO PEDIDO VALUES (1247, 10, 20, 209);
INSERT INTO ITEMPED VALUES (1247, 53, 300);
INSERT INTO ITEMPED VALUES (1247, 77, 184);
INSERT INTO ITEMPED VALUES (1247, 78, 14);
INSERT INTO ITEMPED VALUES (1247, 13, 295);
INSERT INTO PEDIDO VALUES (1248, 30, 260, 11);
INSERT INTO ITEMPED VALUES (1248, 31, 194);
INSERT INTO PEDIDO VALUES (1249, 45, 290, 213);
INSERT INTO ITEMPED VALUES (1249, 45, 9);
INSERT INTO ITEMPED VALUES (1249, 53, 221);
INSERT INTO ITEMPED VALUES (1249, 77, 291);
INSERT INTO ITEMPED VALUES (1249, 78, 260);
INSERT INTO PEDIDO VALUES (1250, 10, 410, 720);
INSERT INTO ITEMPED VALUES (1250, 22, 114);
INSERT INTO ITEMPED VALUES (1250, 25, 103);
INSERT INTO PEDIDO VALUES (1251, 30, 180, 11);
INSERT INTO ITEMPED VALUES (1251, 31, 59);
INSERT INTO PEDIDO VALUES (1252, 10, 390, 720);
INSERT INTO ITEMPED VALUES (1252, 25, 60);
INSERT INTO ITEMPED VALUES (1252, 31, 295);
INSERT INTO ITEMPED VALUES (1252, 45, 53);
INSERT INTO ITEMPED VALUES (1252, 53, 243);
INSERT INTO ITEMPED VALUES (1252, 77, 220);
INSERT INTO ITEMPED VALUES (1252, 78, 272);
INSERT INTO PEDIDO VALUES (1253, 30, 870, 250);
INSERT INTO ITEMPED VALUES (1253, 31, 62);
INSERT INTO PEDIDO VALUES (1254, 60, 110, 310);
INSERT INTO ITEMPED VALUES (1254, 77, 166);
INSERT INTO ITEMPED VALUES (1254, 78, 196);
INSERT INTO ITEMPED VALUES (1254, 13, 167);
INSERT INTO ITEMPED VALUES (1254, 22, 72);
INSERT INTO PEDIDO VALUES (1255, 20, 290, 240);
INSERT INTO ITEMPED VALUES (1255, 13, 291);
INSERT INTO ITEMPED VALUES (1255, 22, 122);
INSERT INTO ITEMPED VALUES (1255, 25, 242);
INSERT INTO PEDIDO VALUES (1256, 60, 390, 209);
INSERT INTO ITEMPED VALUES (1256, 78, 292);
INSERT INTO ITEMPED VALUES (1256, 13, 55);
INSERT INTO ITEMPED VALUES (1256, 22, 247);
INSERT INTO ITEMPED VALUES (1256, 25, 22);
INSERT INTO ITEMPED VALUES (1256, 31, 61);
INSERT INTO ITEMPED VALUES (1256, 45, 71);
INSERT INTO PEDIDO VALUES (1257, 30, 870, 11);
INSERT INTO ITEMPED VALUES (1257, 31, 122);
INSERT INTO PEDIDO VALUES (1258, 10, 390, 240);
INSERT INTO ITEMPED VALUES (1258, 22, 78);
INSERT INTO ITEMPED VALUES (1258, 25, 219);
INSERT INTO ITEMPED VALUES (1258, 31, 151);
INSERT INTO ITEMPED VALUES (1258, 45, 218);
INSERT INTO PEDIDO VALUES (1259, 45, 290, 209);
INSERT INTO ITEMPED VALUES (1259, 78, 145);
INSERT INTO ITEMPED VALUES (1259, 13, 61);
INSERT INTO ITEMPED VALUES (1259, 22, 133);
INSERT INTO ITEMPED VALUES (1259, 25, 138);
INSERT INTO ITEMPED VALUES (1259, 31, 207);
INSERT INTO ITEMPED VALUES (1259, 45, 148);
INSERT INTO PEDIDO VALUES (1260, 30, 830, 11);
INSERT INTO ITEMPED VALUES (1260, 45, 231);
INSERT INTO ITEMPED VALUES (1260, 53, 101);
INSERT INTO ITEMPED VALUES (1260, 77, 167);
INSERT INTO ITEMPED VALUES (1260, 78, 159);
INSERT INTO ITEMPED VALUES (1260, 13, 180);
INSERT INTO ITEMPED VALUES (1260, 22, 257);
INSERT INTO PEDIDO VALUES (1261, 10, 110, 101);
INSERT INTO ITEMPED VALUES (1261, 25, 68);
INSERT INTO ITEMPED VALUES (1261, 31, 230);
INSERT INTO ITEMPED VALUES (1261, 45, 133);
INSERT INTO ITEMPED VALUES (1261, 53, 289);
INSERT INTO ITEMPED VALUES (1261, 77, 42);
INSERT INTO ITEMPED VALUES (1261, 78, 74);
INSERT INTO PEDIDO VALUES (1262, 45, 20, 209);
INSERT INTO ITEMPED VALUES (1262, 22, 176);
INSERT INTO ITEMPED VALUES (1262, 25, 223);
INSERT INTO PEDIDO VALUES (1263, 10, 390, 111);
INSERT INTO ITEMPED VALUES (1263, 25, 9);
INSERT INTO ITEMPED VALUES (1263, 31, 252);
INSERT INTO ITEMPED VALUES (1263, 45, 231);
INSERT INTO ITEMPED VALUES (1263, 53, 131);
INSERT INTO PEDIDO VALUES (1264, 45, 720, 240);
INSERT INTO ITEMPED VALUES (1264, 45, 203);
INSERT INTO ITEMPED VALUES (1264, 53, 264);
INSERT INTO ITEMPED VALUES (1264, 77, 13);
INSERT INTO ITEMPED VALUES (1264, 78, 150);
INSERT INTO PEDIDO VALUES (1265, 30, 871, 11);
INSERT INTO ITEMPED VALUES (1265, 78, 90);
INSERT INTO ITEMPED VALUES (1265, 13, 208);
INSERT INTO ITEMPED VALUES (1265, 22, 70);
INSERT INTO ITEMPED VALUES (1265, 25, 29);
INSERT INTO PEDIDO VALUES (1266, 60, 20, 240);
INSERT INTO ITEMPED VALUES (1266, 13, 70);
INSERT INTO ITEMPED VALUES (1266, 22, 294);
INSERT INTO ITEMPED VALUES (1266, 25, 16);
INSERT INTO ITEMPED VALUES (1266, 31, 137);
INSERT INTO ITEMPED VALUES (1266, 45, 197);
INSERT INTO PEDIDO VALUES (1267, 10, 830, 720);
INSERT INTO ITEMPED VALUES (1267, 22, 201);
INSERT INTO ITEMPED VALUES (1267, 25, 68);
INSERT INTO ITEMPED VALUES (1267, 31, 239);
INSERT INTO ITEMPED VALUES (1267, 45, 263);
INSERT INTO ITEMPED VALUES (1267, 53, 50);
INSERT INTO ITEMPED VALUES (1267, 77, 117);
INSERT INTO PEDIDO VALUES (1268, 20, 871, 310);
INSERT INTO ITEMPED VALUES (1268, 31, 33);
INSERT INTO ITEMPED VALUES (1268, 45, 202);
INSERT INTO ITEMPED VALUES (1268, 53, 226);
INSERT INTO ITEMPED VALUES (1268, 77, 123);
INSERT INTO PEDIDO VALUES (1269, 45, 180, 111);
INSERT INTO ITEMPED VALUES (1269, 13, 281);
INSERT INTO PEDIDO VALUES (1270, 20, 20, 720);
INSERT INTO ITEMPED VALUES (1270, 22, 224);
INSERT INTO ITEMPED VALUES (1270, 25, 119);
INSERT INTO PEDIDO VALUES (1271, 30, 260, 240);
INSERT INTO ITEMPED VALUES (1271, 53, 190);
INSERT INTO PEDIDO VALUES (1272, 45, 390, 209);
INSERT INTO ITEMPED VALUES (1272, 45, 90);
INSERT INTO ITEMPED VALUES (1272, 53, 163);
INSERT INTO ITEMPED VALUES (1272, 77, 295);
INSERT INTO ITEMPED VALUES (1272, 78, 266);
INSERT INTO ITEMPED VALUES (1272, 13, 88);
INSERT INTO PEDIDO VALUES (1273, 30, 110, 250);
INSERT INTO ITEMPED VALUES (1273, 77, 181);
INSERT INTO ITEMPED VALUES (1273, 78, 61);
INSERT INTO PEDIDO VALUES (1274, 10, 410, 11);
INSERT INTO ITEMPED VALUES (1274, 13, 223);
INSERT INTO ITEMPED VALUES (1274, 22, 169);
INSERT INTO ITEMPED VALUES (1274, 25, 125);
INSERT INTO ITEMPED VALUES (1274, 31, 264);
INSERT INTO ITEMPED VALUES (1274, 45, 28);
INSERT INTO PEDIDO VALUES (1275, 30, 110, 101);
INSERT INTO ITEMPED VALUES (1275, 53, 192);
INSERT INTO ITEMPED VALUES (1275, 77, 27);
INSERT INTO ITEMPED VALUES (1275, 78, 86);
INSERT INTO ITEMPED VALUES (1275, 13, 55);
INSERT INTO PEDIDO VALUES (1276, 45, 871, 310);
INSERT INTO ITEMPED VALUES (1276, 13, 68);
INSERT INTO ITEMPED VALUES (1276, 22, 299);
INSERT INTO ITEMPED VALUES (1276, 25, 32);
INSERT INTO ITEMPED VALUES (1276, 31, 246);
INSERT INTO ITEMPED VALUES (1276, 45, 284);
INSERT INTO ITEMPED VALUES (1276, 53, 296);
INSERT INTO PEDIDO VALUES (1277, 10, 290, 720);
INSERT INTO ITEMPED VALUES (1277, 78, 58);
INSERT INTO ITEMPED VALUES (1277, 13, 9);
INSERT INTO ITEMPED VALUES (1277, 22, 130);
INSERT INTO ITEMPED VALUES (1277, 25, 196);
INSERT INTO ITEMPED VALUES (1277, 31, 131);
INSERT INTO PEDIDO VALUES (1278, 20, 870, 11);
INSERT INTO ITEMPED VALUES (1278, 13, 84);
INSERT INTO ITEMPED VALUES (1278, 22, 242);
INSERT INTO ITEMPED VALUES (1278, 25, 255);
INSERT INTO PEDIDO VALUES (1279, 60, 110, 213);
INSERT INTO ITEMPED VALUES (1279, 53, 198);
INSERT INTO ITEMPED VALUES (1279, 77, 252);
INSERT INTO PEDIDO VALUES (1280, 30, 180, 240);
INSERT INTO ITEMPED VALUES (1280, 25, 277);
INSERT INTO PEDIDO VALUES (1281, 45, 110, 310);
INSERT INTO ITEMPED VALUES (1281, 22, 46);
INSERT INTO ITEMPED VALUES (1281, 25, 80);
INSERT INTO ITEMPED VALUES (1281, 31, 203);
INSERT INTO ITEMPED VALUES (1281, 45, 32);
INSERT INTO PEDIDO VALUES (1282, 60, 260, 720);
INSERT INTO ITEMPED VALUES (1282, 45, 63);
INSERT INTO ITEMPED VALUES (1282, 53, 263);
INSERT INTO ITEMPED VALUES (1282, 77, 192);
INSERT INTO ITEMPED VALUES (1282, 78, 50);
INSERT INTO ITEMPED VALUES (1282, 13, 26);
INSERT INTO PEDIDO VALUES (1283, 20, 871, 11);
INSERT INTO ITEMPED VALUES (1283, 31, 267);
INSERT INTO ITEMPED VALUES (1283, 45, 170);
INSERT INTO ITEMPED VALUES (1283, 53, 174);
INSERT INTO ITEMPED VALUES (1283, 77, 88);
INSERT INTO PEDIDO VALUES (1284, 30, 720, 213);
INSERT INTO ITEMPED VALUES (1284, 13, 154);
INSERT INTO ITEMPED VALUES (1284, 22, 31);
INSERT INTO ITEMPED VALUES (1284, 25, 250);
INSERT INTO ITEMPED VALUES (1284, 31, 208);
INSERT INTO ITEMPED VALUES (1284, 45, 153);
INSERT INTO PEDIDO VALUES (1285, 20, 830, 240);
INSERT INTO ITEMPED VALUES (1285, 22, 96);
INSERT INTO ITEMPED VALUES (1285, 25, 85);
INSERT INTO ITEMPED VALUES (1285, 31, 294);
INSERT INTO PEDIDO VALUES (1286, 10, 410, 720);
INSERT INTO ITEMPED VALUES (1286, 78, 275);
INSERT INTO ITEMPED VALUES (1286, 13, 91);
INSERT INTO PEDIDO VALUES (1287, 20, 830, 240);
INSERT INTO ITEMPED VALUES (1287, 31, 123);
INSERT INTO ITEMPED VALUES (1287, 45, 27);
INSERT INTO ITEMPED VALUES (1287, 53, 117);
INSERT INTO PEDIDO VALUES (1288, 30, 870, 213);
INSERT INTO ITEMPED VALUES (1288, 78, 95);
INSERT INTO ITEMPED VALUES (1288, 13, 118);
INSERT INTO ITEMPED VALUES (1288, 22, 20);
INSERT INTO ITEMPED VALUES (1288, 25, 61);
INSERT INTO ITEMPED VALUES (1288, 31, 179);
INSERT INTO ITEMPED VALUES (1288, 45, 115);
INSERT INTO PEDIDO VALUES (1289, 20, 390, 250);
INSERT INTO ITEMPED VALUES (1289, 22, 66);
INSERT INTO ITEMPED VALUES (1289, 25, 126);
INSERT INTO PEDIDO VALUES (1290, 10, 290, 213);
INSERT INTO ITEMPED VALUES (1290, 25, 12);
INSERT INTO PEDIDO VALUES (1291, 45, 410, 250);
INSERT INTO ITEMPED VALUES (1291, 78, 127);
INSERT INTO ITEMPED VALUES (1291, 13, 132);
INSERT INTO ITEMPED VALUES (1291, 22, 51);
INSERT INTO ITEMPED VALUES (1291, 25, 128);
INSERT INTO ITEMPED VALUES (1291, 31, 151);
INSERT INTO PEDIDO VALUES (1292, 30, 871, 720);
INSERT INTO ITEMPED VALUES (1292, 31, 258);
INSERT INTO ITEMPED VALUES (1292, 45, 151);
INSERT INTO ITEMPED VALUES (1292, 53, 184);
INSERT INTO ITEMPED VALUES (1292, 77, 127);
INSERT INTO ITEMPED VALUES (1292, 78, 213);
INSERT INTO ITEMPED VALUES (1292, 13, 291);
INSERT INTO PEDIDO VALUES (1293, 20, 180, 209);
INSERT INTO ITEMPED VALUES (1293, 77, 129);
INSERT INTO ITEMPED VALUES (1293, 78, 229);
INSERT INTO ITEMPED VALUES (1293, 13, 28);
INSERT INTO ITEMPED VALUES (1293, 22, 53);
INSERT INTO ITEMPED VALUES (1293, 25, 197);
INSERT INTO ITEMPED VALUES (1293, 31, 8);
INSERT INTO PEDIDO VALUES (1294, 45, 410, 240);
INSERT INTO ITEMPED VALUES (1294, 45, 39);
INSERT INTO ITEMPED VALUES (1294, 53, 11);
INSERT INTO PEDIDO VALUES (1295, 20, 110, 720);
INSERT INTO ITEMPED VALUES (1295, 25, 302);
INSERT INTO PEDIDO VALUES (1296, 10, 720, 213);
INSERT INTO ITEMPED VALUES (1296, 53, 99);
INSERT INTO ITEMPED VALUES (1296, 77, 278);
INSERT INTO ITEMPED VALUES (1296, 78, 256);
INSERT INTO ITEMPED VALUES (1296, 13, 230);
INSERT INTO PEDIDO VALUES (1297, 20, 390, 240);
INSERT INTO ITEMPED VALUES (1297, 31, 227);
INSERT INTO ITEMPED VALUES (1297, 45, 31);
INSERT INTO PEDIDO VALUES (1298, 45, 871, 11);
INSERT INTO ITEMPED VALUES (1298, 13, 58);
INSERT INTO ITEMPED VALUES (1298, 22, 186);
INSERT INTO ITEMPED VALUES (1298, 25, 85);
INSERT INTO ITEMPED VALUES (1298, 31, 190);
INSERT INTO ITEMPED VALUES (1298, 45, 19);
INSERT INTO PEDIDO VALUES (1299, 10, 290, 101);
INSERT INTO ITEMPED VALUES (1299, 53, 256);
INSERT INTO ITEMPED VALUES (1299, 77, 40);
INSERT INTO ITEMPED VALUES (1299, 78, 165);
INSERT INTO ITEMPED VALUES (1299, 13, 75);
INSERT INTO ITEMPED VALUES (1299, 22, 279);
INSERT INTO ITEMPED VALUES (1299, 25, 147);
INSERT INTO PEDIDO VALUES (1300, 20, 870, 240);
INSERT INTO ITEMPED VALUES (1300, 45, 262);
INSERT INTO ITEMPED VALUES (1300, 53, 177);
INSERT INTO ITEMPED VALUES (1300, 77, 243);
INSERT INTO ITEMPED VALUES (1300, 78, 103);
INSERT INTO ITEMPED VALUES (1300, 13, 255);
INSERT INTO ITEMPED VALUES (1300, 22, 162);
INSERT INTO PEDIDO VALUES (1301, 60, 110, 101);
INSERT INTO ITEMPED VALUES (1301, 31, 69);
INSERT INTO PEDIDO VALUES (1302, 45, 871, 240);
INSERT INTO ITEMPED VALUES (1302, 53, 37);
INSERT INTO ITEMPED VALUES (1302, 77, 41);
INSERT INTO ITEMPED VALUES (1302, 78, 237);
INSERT INTO ITEMPED VALUES (1302, 13, 142);
INSERT INTO ITEMPED VALUES (1302, 22, 140);
INSERT INTO PEDIDO VALUES (1303, 60, 110, 720);
INSERT INTO ITEMPED VALUES (1303, 31, 4);
INSERT INTO ITEMPED VALUES (1303, 45, 157);
INSERT INTO ITEMPED VALUES (1303, 53, 191);
INSERT INTO ITEMPED VALUES (1303, 77, 4);
INSERT INTO ITEMPED VALUES (1303, 78, 272);
INSERT INTO ITEMPED VALUES (1303, 13, 238);
INSERT INTO PEDIDO VALUES (1304, 20, 290, 240);
INSERT INTO ITEMPED VALUES (1304, 77, 49);
INSERT INTO ITEMPED VALUES (1304, 78, 267);
INSERT INTO ITEMPED VALUES (1304, 13, 147);
INSERT INTO ITEMPED VALUES (1304, 22, 56);
INSERT INTO ITEMPED VALUES (1304, 25, 16);
INSERT INTO ITEMPED VALUES (1304, 31, 198);
INSERT INTO PEDIDO VALUES (1305, 60, 410, 250);
INSERT INTO ITEMPED VALUES (1305, 78, 43);
INSERT INTO ITEMPED VALUES (1305, 13, 32);
INSERT INTO ITEMPED VALUES (1305, 22, 80);
INSERT INTO ITEMPED VALUES (1305, 25, 187);
INSERT INTO PEDIDO VALUES (1306, 30, 290, 11);
INSERT INTO ITEMPED VALUES (1306, 13, 294);
INSERT INTO ITEMPED VALUES (1306, 22, 272);
INSERT INTO ITEMPED VALUES (1306, 25, 269);
INSERT INTO ITEMPED VALUES (1306, 31, 60);
INSERT INTO ITEMPED VALUES (1306, 45, 55);
INSERT INTO ITEMPED VALUES (1306, 53, 147);
INSERT INTO PEDIDO VALUES (1307, 45, 720, 310);
INSERT INTO ITEMPED VALUES (1307, 77, 19);
INSERT INTO ITEMPED VALUES (1307, 78, 276);
INSERT INTO ITEMPED VALUES (1307, 13, 58);
INSERT INTO ITEMPED VALUES (1307, 22, 150);
INSERT INTO ITEMPED VALUES (1307, 25, 72);
INSERT INTO PEDIDO VALUES (1308, 10, 870, 111);
INSERT INTO ITEMPED VALUES (1308, 53, 280);
INSERT INTO ITEMPED VALUES (1308, 77, 119);
INSERT INTO ITEMPED VALUES (1308, 78, 142);
INSERT INTO ITEMPED VALUES (1308, 13, 194);
INSERT INTO ITEMPED VALUES (1308, 22, 284);
INSERT INTO PEDIDO VALUES (1309, 20, 871, 720);
INSERT INTO ITEMPED VALUES (1309, 13, 57);
INSERT INTO ITEMPED VALUES (1309, 22, 170);
INSERT INTO ITEMPED VALUES (1309, 25, 297);
INSERT INTO ITEMPED VALUES (1309, 31, 29);
INSERT INTO ITEMPED VALUES (1309, 45, 39);
INSERT INTO ITEMPED VALUES (1309, 53, 284);
INSERT INTO PEDIDO VALUES (1310, 30, 830, 209);
INSERT INTO ITEMPED VALUES (1310, 22, 102);
INSERT INTO ITEMPED VALUES (1310, 25, 126);
INSERT INTO ITEMPED VALUES (1310, 31, 138);
INSERT INTO ITEMPED VALUES (1310, 45, 94);
INSERT INTO PEDIDO VALUES (1311, 10, 260, 213);
INSERT INTO ITEMPED VALUES (1311, 77, 219);
INSERT INTO ITEMPED VALUES (1311, 78, 246);
INSERT INTO ITEMPED VALUES (1311, 13, 225);
INSERT INTO ITEMPED VALUES (1311, 22, 141);
INSERT INTO ITEMPED VALUES (1311, 25, 287);
INSERT INTO PEDIDO VALUES (1312, 45, 180, 720);
INSERT INTO ITEMPED VALUES (1312, 78, 31);
INSERT INTO PEDIDO VALUES (1313, 20, 110, 111);
INSERT INTO ITEMPED VALUES (1313, 25, 111);
INSERT INTO ITEMPED VALUES (1313, 31, 54);
INSERT INTO ITEMPED VALUES (1313, 45, 296);
INSERT INTO ITEMPED VALUES (1313, 53, 12);
INSERT INTO PEDIDO VALUES (1314, 30, 290, 720);
INSERT INTO ITEMPED VALUES (1314, 53, 180);
INSERT INTO ITEMPED VALUES (1314, 77, 295);
INSERT INTO ITEMPED VALUES (1314, 78, 140);
INSERT INTO PEDIDO VALUES (1315, 20, 410, 310);
INSERT INTO ITEMPED VALUES (1315, 31, 153);
INSERT INTO PEDIDO VALUES (1316, 60, 720, 209);
INSERT INTO ITEMPED VALUES (1316, 25, 117);
INSERT INTO ITEMPED VALUES (1316, 31, 248);
INSERT INTO ITEMPED VALUES (1316, 45, 250);
INSERT INTO ITEMPED VALUES (1316, 53, 196);
INSERT INTO ITEMPED VALUES (1316, 77, 252);
INSERT INTO ITEMPED VALUES (1316, 78, 37);
INSERT INTO PEDIDO VALUES (1317, 10, 290, 250);
INSERT INTO ITEMPED VALUES (1317, 78, 165);
INSERT INTO ITEMPED VALUES (1317, 13, 295);
INSERT INTO ITEMPED VALUES (1317, 22, 253);
INSERT INTO ITEMPED VALUES (1317, 25, 143);
INSERT INTO ITEMPED VALUES (1317, 31, 84);
INSERT INTO PEDIDO VALUES (1318, 30, 180, 720);
INSERT INTO ITEMPED VALUES (1318, 13, 232);
INSERT INTO ITEMPED VALUES (1318, 22, 249);
INSERT INTO ITEMPED VALUES (1318, 25, 10);
INSERT INTO ITEMPED VALUES (1318, 31, 188);
INSERT INTO ITEMPED VALUES (1318, 45, 141);
INSERT INTO ITEMPED VALUES (1318, 53, 31);
INSERT INTO PEDIDO VALUES (1319, 45, 110, 101);
INSERT INTO ITEMPED VALUES (1319, 25, 25);
INSERT INTO ITEMPED VALUES (1319, 31, 64);
INSERT INTO ITEMPED VALUES (1319, 45, 89);
INSERT INTO ITEMPED VALUES (1319, 53, 268);
INSERT INTO ITEMPED VALUES (1319, 77, 86);
INSERT INTO ITEMPED VALUES (1319, 78, 173);
INSERT INTO PEDIDO VALUES (1320, 60, 260, 11);
INSERT INTO ITEMPED VALUES (1320, 77, 26);
INSERT INTO PEDIDO VALUES (1321, 10, 20, 209);
INSERT INTO ITEMPED VALUES (1321, 22, 102);
INSERT INTO PEDIDO VALUES (1322, 20, 180, 111);
INSERT INTO ITEMPED VALUES (1322, 78, 291);
INSERT INTO ITEMPED VALUES (1322, 13, 161);
INSERT INTO ITEMPED VALUES (1322, 22, 107);
INSERT INTO PEDIDO VALUES (1323, 10, 20, 11);
INSERT INTO ITEMPED VALUES (1323, 53, 255);
INSERT INTO PEDIDO VALUES (1324, 60, 871, 101);
INSERT INTO ITEMPED VALUES (1324, 77, 33);
INSERT INTO ITEMPED VALUES (1324, 78, 269);
INSERT INTO ITEMPED VALUES (1324, 13, 209);
INSERT INTO ITEMPED VALUES (1324, 22, 18);
INSERT INTO PEDIDO VALUES (1325, 45, 260, 111);
INSERT INTO ITEMPED VALUES (1325, 13, 86);
INSERT INTO ITEMPED VALUES (1325, 22, 73);
INSERT INTO ITEMPED VALUES (1325, 25, 216);
INSERT INTO ITEMPED VALUES (1325, 31, 91);
INSERT INTO PEDIDO VALUES (1326, 10, 390, 101);
INSERT INTO ITEMPED VALUES (1326, 31, 231);
INSERT INTO PEDIDO VALUES (1327, 30, 871, 310);
INSERT INTO ITEMPED VALUES (1327, 13, 244);
INSERT INTO ITEMPED VALUES (1327, 22, 81);
INSERT INTO ITEMPED VALUES (1327, 25, 117);
INSERT INTO ITEMPED VALUES (1327, 31, 94);
INSERT INTO ITEMPED VALUES (1327, 45, 148);
INSERT INTO PEDIDO VALUES (1328, 45, 20, 213);
INSERT INTO ITEMPED VALUES (1328, 77, 102);
INSERT INTO ITEMPED VALUES (1328, 78, 242);
INSERT INTO PEDIDO VALUES (1329, 20, 410, 240);
INSERT INTO ITEMPED VALUES (1329, 22, 251);
INSERT INTO ITEMPED VALUES (1329, 25, 261);
INSERT INTO ITEMPED VALUES (1329, 31, 192);
INSERT INTO ITEMPED VALUES (1329, 45, 279);
INSERT INTO ITEMPED VALUES (1329, 53, 253);
INSERT INTO ITEMPED VALUES (1329, 77, 46);
INSERT INTO PEDIDO VALUES (1330, 45, 720, 213);
INSERT INTO ITEMPED VALUES (1330, 13, 262);
INSERT INTO ITEMPED VALUES (1330, 22, 152);
INSERT INTO ITEMPED VALUES (1330, 25, 184);
INSERT INTO ITEMPED VALUES (1330, 31, 253);
INSERT INTO ITEMPED VALUES (1330, 45, 278);
INSERT INTO PEDIDO VALUES (1331, 20, 830, 720);
INSERT INTO ITEMPED VALUES (1331, 53, 164);
INSERT INTO ITEMPED VALUES (1331, 77, 127);
INSERT INTO ITEMPED VALUES (1331, 78, 39);
INSERT INTO ITEMPED VALUES (1331, 13, 24);
INSERT INTO ITEMPED VALUES (1331, 22, 121);
INSERT INTO PEDIDO VALUES (1332, 45, 871, 209);
INSERT INTO ITEMPED VALUES (1332, 13, 273);
INSERT INTO ITEMPED VALUES (1332, 22, 273);
INSERT INTO PEDIDO VALUES (1333, 60, 110, 213);
INSERT INTO ITEMPED VALUES (1333, 77, 158);
INSERT INTO ITEMPED VALUES (1333, 78, 200);
INSERT INTO PEDIDO VALUES (1334, 20, 290, 111);
INSERT INTO ITEMPED VALUES (1334, 53, 216);
INSERT INTO ITEMPED VALUES (1334, 77, 122);
INSERT INTO ITEMPED VALUES (1334, 78, 60);
INSERT INTO ITEMPED VALUES (1334, 13, 297);
INSERT INTO ITEMPED VALUES (1334, 22, 288);
INSERT INTO ITEMPED VALUES (1334, 25, 279);
INSERT INTO PEDIDO VALUES (1335, 60, 110, 240);
INSERT INTO ITEMPED VALUES (1335, 45, 192);
INSERT INTO ITEMPED VALUES (1335, 53, 169);
INSERT INTO ITEMPED VALUES (1335, 77, 275);
INSERT INTO ITEMPED VALUES (1335, 78, 126);
INSERT INTO ITEMPED VALUES (1335, 13, 284);
INSERT INTO ITEMPED VALUES (1335, 22, 300);
INSERT INTO PEDIDO VALUES (1336, 10, 871, 310);
INSERT INTO ITEMPED VALUES (1336, 13, 14);
INSERT INTO ITEMPED VALUES (1336, 22, 207);
INSERT INTO ITEMPED VALUES (1336, 25, 6);
INSERT INTO ITEMPED VALUES (1336, 31, 200);
INSERT INTO ITEMPED VALUES (1336, 45, 37);
INSERT INTO PEDIDO VALUES (1337, 20, 180, 101);
INSERT INTO ITEMPED VALUES (1337, 78, 194);
INSERT INTO ITEMPED VALUES (1337, 13, 58);
INSERT INTO ITEMPED VALUES (1337, 22, 23);
INSERT INTO PEDIDO VALUES (1338, 45, 870, 720);
INSERT INTO ITEMPED VALUES (1338, 22, 145);
INSERT INTO PEDIDO VALUES (1339, 30, 410, 111);
INSERT INTO ITEMPED VALUES (1339, 53, 187);
INSERT INTO PEDIDO VALUES (1340, 10, 871, 720);
INSERT INTO ITEMPED VALUES (1340, 31, 175);
INSERT INTO ITEMPED VALUES (1340, 45, 207);
INSERT INTO ITEMPED VALUES (1340, 53, 248);
INSERT INTO ITEMPED VALUES (1340, 77, 106);
INSERT INTO ITEMPED VALUES (1340, 78, 95);
INSERT INTO ITEMPED VALUES (1340, 13, 101);
INSERT INTO PEDIDO VALUES (1341, 30, 720, 101);
INSERT INTO ITEMPED VALUES (1341, 77, 127);
INSERT INTO ITEMPED VALUES (1341, 78, 141);
INSERT INTO ITEMPED VALUES (1341, 13, 191);
INSERT INTO ITEMPED VALUES (1341, 22, 71);
INSERT INTO ITEMPED VALUES (1341, 25, 238);
INSERT INTO ITEMPED VALUES (1341, 31, 231);
INSERT INTO PEDIDO VALUES (1342, 20, 20, 240);
INSERT INTO ITEMPED VALUES (1342, 78, 267);
INSERT INTO ITEMPED VALUES (1342, 13, 4);
INSERT INTO ITEMPED VALUES (1342, 22, 209);
INSERT INTO ITEMPED VALUES (1342, 25, 14);
INSERT INTO ITEMPED VALUES (1342, 31, 229);
INSERT INTO ITEMPED VALUES (1342, 45, 229);
INSERT INTO PEDIDO VALUES (1343, 45, 180, 250);
INSERT INTO ITEMPED VALUES (1343, 25, 158);
INSERT INTO ITEMPED VALUES (1343, 31, 6);
INSERT INTO ITEMPED VALUES (1343, 45, 185);
INSERT INTO PEDIDO VALUES (1344, 10, 830, 11);
INSERT INTO ITEMPED VALUES (1344, 78, 163);
INSERT INTO ITEMPED VALUES (1344, 13, 9);
INSERT INTO PEDIDO VALUES (1345, 20, 260, 111);
INSERT INTO ITEMPED VALUES (1345, 45, 84);
INSERT INTO ITEMPED VALUES (1345, 53, 126);
INSERT INTO ITEMPED VALUES (1345, 77, 68);
INSERT INTO ITEMPED VALUES (1345, 78, 273);
INSERT INTO ITEMPED VALUES (1345, 13, 107);
INSERT INTO ITEMPED VALUES (1345, 22, 93);
INSERT INTO PEDIDO VALUES (1346, 30, 871, 240);
INSERT INTO ITEMPED VALUES (1346, 13, 171);
INSERT INTO ITEMPED VALUES (1346, 22, 170);
INSERT INTO ITEMPED VALUES (1346, 25, 293);
INSERT INTO ITEMPED VALUES (1346, 31, 123);
INSERT INTO PEDIDO VALUES (1347, 20, 870, 250);
INSERT INTO ITEMPED VALUES (1347, 45, 187);
INSERT INTO ITEMPED VALUES (1347, 53, 75);
INSERT INTO PEDIDO VALUES (1348, 45, 20, 111);
INSERT INTO ITEMPED VALUES (1348, 13, 48);
INSERT INTO ITEMPED VALUES (1348, 22, 97);
INSERT INTO ITEMPED VALUES (1348, 25, 174);
INSERT INTO ITEMPED VALUES (1348, 31, 143);
INSERT INTO ITEMPED VALUES (1348, 45, 96);
INSERT INTO ITEMPED VALUES (1348, 53, 25);
INSERT INTO PEDIDO VALUES (1349, 30, 720, 310);
INSERT INTO ITEMPED VALUES (1349, 31, 79);
INSERT INTO ITEMPED VALUES (1349, 45, 39);
INSERT INTO ITEMPED VALUES (1349, 53, 23);
INSERT INTO ITEMPED VALUES (1349, 77, 36);
INSERT INTO ITEMPED VALUES (1349, 78, 157);
INSERT INTO ITEMPED VALUES (1349, 13, 285);
INSERT INTO PEDIDO VALUES (1350, 10, 870, 720);
INSERT INTO ITEMPED VALUES (1350, 78, 8);
INSERT INTO ITEMPED VALUES (1350, 13, 35);
INSERT INTO PEDIDO VALUES (1351, 30, 830, 213);
INSERT INTO ITEMPED VALUES (1351, 77, 280);
INSERT INTO ITEMPED VALUES (1351, 78, 31);
INSERT INTO ITEMPED VALUES (1351, 13, 57);
INSERT INTO PEDIDO VALUES (1352, 10, 290, 111);
INSERT INTO ITEMPED VALUES (1352, 13, 149);
INSERT INTO PEDIDO VALUES (1353, 60, 410, 213);
INSERT INTO ITEMPED VALUES (1353, 31, 50);
INSERT INTO ITEMPED VALUES (1353, 45, 209);
INSERT INTO ITEMPED VALUES (1353, 53, 229);
INSERT INTO ITEMPED VALUES (1353, 77, 154);
INSERT INTO ITEMPED VALUES (1353, 78, 160);
INSERT INTO ITEMPED VALUES (1353, 13, 148);
INSERT INTO PEDIDO VALUES (1354, 20, 390, 240);
INSERT INTO ITEMPED VALUES (1354, 77, 302);
INSERT INTO ITEMPED VALUES (1354, 78, 114);
INSERT INTO PEDIDO VALUES (1355, 30, 720, 310);
INSERT INTO ITEMPED VALUES (1355, 13, 137);
INSERT INTO ITEMPED VALUES (1355, 22, 80);
INSERT INTO ITEMPED VALUES (1355, 25, 115);
INSERT INTO ITEMPED VALUES (1355, 31, 225);
INSERT INTO ITEMPED VALUES (1355, 45, 102);
INSERT INTO ITEMPED VALUES (1355, 53, 295);
INSERT INTO PEDIDO VALUES (1356, 20, 290, 11);
INSERT INTO ITEMPED VALUES (1356, 25, 270);
INSERT INTO ITEMPED VALUES (1356, 31, 25);
INSERT INTO ITEMPED VALUES (1356, 45, 196);
INSERT INTO ITEMPED VALUES (1356, 53, 42);
INSERT INTO PEDIDO VALUES (1357, 60, 20, 111);
INSERT INTO ITEMPED VALUES (1357, 78, 133);
INSERT INTO ITEMPED VALUES (1357, 13, 84);
INSERT INTO ITEMPED VALUES (1357, 22, 186);
INSERT INTO ITEMPED VALUES (1357, 25, 154);
INSERT INTO ITEMPED VALUES (1357, 31, 185);
INSERT INTO ITEMPED VALUES (1357, 45, 64);
INSERT INTO PEDIDO VALUES (1358, 45, 871, 250);
INSERT INTO ITEMPED VALUES (1358, 45, 188);
INSERT INTO ITEMPED VALUES (1358, 53, 115);
INSERT INTO ITEMPED VALUES (1358, 77, 278);
INSERT INTO ITEMPED VALUES (1358, 78, 147);
INSERT INTO ITEMPED VALUES (1358, 13, 174);
INSERT INTO ITEMPED VALUES (1358, 22, 15);
INSERT INTO PEDIDO VALUES (1359, 60, 390, 111);
INSERT INTO ITEMPED VALUES (1359, 25, 98);
INSERT INTO ITEMPED VALUES (1359, 31, 241);
INSERT INTO ITEMPED VALUES (1359, 45, 79);
INSERT INTO ITEMPED VALUES (1359, 53, 260);
INSERT INTO PEDIDO VALUES (1360, 45, 20, 209);
INSERT INTO ITEMPED VALUES (1360, 77, 72);
INSERT INTO ITEMPED VALUES (1360, 78, 268);
INSERT INTO ITEMPED VALUES (1360, 13, 44);
INSERT INTO PEDIDO VALUES (1361, 10, 720, 720);
INSERT INTO ITEMPED VALUES (1361, 22, 280);
INSERT INTO ITEMPED VALUES (1361, 25, 213);
INSERT INTO ITEMPED VALUES (1361, 31, 228);
INSERT INTO ITEMPED VALUES (1361, 45, 144);
INSERT INTO ITEMPED VALUES (1361, 53, 240);
INSERT INTO PEDIDO VALUES (1362, 30, 871, 11);
INSERT INTO ITEMPED VALUES (1362, 78, 145);
INSERT INTO ITEMPED VALUES (1362, 13, 159);
INSERT INTO ITEMPED VALUES (1362, 22, 83);
INSERT INTO ITEMPED VALUES (1362, 25, 139);
INSERT INTO ITEMPED VALUES (1362, 31, 251);
INSERT INTO ITEMPED VALUES (1362, 45, 186);
INSERT INTO PEDIDO VALUES (1363, 45, 110, 720);
INSERT INTO ITEMPED VALUES (1363, 25, 251);
INSERT INTO ITEMPED VALUES (1363, 31, 244);
INSERT INTO ITEMPED VALUES (1363, 45, 21);
INSERT INTO ITEMPED VALUES (1363, 53, 179);
INSERT INTO ITEMPED VALUES (1363, 77, 210);
INSERT INTO PEDIDO VALUES (1364, 60, 290, 111);
INSERT INTO ITEMPED VALUES (1364, 31, 254);
INSERT INTO ITEMPED VALUES (1364, 45, 226);
INSERT INTO PEDIDO VALUES (1365, 30, 180, 720);
INSERT INTO ITEMPED VALUES (1365, 45, 143);
INSERT INTO ITEMPED VALUES (1365, 53, 119);
INSERT INTO PEDIDO VALUES (1366, 10, 290, 250);
INSERT INTO ITEMPED VALUES (1366, 78, 59);
INSERT INTO ITEMPED VALUES (1366, 13, 219);
INSERT INTO ITEMPED VALUES (1366, 22, 232);
INSERT INTO ITEMPED VALUES (1366, 25, 18);
INSERT INTO ITEMPED VALUES (1366, 31, 125);
INSERT INTO ITEMPED VALUES (1366, 45, 262);
INSERT INTO PEDIDO VALUES (1367, 45, 390, 11);
INSERT INTO ITEMPED VALUES (1367, 77, 53);
INSERT INTO ITEMPED VALUES (1367, 78, 86);
INSERT INTO PEDIDO VALUES (1368, 10, 830, 209);
INSERT INTO ITEMPED VALUES (1368, 45, 266);
INSERT INTO ITEMPED VALUES (1368, 53, 79);
INSERT INTO ITEMPED VALUES (1368, 77, 254);
INSERT INTO ITEMPED VALUES (1368, 78, 151);
INSERT INTO ITEMPED VALUES (1368, 13, 244);
INSERT INTO PEDIDO VALUES (1369, 45, 390, 250);
INSERT INTO ITEMPED VALUES (1369, 53, 183);
INSERT INTO ITEMPED VALUES (1369, 77, 18);
INSERT INTO ITEMPED VALUES (1369, 78, 153);
INSERT INTO ITEMPED VALUES (1369, 13, 198);
INSERT INTO ITEMPED VALUES (1369, 22, 157);
INSERT INTO PEDIDO VALUES (1370, 10, 110, 111);
INSERT INTO ITEMPED VALUES (1370, 45, 171);
INSERT INTO ITEMPED VALUES (1370, 53, 182);
INSERT INTO ITEMPED VALUES (1370, 77, 255);
INSERT INTO PEDIDO VALUES (1371, 30, 180, 250);
INSERT INTO ITEMPED VALUES (1371, 25, 244);
INSERT INTO ITEMPED VALUES (1371, 31, 288);
INSERT INTO ITEMPED VALUES (1371, 45, 138);
INSERT INTO ITEMPED VALUES (1371, 53, 24);
INSERT INTO PEDIDO VALUES (1372, 60, 830, 720);
INSERT INTO ITEMPED VALUES (1372, 53, 216);
INSERT INTO ITEMPED VALUES (1372, 77, 291);
INSERT INTO ITEMPED VALUES (1372, 78, 71);
INSERT INTO ITEMPED VALUES (1372, 13, 38);
INSERT INTO PEDIDO VALUES (1373, 30, 290, 101);
INSERT INTO ITEMPED VALUES (1373, 78, 60);
INSERT INTO ITEMPED VALUES (1373, 13, 198);
INSERT INTO ITEMPED VALUES (1373, 22, 134);
INSERT INTO ITEMPED VALUES (1373, 25, 64);
INSERT INTO PEDIDO VALUES (1374, 10, 720, 250);
INSERT INTO ITEMPED VALUES (1374, 45, 109);
INSERT INTO ITEMPED VALUES (1374, 53, 292);
INSERT INTO PEDIDO VALUES (1375, 30, 110, 11);
INSERT INTO ITEMPED VALUES (1375, 22, 168);
INSERT INTO ITEMPED VALUES (1375, 25, 157);
INSERT INTO ITEMPED VALUES (1375, 31, 277);
INSERT INTO ITEMPED VALUES (1375, 45, 95);
INSERT INTO PEDIDO VALUES (1376, 60, 870, 101);
INSERT INTO ITEMPED VALUES (1376, 13, 297);
INSERT INTO ITEMPED VALUES (1376, 22, 155);
INSERT INTO ITEMPED VALUES (1376, 25, 208);
INSERT INTO ITEMPED VALUES (1376, 31, 34);
INSERT INTO ITEMPED VALUES (1376, 45, 42);
INSERT INTO PEDIDO VALUES (1377, 45, 871, 11);
INSERT INTO ITEMPED VALUES (1377, 78, 301);
INSERT INTO ITEMPED VALUES (1377, 13, 134);
INSERT INTO ITEMPED VALUES (1377, 22, 29);
INSERT INTO PEDIDO VALUES (1378, 10, 390, 720);
INSERT INTO ITEMPED VALUES (1378, 31, 98);
INSERT INTO PEDIDO VALUES (1379, 60, 720, 11);
INSERT INTO ITEMPED VALUES (1379, 78, 37);
INSERT INTO ITEMPED VALUES (1379, 13, 179);
INSERT INTO PEDIDO VALUES (1380, 10, 110, 310);
INSERT INTO ITEMPED VALUES (1380, 53, 215);
INSERT INTO ITEMPED VALUES (1380, 77, 138);
INSERT INTO ITEMPED VALUES (1380, 78, 124);
INSERT INTO ITEMPED VALUES (1380, 13, 212);
INSERT INTO ITEMPED VALUES (1380, 22, 231);
INSERT INTO PEDIDO VALUES (1381, 20, 410, 213);
INSERT INTO ITEMPED VALUES (1381, 77, 83);
INSERT INTO ITEMPED VALUES (1381, 78, 178);
INSERT INTO PEDIDO VALUES (1382, 30, 871, 11);
INSERT INTO ITEMPED VALUES (1382, 53, 286);
INSERT INTO PEDIDO VALUES (1383, 20, 180, 209);
INSERT INTO ITEMPED VALUES (1383, 77, 209);
INSERT INTO ITEMPED VALUES (1383, 78, 284);
INSERT INTO PEDIDO VALUES (1384, 30, 110, 111);
INSERT INTO ITEMPED VALUES (1384, 31, 222);
INSERT INTO ITEMPED VALUES (1384, 45, 31);
INSERT INTO ITEMPED VALUES (1384, 53, 75);
INSERT INTO ITEMPED VALUES (1384, 77, 245);
INSERT INTO PEDIDO VALUES (1385, 45, 260, 213);
INSERT INTO ITEMPED VALUES (1385, 77, 63);
INSERT INTO ITEMPED VALUES (1385, 78, 27);
INSERT INTO PEDIDO VALUES (1386, 60, 871, 11);
INSERT INTO ITEMPED VALUES (1386, 13, 152);
INSERT INTO ITEMPED VALUES (1386, 22, 265);
INSERT INTO ITEMPED VALUES (1386, 25, 267);
INSERT INTO ITEMPED VALUES (1386, 31, 11);
INSERT INTO PEDIDO VALUES (1387, 10, 290, 250);
INSERT INTO ITEMPED VALUES (1387, 45, 233);
INSERT INTO PEDIDO VALUES (1388, 60, 260, 213);
INSERT INTO ITEMPED VALUES (1388, 77, 40);
INSERT INTO ITEMPED VALUES (1388, 78, 298);
INSERT INTO ITEMPED VALUES (1388, 13, 187);
INSERT INTO PEDIDO VALUES (1389, 20, 871, 310);
INSERT INTO ITEMPED VALUES (1389, 45, 69);
INSERT INTO ITEMPED VALUES (1389, 53, 165);
INSERT INTO PEDIDO VALUES (1390, 60, 20, 213);
INSERT INTO ITEMPED VALUES (1390, 22, 108);
INSERT INTO PEDIDO VALUES (1391, 30, 290, 111);
INSERT INTO ITEMPED VALUES (1391, 53, 160);
INSERT INTO PEDIDO VALUES (1392, 45, 871, 250);
INSERT INTO ITEMPED VALUES (1392, 25, 43);
INSERT INTO ITEMPED VALUES (1392, 31, 170);
INSERT INTO ITEMPED VALUES (1392, 45, 114);
INSERT INTO ITEMPED VALUES (1392, 53, 215);
INSERT INTO ITEMPED VALUES (1392, 77, 53);
INSERT INTO ITEMPED VALUES (1392, 78, 118);
INSERT INTO PEDIDO VALUES (1393, 20, 180, 213);
INSERT INTO ITEMPED VALUES (1393, 45, 230);
INSERT INTO PEDIDO VALUES (1394, 45, 260, 101);
INSERT INTO ITEMPED VALUES (1394, 31, 109);
INSERT INTO ITEMPED VALUES (1394, 45, 151);
INSERT INTO PEDIDO VALUES (1395, 10, 390, 720);
INSERT INTO ITEMPED VALUES (1395, 22, 51);
INSERT INTO ITEMPED VALUES (1395, 25, 185);
INSERT INTO ITEMPED VALUES (1395, 31, 155);
INSERT INTO PEDIDO VALUES (1396, 45, 260, 111);
INSERT INTO ITEMPED VALUES (1396, 78, 144);
INSERT INTO PEDIDO VALUES (1397, 10, 870, 250);
INSERT INTO ITEMPED VALUES (1397, 22, 187);
INSERT INTO ITEMPED VALUES (1397, 25, 246);
INSERT INTO PEDIDO VALUES (1398, 30, 290, 310);
INSERT INTO ITEMPED VALUES (1398, 78, 81);
INSERT INTO ITEMPED VALUES (1398, 13, 60);
INSERT INTO ITEMPED VALUES (1398, 22, 273);
INSERT INTO ITEMPED VALUES (1398, 25, 260);
INSERT INTO PEDIDO VALUES (1399, 60, 871, 240);
INSERT INTO ITEMPED VALUES (1399, 22, 176);
INSERT INTO ITEMPED VALUES (1399, 25, 204);
INSERT INTO ITEMPED VALUES (1399, 31, 292);
INSERT INTO ITEMPED VALUES (1399, 45, 45);
INSERT INTO ITEMPED VALUES (1399, 53, 118);
INSERT INTO ITEMPED VALUES (1399, 77, 213);
INSERT INTO PEDIDO VALUES (1400, 30, 180, 111);
INSERT INTO ITEMPED VALUES (1400, 25, 91);
INSERT INTO ITEMPED VALUES (1400, 31, 5);
INSERT INTO ITEMPED VALUES (1400, 45, 210);
INSERT INTO PEDIDO VALUES (1401, 20, 720, 720);
INSERT INTO ITEMPED VALUES (1401, 77, 60);
INSERT INTO ITEMPED VALUES (1401, 78, 58);
INSERT INTO PEDIDO VALUES (1402, 45, 870, 310);
INSERT INTO ITEMPED VALUES (1402, 13, 181);
INSERT INTO ITEMPED VALUES (1402, 22, 178);
INSERT INTO PEDIDO VALUES (1403, 30, 110, 240);
INSERT INTO ITEMPED VALUES (1403, 53, 47);
INSERT INTO ITEMPED VALUES (1403, 77, 272);
INSERT INTO ITEMPED VALUES (1403, 78, 93);
INSERT INTO PEDIDO VALUES (1404, 45, 290, 111);
INSERT INTO ITEMPED VALUES (1404, 31, 191);
INSERT INTO ITEMPED VALUES (1404, 45, 138);
INSERT INTO ITEMPED VALUES (1404, 53, 289);
INSERT INTO ITEMPED VALUES (1404, 77, 291);
INSERT INTO ITEMPED VALUES (1404, 78, 132);
INSERT INTO ITEMPED VALUES (1404, 13, 40);
INSERT INTO PEDIDO VALUES (1405, 10, 390, 11);
INSERT INTO ITEMPED VALUES (1405, 53, 154);
INSERT INTO ITEMPED VALUES (1405, 77, 50);
INSERT INTO PEDIDO VALUES (1406, 30, 110, 250);
INSERT INTO ITEMPED VALUES (1406, 77, 206);
INSERT INTO ITEMPED VALUES (1406, 78, 290);
INSERT INTO ITEMPED VALUES (1406, 13, 119);
INSERT INTO ITEMPED VALUES (1406, 22, 30);
INSERT INTO ITEMPED VALUES (1406, 25, 236);
INSERT INTO ITEMPED VALUES (1406, 31, 151);
INSERT INTO PEDIDO VALUES (1407, 20, 260, 310);
INSERT INTO ITEMPED VALUES (1407, 13, 157);
INSERT INTO ITEMPED VALUES (1407, 22, 92);
INSERT INTO PEDIDO VALUES (1408, 60, 871, 111);
INSERT INTO ITEMPED VALUES (1408, 25, 26);
INSERT INTO ITEMPED VALUES (1408, 31, 217);
INSERT INTO ITEMPED VALUES (1408, 45, 137);
INSERT INTO ITEMPED VALUES (1408, 53, 52);
INSERT INTO ITEMPED VALUES (1408, 77, 234);
INSERT INTO PEDIDO VALUES (1409, 20, 110, 310);
INSERT INTO ITEMPED VALUES (1409, 31, 57);
INSERT INTO ITEMPED VALUES (1409, 45, 83);
INSERT INTO ITEMPED VALUES (1409, 53, 122);
INSERT INTO ITEMPED VALUES (1409, 77, 201);
INSERT INTO ITEMPED VALUES (1409, 78, 165);
INSERT INTO PEDIDO VALUES (1410, 60, 20, 209);
INSERT INTO ITEMPED VALUES (1410, 77, 287);
INSERT INTO ITEMPED VALUES (1410, 78, 187);
INSERT INTO PEDIDO VALUES (1411, 20, 180, 720);
INSERT INTO ITEMPED VALUES (1411, 53, 299);
INSERT INTO ITEMPED VALUES (1411, 77, 137);
INSERT INTO PEDIDO VALUES (1412, 30, 871, 213);
INSERT INTO ITEMPED VALUES (1412, 22, 259);
INSERT INTO ITEMPED VALUES (1412, 25, 293);
INSERT INTO ITEMPED VALUES (1412, 31, 198);
INSERT INTO ITEMPED VALUES (1412, 45, 167);
INSERT INTO ITEMPED VALUES (1412, 53, 53);
INSERT INTO ITEMPED VALUES (1412, 77, 53);
INSERT INTO PEDIDO VALUES (1413, 45, 260, 111);
INSERT INTO ITEMPED VALUES (1413, 13, 180);
INSERT INTO ITEMPED VALUES (1413, 22, 198);
INSERT INTO ITEMPED VALUES (1413, 25, 5);
INSERT INTO ITEMPED VALUES (1413, 31, 38);
INSERT INTO ITEMPED VALUES (1413, 45, 175);
INSERT INTO ITEMPED VALUES (1413, 53, 121);
INSERT INTO PEDIDO VALUES (1414, 10, 20, 310);
INSERT INTO ITEMPED VALUES (1414, 31, 13);
INSERT INTO ITEMPED VALUES (1414, 45, 259);
INSERT INTO ITEMPED VALUES (1414, 53, 141);
INSERT INTO ITEMPED VALUES (1414, 77, 60);
INSERT INTO PEDIDO VALUES (1415, 30, 830, 11);
INSERT INTO ITEMPED VALUES (1415, 45, 149);
INSERT INTO PEDIDO VALUES (1416, 45, 180, 213);
INSERT INTO ITEMPED VALUES (1416, 13, 186);
INSERT INTO PEDIDO VALUES (1417, 30, 720, 720);
INSERT INTO ITEMPED VALUES (1417, 45, 205);
INSERT INTO PEDIDO VALUES (1418, 60, 390, 101);
INSERT INTO ITEMPED VALUES (1418, 13, 285);
INSERT INTO ITEMPED VALUES (1418, 22, 120);
INSERT INTO PEDIDO VALUES (1419, 20, 410, 11);
INSERT INTO ITEMPED VALUES (1419, 77, 285);
INSERT INTO ITEMPED VALUES (1419, 78, 74);
INSERT INTO ITEMPED VALUES (1419, 13, 232);
INSERT INTO ITEMPED VALUES (1419, 22, 247);
INSERT INTO ITEMPED VALUES (1419, 25, 251);
INSERT INTO PEDIDO VALUES (1420, 45, 180, 250);
INSERT INTO ITEMPED VALUES (1420, 13, 300);
INSERT INTO ITEMPED VALUES (1420, 22, 299);
INSERT INTO ITEMPED VALUES (1420, 25, 5);
INSERT INTO PEDIDO VALUES (1421, 20, 260, 11);
INSERT INTO ITEMPED VALUES (1421, 78, 66);
INSERT INTO PEDIDO VALUES (1422, 10, 390, 111);
INSERT INTO ITEMPED VALUES (1422, 25, 176);
INSERT INTO ITEMPED VALUES (1422, 31, 102);
INSERT INTO ITEMPED VALUES (1422, 45, 153);
INSERT INTO ITEMPED VALUES (1422, 53, 120);
INSERT INTO PEDIDO VALUES (1423, 60, 260, 720);
INSERT INTO ITEMPED VALUES (1423, 22, 170);
INSERT INTO ITEMPED VALUES (1423, 25, 243);
INSERT INTO PEDIDO VALUES (1424, 30, 390, 310);
INSERT INTO ITEMPED VALUES (1424, 31, 86);
INSERT INTO ITEMPED VALUES (1424, 45, 56);
INSERT INTO ITEMPED VALUES (1424, 53, 38);
INSERT INTO ITEMPED VALUES (1424, 77, 137);
INSERT INTO PEDIDO VALUES (1425, 20, 830, 11);
INSERT INTO ITEMPED VALUES (1425, 13, 170);
INSERT INTO ITEMPED VALUES (1425, 22, 9);
INSERT INTO ITEMPED VALUES (1425, 25, 298);
INSERT INTO ITEMPED VALUES (1425, 31, 117);
INSERT INTO ITEMPED VALUES (1425, 45, 157);
INSERT INTO ITEMPED VALUES (1425, 53, 236);
INSERT INTO PEDIDO VALUES (1426, 10, 410, 111);
INSERT INTO ITEMPED VALUES (1426, 31, 51);
INSERT INTO ITEMPED VALUES (1426, 45, 61);
INSERT INTO ITEMPED VALUES (1426, 53, 280);
INSERT INTO ITEMPED VALUES (1426, 77, 177);
INSERT INTO ITEMPED VALUES (1426, 78, 296);
INSERT INTO PEDIDO VALUES (1427, 60, 830, 250);
INSERT INTO ITEMPED VALUES (1427, 25, 144);
INSERT INTO PEDIDO VALUES (1428, 45, 871, 310);
INSERT INTO ITEMPED VALUES (1428, 45, 293);
INSERT INTO ITEMPED VALUES (1428, 53, 220);
INSERT INTO ITEMPED VALUES (1428, 77, 168);
INSERT INTO PEDIDO VALUES (1429, 10, 720, 720);
INSERT INTO ITEMPED VALUES (1429, 78, 175);
INSERT INTO ITEMPED VALUES (1429, 13, 147);
INSERT INTO ITEMPED VALUES (1429, 22, 242);
INSERT INTO ITEMPED VALUES (1429, 25, 130);
INSERT INTO ITEMPED VALUES (1429, 31, 60);
INSERT INTO ITEMPED VALUES (1429, 45, 222);
INSERT INTO PEDIDO VALUES (1430, 30, 410, 101);
INSERT INTO ITEMPED VALUES (1430, 13, 222);
INSERT INTO ITEMPED VALUES (1430, 22, 218);
INSERT INTO PEDIDO VALUES (1431, 60, 390, 240);
INSERT INTO ITEMPED VALUES (1431, 77, 214);
INSERT INTO ITEMPED VALUES (1431, 78, 285);
INSERT INTO ITEMPED VALUES (1431, 13, 249);
INSERT INTO ITEMPED VALUES (1431, 22, 153);
INSERT INTO PEDIDO VALUES (1432, 20, 830, 213);
INSERT INTO ITEMPED VALUES (1432, 25, 49);
INSERT INTO ITEMPED VALUES (1432, 31, 50);
INSERT INTO ITEMPED VALUES (1432, 45, 155);
INSERT INTO ITEMPED VALUES (1432, 53, 220);
INSERT INTO PEDIDO VALUES (1433, 60, 410, 250);
INSERT INTO ITEMPED VALUES (1433, 22, 220);
INSERT INTO ITEMPED VALUES (1433, 25, 22);
INSERT INTO ITEMPED VALUES (1433, 31, 125);
INSERT INTO PEDIDO VALUES (1434, 30, 110, 310);
INSERT INTO ITEMPED VALUES (1434, 77, 101);
INSERT INTO ITEMPED VALUES (1434, 78, 160);
INSERT INTO ITEMPED VALUES (1434, 13, 234);
INSERT INTO ITEMPED VALUES (1434, 22, 285);
INSERT INTO ITEMPED VALUES (1434, 25, 230);
INSERT INTO PEDIDO VALUES (1435, 45, 720, 209);
INSERT INTO ITEMPED VALUES (1435, 31, 186);
INSERT INTO ITEMPED VALUES (1435, 45, 197);
INSERT INTO ITEMPED VALUES (1435, 53, 253);
INSERT INTO ITEMPED VALUES (1435, 77, 96);
INSERT INTO PEDIDO VALUES (1436, 20, 180, 213);
INSERT INTO ITEMPED VALUES (1436, 45, 4);
INSERT INTO ITEMPED VALUES (1436, 53, 286);
INSERT INTO ITEMPED VALUES (1436, 77, 294);
INSERT INTO ITEMPED VALUES (1436, 78, 282);
INSERT INTO PEDIDO VALUES (1437, 60, 830, 250);
INSERT INTO ITEMPED VALUES (1437, 77, 21);
INSERT INTO ITEMPED VALUES (1437, 78, 4);
INSERT INTO ITEMPED VALUES (1437, 13, 232);
INSERT INTO ITEMPED VALUES (1437, 22, 212);
INSERT INTO ITEMPED VALUES (1437, 25, 23);
INSERT INTO ITEMPED VALUES (1437, 31, 210);
INSERT INTO PEDIDO VALUES (1438, 30, 390, 310);
INSERT INTO ITEMPED VALUES (1438, 45, 250);
INSERT INTO ITEMPED VALUES (1438, 53, 229);
INSERT INTO ITEMPED VALUES (1438, 77, 157);
INSERT INTO ITEMPED VALUES (1438, 78, 111);
INSERT INTO PEDIDO VALUES (1439, 10, 180, 209);
INSERT INTO ITEMPED VALUES (1439, 78, 57);
INSERT INTO PEDIDO VALUES (1440, 30, 720, 310);
INSERT INTO ITEMPED VALUES (1440, 53, 248);
INSERT INTO ITEMPED VALUES (1440, 77, 113);
INSERT INTO PEDIDO VALUES (1441, 10, 390, 213);
INSERT INTO ITEMPED VALUES (1441, 77, 146);
INSERT INTO ITEMPED VALUES (1441, 78, 121);
INSERT INTO PEDIDO VALUES (1442, 45, 110, 310);
INSERT INTO ITEMPED VALUES (1442, 13, 13);
INSERT INTO ITEMPED VALUES (1442, 22, 21);
INSERT INTO PEDIDO VALUES (1443, 10, 390, 11);
INSERT INTO ITEMPED VALUES (1443, 22, 199);
INSERT INTO ITEMPED VALUES (1443, 25, 28);
INSERT INTO ITEMPED VALUES (1443, 31, 183);
INSERT INTO ITEMPED VALUES (1443, 45, 76);
INSERT INTO ITEMPED VALUES (1443, 53, 277);
INSERT INTO PEDIDO VALUES (1444, 20, 720, 213);
INSERT INTO ITEMPED VALUES (1444, 53, 174);
INSERT INTO PEDIDO VALUES (1445, 60, 390, 240);
INSERT INTO ITEMPED VALUES (1445, 25, 278);
INSERT INTO ITEMPED VALUES (1445, 31, 70);
INSERT INTO ITEMPED VALUES (1445, 45, 74);
INSERT INTO ITEMPED VALUES (1445, 53, 18);
INSERT INTO ITEMPED VALUES (1445, 77, 188);
INSERT INTO ITEMPED VALUES (1445, 78, 96);
INSERT INTO PEDIDO VALUES (1446, 45, 20, 209);
INSERT INTO ITEMPED VALUES (1446, 78, 269);
INSERT INTO ITEMPED VALUES (1446, 13, 283);
INSERT INTO ITEMPED VALUES (1446, 22, 11);
INSERT INTO ITEMPED VALUES (1446, 25, 286);
INSERT INTO ITEMPED VALUES (1446, 31, 143);
INSERT INTO ITEMPED VALUES (1446, 45, 252);
INSERT INTO PEDIDO VALUES (1447, 30, 260, 310);
INSERT INTO ITEMPED VALUES (1447, 53, 104);
INSERT INTO PEDIDO VALUES (1448, 45, 720, 250);
INSERT INTO ITEMPED VALUES (1448, 31, 198);
INSERT INTO ITEMPED VALUES (1448, 45, 291);
INSERT INTO PEDIDO VALUES (1449, 20, 871, 213);
INSERT INTO ITEMPED VALUES (1449, 77, 296);
INSERT INTO ITEMPED VALUES (1449, 78, 141);
INSERT INTO ITEMPED VALUES (1449, 13, 93);
INSERT INTO ITEMPED VALUES (1449, 22, 223);
INSERT INTO ITEMPED VALUES (1449, 25, 288);
INSERT INTO PEDIDO VALUES (1450, 45, 20, 209);
INSERT INTO ITEMPED VALUES (1450, 78, 146);
INSERT INTO PEDIDO VALUES (1451, 60, 870, 101);
INSERT INTO ITEMPED VALUES (1451, 45, 88);
INSERT INTO ITEMPED VALUES (1451, 53, 236);
INSERT INTO ITEMPED VALUES (1451, 77, 204);
INSERT INTO ITEMPED VALUES (1451, 78, 277);
INSERT INTO ITEMPED VALUES (1451, 13, 225);
INSERT INTO ITEMPED VALUES (1451, 22, 270);
INSERT INTO PEDIDO VALUES (1452, 30, 871, 213);
INSERT INTO ITEMPED VALUES (1452, 53, 61);
INSERT INTO ITEMPED VALUES (1452, 77, 248);
INSERT INTO ITEMPED VALUES (1452, 78, 128);
INSERT INTO PEDIDO VALUES (1453, 60, 260, 310);
INSERT INTO ITEMPED VALUES (1453, 31, 93);
INSERT INTO PEDIDO VALUES (1454, 10, 290, 11);
INSERT INTO ITEMPED VALUES (1454, 77, 221);
INSERT INTO ITEMPED VALUES (1454, 78, 120);
INSERT INTO ITEMPED VALUES (1454, 13, 160);
INSERT INTO ITEMPED VALUES (1454, 22, 224);
INSERT INTO ITEMPED VALUES (1454, 25, 53);
INSERT INTO ITEMPED VALUES (1454, 31, 291);
INSERT INTO PEDIDO VALUES (1455, 30, 720, 720);
INSERT INTO ITEMPED VALUES (1455, 45, 296);
INSERT INTO ITEMPED VALUES (1455, 53, 288);
INSERT INTO PEDIDO VALUES (1456, 20, 290, 209);
INSERT INTO ITEMPED VALUES (1456, 77, 48);
INSERT INTO PEDIDO VALUES (1457, 60, 180, 310);
INSERT INTO ITEMPED VALUES (1457, 31, 199);
INSERT INTO ITEMPED VALUES (1457, 45, 40);
INSERT INTO ITEMPED VALUES (1457, 53, 178);
INSERT INTO ITEMPED VALUES (1457, 77, 210);
INSERT INTO ITEMPED VALUES (1457, 78, 3);
INSERT INTO PEDIDO VALUES (1458, 20, 871, 240);
INSERT INTO ITEMPED VALUES (1458, 77, 286);
INSERT INTO ITEMPED VALUES (1458, 78, 151);
INSERT INTO ITEMPED VALUES (1458, 13, 217);
INSERT INTO ITEMPED VALUES (1458, 22, 34);
INSERT INTO PEDIDO VALUES (1459, 60, 110, 213);
INSERT INTO ITEMPED VALUES (1459, 53, 203);
INSERT INTO ITEMPED VALUES (1459, 77, 3);
INSERT INTO PEDIDO VALUES (1460, 20, 180, 111);
INSERT INTO ITEMPED VALUES (1460, 25, 75);
INSERT INTO ITEMPED VALUES (1460, 31, 255);
INSERT INTO ITEMPED VALUES (1460, 45, 129);
INSERT INTO ITEMPED VALUES (1460, 53, 288);
INSERT INTO ITEMPED VALUES (1460, 77, 221);
INSERT INTO ITEMPED VALUES (1460, 78, 62);
INSERT INTO PEDIDO VALUES (1461, 10, 20, 209);
INSERT INTO ITEMPED VALUES (1461, 22, 296);
INSERT INTO PEDIDO VALUES (1462, 30, 410, 720);
INSERT INTO ITEMPED VALUES (1462, 78, 56);
INSERT INTO ITEMPED VALUES (1462, 13, 206);
INSERT INTO ITEMPED VALUES (1462, 22, 287);
INSERT INTO ITEMPED VALUES (1462, 25, 302);
INSERT INTO PEDIDO VALUES (1463, 45, 390, 11);
INSERT INTO ITEMPED VALUES (1463, 45, 34);
INSERT INTO ITEMPED VALUES (1463, 53, 96);
INSERT INTO ITEMPED VALUES (1463, 77, 114);
INSERT INTO PEDIDO VALUES (1464, 30, 20, 111);
INSERT INTO ITEMPED VALUES (1464, 22, 130);
INSERT INTO ITEMPED VALUES (1464, 25, 208);
INSERT INTO ITEMPED VALUES (1464, 31, 24);
INSERT INTO ITEMPED VALUES (1464, 45, 86);
INSERT INTO ITEMPED VALUES (1464, 53, 99);
INSERT INTO PEDIDO VALUES (1465, 10, 830, 11);
INSERT INTO ITEMPED VALUES (1465, 53, 270);
INSERT INTO PEDIDO VALUES (1466, 45, 870, 213);
INSERT INTO ITEMPED VALUES (1466, 78, 257);
INSERT INTO PEDIDO VALUES (1467, 20, 871, 209);
INSERT INTO ITEMPED VALUES (1467, 53, 21);
INSERT INTO ITEMPED VALUES (1467, 77, 140);
INSERT INTO ITEMPED VALUES (1467, 78, 62);
INSERT INTO ITEMPED VALUES (1467, 13, 168);
INSERT INTO ITEMPED VALUES (1467, 22, 78);
INSERT INTO ITEMPED VALUES (1467, 25, 150);
INSERT INTO PEDIDO VALUES (1468, 30, 20, 111);
INSERT INTO ITEMPED VALUES (1468, 22, 88);
INSERT INTO ITEMPED VALUES (1468, 25, 39);
INSERT INTO PEDIDO VALUES (1469, 10, 410, 209);
INSERT INTO ITEMPED VALUES (1469, 13, 260);
INSERT INTO ITEMPED VALUES (1469, 22, 91);
INSERT INTO ITEMPED VALUES (1469, 25, 282);
INSERT INTO PEDIDO VALUES (1470, 20, 180, 240);
INSERT INTO ITEMPED VALUES (1470, 53, 217);
INSERT INTO ITEMPED VALUES (1470, 77, 118);
INSERT INTO ITEMPED VALUES (1470, 78, 257);
INSERT INTO ITEMPED VALUES (1470, 13, 278);
INSERT INTO PEDIDO VALUES (1471, 10, 390, 11);
INSERT INTO ITEMPED VALUES (1471, 25, 45);
INSERT INTO ITEMPED VALUES (1471, 31, 3);
INSERT INTO ITEMPED VALUES (1471, 45, 217);
INSERT INTO PEDIDO VALUES (1472, 45, 260, 101);
INSERT INTO ITEMPED VALUES (1472, 53, 224);
INSERT INTO ITEMPED VALUES (1472, 77, 45);
INSERT INTO ITEMPED VALUES (1472, 78, 14);
INSERT INTO ITEMPED VALUES (1472, 13, 148);
INSERT INTO ITEMPED VALUES (1472, 22, 177);
INSERT INTO PEDIDO VALUES (1473, 10, 870, 209);
INSERT INTO ITEMPED VALUES (1473, 25, 94);
INSERT INTO ITEMPED VALUES (1473, 31, 208);
INSERT INTO ITEMPED VALUES (1473, 45, 97);
INSERT INTO ITEMPED VALUES (1473, 53, 145);
INSERT INTO ITEMPED VALUES (1473, 77, 280);
INSERT INTO ITEMPED VALUES (1473, 78, 193);
INSERT INTO PEDIDO VALUES (1474, 60, 410, 250);
INSERT INTO ITEMPED VALUES (1474, 53, 51);
INSERT INTO ITEMPED VALUES (1474, 77, 219);
INSERT INTO ITEMPED VALUES (1474, 78, 117);
INSERT INTO ITEMPED VALUES (1474, 13, 214);
INSERT INTO PEDIDO VALUES (1475, 10, 260, 101);
INSERT INTO ITEMPED VALUES (1475, 31, 247);
INSERT INTO PEDIDO VALUES (1476, 30, 290, 111);
INSERT INTO ITEMPED VALUES (1476, 22, 291);
INSERT INTO ITEMPED VALUES (1476, 25, 14);
INSERT INTO PEDIDO VALUES (1477, 60, 871, 101);
INSERT INTO ITEMPED VALUES (1477, 77, 32);
INSERT INTO ITEMPED VALUES (1477, 78, 70);
INSERT INTO ITEMPED VALUES (1477, 13, 223);
INSERT INTO ITEMPED VALUES (1477, 22, 274);
INSERT INTO ITEMPED VALUES (1477, 25, 106);
INSERT INTO PEDIDO VALUES (1478, 20, 110, 111);
INSERT INTO ITEMPED VALUES (1478, 31, 268);
INSERT INTO ITEMPED VALUES (1478, 45, 103);
INSERT INTO PEDIDO VALUES (1479, 10, 830, 209);
INSERT INTO ITEMPED VALUES (1479, 45, 127);
INSERT INTO ITEMPED VALUES (1479, 53, 32);
INSERT INTO ITEMPED VALUES (1479, 77, 66);
INSERT INTO ITEMPED VALUES (1479, 78, 150);
INSERT INTO PEDIDO VALUES (1480, 30, 390, 250);
INSERT INTO ITEMPED VALUES (1480, 25, 141);
INSERT INTO ITEMPED VALUES (1480, 31, 3);
INSERT INTO ITEMPED VALUES (1480, 45, 247);
INSERT INTO ITEMPED VALUES (1480, 53, 187);
INSERT INTO ITEMPED VALUES (1480, 77, 79);
INSERT INTO PEDIDO VALUES (1481, 45, 290, 720);
INSERT INTO ITEMPED VALUES (1481, 13, 143);
INSERT INTO ITEMPED VALUES (1481, 22, 60);
INSERT INTO ITEMPED VALUES (1481, 25, 287);
INSERT INTO PEDIDO VALUES (1482, 60, 871, 240);
INSERT INTO ITEMPED VALUES (1482, 22, 259);
INSERT INTO ITEMPED VALUES (1482, 25, 64);
INSERT INTO ITEMPED VALUES (1482, 31, 20);
INSERT INTO ITEMPED VALUES (1482, 45, 234);
INSERT INTO ITEMPED VALUES (1482, 53, 64);
INSERT INTO PEDIDO VALUES (1483, 10, 180, 111);
INSERT INTO ITEMPED VALUES (1483, 45, 176);
INSERT INTO ITEMPED VALUES (1483, 53, 143);
INSERT INTO PEDIDO VALUES (1484, 30, 830, 310);
INSERT INTO ITEMPED VALUES (1484, 53, 135);
INSERT INTO ITEMPED VALUES (1484, 77, 57);
INSERT INTO ITEMPED VALUES (1484, 78, 143);
INSERT INTO ITEMPED VALUES (1484, 13, 274);
INSERT INTO ITEMPED VALUES (1484, 22, 274);
INSERT INTO PEDIDO VALUES (1485, 60, 390, 11);
INSERT INTO ITEMPED VALUES (1485, 25, 65);
INSERT INTO PEDIDO VALUES (1486, 10, 260, 250);
INSERT INTO ITEMPED VALUES (1486, 13, 81);
INSERT INTO ITEMPED VALUES (1486, 22, 261);
INSERT INTO ITEMPED VALUES (1486, 25, 166);
INSERT INTO PEDIDO VALUES (1487, 45, 410, 310);
INSERT INTO ITEMPED VALUES (1487, 78, 82);
INSERT INTO ITEMPED VALUES (1487, 13, 64);
INSERT INTO PEDIDO VALUES (1488, 30, 871, 720);
INSERT INTO ITEMPED VALUES (1488, 77, 171);
INSERT INTO ITEMPED VALUES (1488, 78, 30);
INSERT INTO ITEMPED VALUES (1488, 13, 217);
INSERT INTO ITEMPED VALUES (1488, 22, 249);
INSERT INTO PEDIDO VALUES (1489, 20, 830, 101);
INSERT INTO ITEMPED VALUES (1489, 25, 114);
INSERT INTO ITEMPED VALUES (1489, 31, 82);
INSERT INTO ITEMPED VALUES (1489, 45, 228);
INSERT INTO PEDIDO VALUES (1490, 45, 390, 310);
INSERT INTO ITEMPED VALUES (1490, 22, 278);
INSERT INTO ITEMPED VALUES (1490, 25, 31);
INSERT INTO ITEMPED VALUES (1490, 31, 113);
INSERT INTO ITEMPED VALUES (1490, 45, 167);
INSERT INTO PEDIDO VALUES (1491, 60, 290, 209);
INSERT INTO ITEMPED VALUES (1491, 45, 254);
INSERT INTO ITEMPED VALUES (1491, 53, 28);
INSERT INTO PEDIDO VALUES (1492, 45, 830, 720);
INSERT INTO ITEMPED VALUES (1492, 22, 16);
INSERT INTO ITEMPED VALUES (1492, 25, 268);
INSERT INTO ITEMPED VALUES (1492, 31, 216);
INSERT INTO ITEMPED VALUES (1492, 45, 131);
INSERT INTO ITEMPED VALUES (1492, 53, 237);
INSERT INTO ITEMPED VALUES (1492, 77, 114);
INSERT INTO PEDIDO VALUES (1493, 60, 180, 213);
INSERT INTO ITEMPED VALUES (1493, 13, 256);
INSERT INTO ITEMPED VALUES (1493, 22, 44);
INSERT INTO ITEMPED VALUES (1493, 25, 67);
INSERT INTO PEDIDO VALUES (1494, 20, 410, 310);
INSERT INTO ITEMPED VALUES (1494, 25, 190);
INSERT INTO ITEMPED VALUES (1494, 31, 194);
INSERT INTO ITEMPED VALUES (1494, 45, 23);
INSERT INTO PEDIDO VALUES (1495, 10, 390, 209);
INSERT INTO ITEMPED VALUES (1495, 78, 16);
INSERT INTO ITEMPED VALUES (1495, 13, 291);
INSERT INTO ITEMPED VALUES (1495, 22, 226);
INSERT INTO ITEMPED VALUES (1495, 25, 256);
INSERT INTO PEDIDO VALUES (1496, 20, 410, 101);
INSERT INTO ITEMPED VALUES (1496, 25, 197);
INSERT INTO ITEMPED VALUES (1496, 31, 6);
INSERT INTO ITEMPED VALUES (1496, 45, 16);
INSERT INTO PEDIDO VALUES (1497, 30, 20, 240);
INSERT INTO ITEMPED VALUES (1497, 77, 76);
INSERT INTO ITEMPED VALUES (1497, 78, 83);
INSERT INTO ITEMPED VALUES (1497, 13, 25);
INSERT INTO ITEMPED VALUES (1497, 22, 255);
INSERT INTO ITEMPED VALUES (1497, 25, 69);
INSERT INTO ITEMPED VALUES (1497, 31, 191);
INSERT INTO PEDIDO VALUES (1498, 60, 180, 720);
INSERT INTO ITEMPED VALUES (1498, 78, 30);
INSERT INTO ITEMPED VALUES (1498, 13, 244);
INSERT INTO PEDIDO VALUES (1499, 10, 870, 250);
INSERT INTO ITEMPED VALUES (1499, 77, 59);
INSERT INTO ITEMPED VALUES (1499, 78, 119);
INSERT INTO ITEMPED VALUES (1499, 13, 196);
INSERT INTO ITEMPED VALUES (1499, 22, 33);
INSERT INTO ITEMPED VALUES (1499, 25, 102);
INSERT INTO ITEMPED VALUES (1499, 31, 254);
INSERT INTO PEDIDO VALUES (1500, 45, 110, 720);
INSERT INTO ITEMPED VALUES (1500, 22, 151);
INSERT INTO ITEMPED VALUES (1500, 25, 211);
INSERT INTO PEDIDO VALUES (1501, 30, 410, 209);
INSERT INTO ITEMPED VALUES (1501, 77, 150);
INSERT INTO ITEMPED VALUES (1501, 78, 140);
INSERT INTO ITEMPED VALUES (1501, 13, 175);
INSERT INTO PEDIDO VALUES (1502, 10, 20, 240);
INSERT INTO ITEMPED VALUES (1502, 22, 192);
INSERT INTO ITEMPED VALUES (1502, 25, 219);
INSERT INTO ITEMPED VALUES (1502, 31, 257);
INSERT INTO PEDIDO VALUES (1503, 20, 871, 310);
INSERT INTO ITEMPED VALUES (1503, 78, 144);
INSERT INTO ITEMPED VALUES (1503, 13, 296);
INSERT INTO ITEMPED VALUES (1503, 22, 105);
INSERT INTO PEDIDO VALUES (1504, 10, 20, 250);
INSERT INTO ITEMPED VALUES (1504, 31, 36);
INSERT INTO ITEMPED VALUES (1504, 45, 201);
INSERT INTO ITEMPED VALUES (1504, 53, 197);
INSERT INTO ITEMPED VALUES (1504, 77, 129);
INSERT INTO PEDIDO VALUES (1505, 60, 720, 720);
INSERT INTO ITEMPED VALUES (1505, 22, 166);
INSERT INTO ITEMPED VALUES (1505, 25, 18);
INSERT INTO ITEMPED VALUES (1505, 31, 3);
INSERT INTO PEDIDO VALUES (1506, 10, 290, 101);
INSERT INTO ITEMPED VALUES (1506, 77, 226);
INSERT INTO ITEMPED VALUES (1506, 78, 136);
INSERT INTO ITEMPED VALUES (1506, 13, 231);
INSERT INTO ITEMPED VALUES (1506, 22, 300);
INSERT INTO ITEMPED VALUES (1506, 25, 228);
INSERT INTO PEDIDO VALUES (1507, 30, 720, 240);
INSERT INTO ITEMPED VALUES (1507, 53, 127);
INSERT INTO ITEMPED VALUES (1507, 77, 148);
INSERT INTO ITEMPED VALUES (1507, 78, 162);
INSERT INTO PEDIDO VALUES (1508, 20, 870, 101);
INSERT INTO ITEMPED VALUES (1508, 31, 227);
INSERT INTO PEDIDO VALUES (1509, 60, 720, 213);
INSERT INTO ITEMPED VALUES (1509, 53, 246);
INSERT INTO ITEMPED VALUES (1509, 77, 91);
INSERT INTO ITEMPED VALUES (1509, 78, 162);
INSERT INTO ITEMPED VALUES (1509, 13, 149);
INSERT INTO PEDIDO VALUES (1510, 10, 871, 209);
INSERT INTO ITEMPED VALUES (1510, 45, 44);
INSERT INTO ITEMPED VALUES (1510, 53, 88);
INSERT INTO ITEMPED VALUES (1510, 77, 73);
INSERT INTO ITEMPED VALUES (1510, 78, 124);
INSERT INTO ITEMPED VALUES (1510, 13, 116);
INSERT INTO ITEMPED VALUES (1510, 22, 297);
INSERT INTO PEDIDO VALUES (1511, 30, 290, 101);
INSERT INTO ITEMPED VALUES (1511, 31, 94);
INSERT INTO PEDIDO VALUES (1512, 45, 871, 213);
INSERT INTO ITEMPED VALUES (1512, 77, 89);
INSERT INTO ITEMPED VALUES (1512, 78, 270);
INSERT INTO PEDIDO VALUES (1513, 10, 110, 720);
INSERT INTO ITEMPED VALUES (1513, 22, 232);
INSERT INTO ITEMPED VALUES (1513, 25, 112);
INSERT INTO PEDIDO VALUES (1514, 45, 390, 101);
INSERT INTO ITEMPED VALUES (1514, 25, 232);
INSERT INTO ITEMPED VALUES (1514, 31, 133);
INSERT INTO PEDIDO VALUES (1515, 30, 720, 111);
INSERT INTO ITEMPED VALUES (1515, 45, 200);
INSERT INTO ITEMPED VALUES (1515, 53, 70);
INSERT INTO PEDIDO VALUES (1516, 20, 260, 240);
INSERT INTO ITEMPED VALUES (1516, 53, 163);
INSERT INTO ITEMPED VALUES (1516, 77, 209);
INSERT INTO ITEMPED VALUES (1516, 78, 241);
INSERT INTO ITEMPED VALUES (1516, 13, 119);
INSERT INTO ITEMPED VALUES (1516, 22, 227);
INSERT INTO ITEMPED VALUES (1516, 25, 298);
INSERT INTO PEDIDO VALUES (1517, 30, 290, 11);
INSERT INTO ITEMPED VALUES (1517, 45, 232);
INSERT INTO ITEMPED VALUES (1517, 53, 190);
INSERT INTO PEDIDO VALUES (1518, 60, 390, 310);
INSERT INTO ITEMPED VALUES (1518, 53, 199);
INSERT INTO ITEMPED VALUES (1518, 77, 220);
INSERT INTO ITEMPED VALUES (1518, 78, 238);
INSERT INTO ITEMPED VALUES (1518, 13, 10);
INSERT INTO PEDIDO VALUES (1519, 45, 830, 11);
INSERT INTO ITEMPED VALUES (1519, 22, 229);
INSERT INTO ITEMPED VALUES (1519, 25, 91);
INSERT INTO ITEMPED VALUES (1519, 31, 85);
INSERT INTO PEDIDO VALUES (1520, 30, 260, 310);
INSERT INTO ITEMPED VALUES (1520, 13, 154);
INSERT INTO ITEMPED VALUES (1520, 22, 210);
INSERT INTO PEDIDO VALUES (1521, 45, 410, 213);
INSERT INTO ITEMPED VALUES (1521, 53, 226);
INSERT INTO ITEMPED VALUES (1521, 77, 48);
INSERT INTO PEDIDO VALUES (1522, 20, 290, 11);
INSERT INTO ITEMPED VALUES (1522, 13, 295);
INSERT INTO PEDIDO VALUES (1523, 60, 20, 240);
INSERT INTO ITEMPED VALUES (1523, 78, 3);
INSERT INTO PEDIDO VALUES (1524, 30, 410, 111);
INSERT INTO ITEMPED VALUES (1524, 25, 170);
INSERT INTO ITEMPED VALUES (1524, 31, 117);
INSERT INTO ITEMPED VALUES (1524, 45, 29);
INSERT INTO ITEMPED VALUES (1524, 53, 214);
INSERT INTO PEDIDO VALUES (1525, 60, 871, 310);
INSERT INTO ITEMPED VALUES (1525, 13, 148);
INSERT INTO ITEMPED VALUES (1525, 22, 160);
INSERT INTO ITEMPED VALUES (1525, 25, 296);
INSERT INTO ITEMPED VALUES (1525, 31, 63);
INSERT INTO PEDIDO VALUES (1526, 10, 410, 240);
INSERT INTO ITEMPED VALUES (1526, 22, 139);
INSERT INTO PEDIDO VALUES (1527, 20, 260, 11);
INSERT INTO ITEMPED VALUES (1527, 13, 251);
INSERT INTO ITEMPED VALUES (1527, 22, 294);
INSERT INTO ITEMPED VALUES (1527, 25, 223);
INSERT INTO ITEMPED VALUES (1527, 31, 116);
INSERT INTO PEDIDO VALUES (1528, 45, 20, 240);
INSERT INTO ITEMPED VALUES (1528, 77, 109);
INSERT INTO ITEMPED VALUES (1528, 78, 207);
INSERT INTO ITEMPED VALUES (1528, 13, 123);
INSERT INTO ITEMPED VALUES (1528, 22, 223);
INSERT INTO PEDIDO VALUES (1529, 10, 110, 11);
INSERT INTO ITEMPED VALUES (1529, 22, 115);
INSERT INTO ITEMPED VALUES (1529, 25, 281);
INSERT INTO ITEMPED VALUES (1529, 31, 42);
INSERT INTO ITEMPED VALUES (1529, 45, 238);
INSERT INTO ITEMPED VALUES (1529, 53, 191);
INSERT INTO PEDIDO VALUES (1530, 60, 290, 720);
INSERT INTO ITEMPED VALUES (1530, 25, 42);
INSERT INTO ITEMPED VALUES (1530, 31, 83);
INSERT INTO ITEMPED VALUES (1530, 45, 279);
INSERT INTO ITEMPED VALUES (1530, 53, 68);
INSERT INTO PEDIDO VALUES (1531, 20, 20, 310);
INSERT INTO ITEMPED VALUES (1531, 45, 178);
INSERT INTO ITEMPED VALUES (1531, 53, 138);
INSERT INTO PEDIDO VALUES (1532, 30, 870, 11);
INSERT INTO ITEMPED VALUES (1532, 53, 192);
INSERT INTO PEDIDO VALUES (1533, 20, 20, 310);
INSERT INTO ITEMPED VALUES (1533, 78, 257);
INSERT INTO ITEMPED VALUES (1533, 13, 13);
INSERT INTO ITEMPED VALUES (1533, 22, 148);
INSERT INTO ITEMPED VALUES (1533, 25, 188);
INSERT INTO ITEMPED VALUES (1533, 31, 181);
INSERT INTO ITEMPED VALUES (1533, 45, 203);
INSERT INTO PEDIDO VALUES (1534, 60, 830, 111);
INSERT INTO ITEMPED VALUES (1534, 25, 225);
INSERT INTO ITEMPED VALUES (1534, 31, 205);
INSERT INTO ITEMPED VALUES (1534, 45, 26);
INSERT INTO ITEMPED VALUES (1534, 53, 283);
INSERT INTO PEDIDO VALUES (1535, 20, 180, 310);
INSERT INTO ITEMPED VALUES (1535, 78, 29);
INSERT INTO ITEMPED VALUES (1535, 13, 76);
INSERT INTO ITEMPED VALUES (1535, 22, 277);
INSERT INTO ITEMPED VALUES (1535, 25, 14);
INSERT INTO ITEMPED VALUES (1535, 31, 192);
INSERT INTO ITEMPED VALUES (1535, 45, 237);
INSERT INTO PEDIDO VALUES (1536, 45, 720, 250);
INSERT INTO ITEMPED VALUES (1536, 45, 20);
INSERT INTO ITEMPED VALUES (1536, 53, 88);
INSERT INTO ITEMPED VALUES (1536, 77, 162);
INSERT INTO PEDIDO VALUES (1537, 60, 871, 213);
INSERT INTO ITEMPED VALUES (1537, 13, 289);
INSERT INTO ITEMPED VALUES (1537, 22, 235);
INSERT INTO ITEMPED VALUES (1537, 25, 190);
INSERT INTO ITEMPED VALUES (1537, 31, 202);
INSERT INTO ITEMPED VALUES (1537, 45, 221);
INSERT INTO ITEMPED VALUES (1537, 53, 48);
INSERT INTO PEDIDO VALUES (1538, 10, 290, 111);
INSERT INTO ITEMPED VALUES (1538, 53, 204);
INSERT INTO ITEMPED VALUES (1538, 77, 199);
INSERT INTO ITEMPED VALUES (1538, 78, 263);
INSERT INTO PEDIDO VALUES (1539, 30, 260, 310);
INSERT INTO ITEMPED VALUES (1539, 25, 71);
INSERT INTO ITEMPED VALUES (1539, 31, 38);
INSERT INTO PEDIDO VALUES (1540, 20, 290, 111);
INSERT INTO ITEMPED VALUES (1540, 78, 146);
INSERT INTO ITEMPED VALUES (1540, 13, 145);
INSERT INTO ITEMPED VALUES (1540, 22, 279);
INSERT INTO ITEMPED VALUES (1540, 25, 125);
INSERT INTO ITEMPED VALUES (1540, 31, 13);
INSERT INTO ITEMPED VALUES (1540, 45, 91);
INSERT INTO PEDIDO VALUES (1541, 30, 410, 11);
INSERT INTO ITEMPED VALUES (1541, 22, 125);
INSERT INTO ITEMPED VALUES (1541, 25, 85);
INSERT INTO ITEMPED VALUES (1541, 31, 149);
INSERT INTO ITEMPED VALUES (1541, 45, 271);
INSERT INTO ITEMPED VALUES (1541, 53, 267);
INSERT INTO ITEMPED VALUES (1541, 77, 286);
INSERT INTO PEDIDO VALUES (1542, 20, 830, 720);
INSERT INTO ITEMPED VALUES (1542, 31, 133);
INSERT INTO ITEMPED VALUES (1542, 45, 48);
INSERT INTO ITEMPED VALUES (1542, 53, 266);
INSERT INTO ITEMPED VALUES (1542, 77, 245);
INSERT INTO ITEMPED VALUES (1542, 78, 185);
INSERT INTO PEDIDO VALUES (1543, 60, 720, 310);
INSERT INTO ITEMPED VALUES (1543, 77, 249);
INSERT INTO PEDIDO VALUES (1544, 20, 180, 101);
INSERT INTO ITEMPED VALUES (1544, 45, 288);
INSERT INTO ITEMPED VALUES (1544, 53, 115);
INSERT INTO ITEMPED VALUES (1544, 77, 260);
INSERT INTO ITEMPED VALUES (1544, 78, 130);
INSERT INTO PEDIDO VALUES (1545, 30, 260, 250);
INSERT INTO ITEMPED VALUES (1545, 53, 42);
INSERT INTO ITEMPED VALUES (1545, 77, 19);
INSERT INTO ITEMPED VALUES (1545, 78, 22);
INSERT INTO ITEMPED VALUES (1545, 13, 129);
INSERT INTO PEDIDO VALUES (1546, 60, 20, 111);
INSERT INTO ITEMPED VALUES (1546, 77, 141);
INSERT INTO ITEMPED VALUES (1546, 78, 8);
INSERT INTO ITEMPED VALUES (1546, 13, 296);
INSERT INTO ITEMPED VALUES (1546, 22, 209);
INSERT INTO ITEMPED VALUES (1546, 25, 149);
INSERT INTO PEDIDO VALUES (1547, 20, 180, 213);
INSERT INTO ITEMPED VALUES (1547, 31, 72);
INSERT INTO ITEMPED VALUES (1547, 45, 18);
INSERT INTO PEDIDO VALUES (1548, 30, 20, 240);
INSERT INTO ITEMPED VALUES (1548, 22, 7);
INSERT INTO ITEMPED VALUES (1548, 25, 139);
INSERT INTO ITEMPED VALUES (1548, 31, 71);
INSERT INTO PEDIDO VALUES (1549, 20, 870, 310);
INSERT INTO ITEMPED VALUES (1549, 53, 18);
INSERT INTO ITEMPED VALUES (1549, 77, 224);
INSERT INTO ITEMPED VALUES (1549, 78, 122);
INSERT INTO ITEMPED VALUES (1549, 13, 141);
INSERT INTO ITEMPED VALUES (1549, 22, 196);
INSERT INTO ITEMPED VALUES (1549, 25, 142);
INSERT INTO PEDIDO VALUES (1550, 30, 110, 209);
INSERT INTO ITEMPED VALUES (1550, 31, 291);
INSERT INTO ITEMPED VALUES (1550, 45, 10);
INSERT INTO ITEMPED VALUES (1550, 53, 128);
INSERT INTO PEDIDO VALUES (1551, 10, 390, 250);
INSERT INTO ITEMPED VALUES (1551, 45, 90);
INSERT INTO ITEMPED VALUES (1551, 53, 86);
INSERT INTO ITEMPED VALUES (1551, 77, 286);
INSERT INTO ITEMPED VALUES (1551, 78, 142);
INSERT INTO ITEMPED VALUES (1551, 13, 213);
INSERT INTO ITEMPED VALUES (1551, 22, 265);
INSERT INTO PEDIDO VALUES (1552, 30, 260, 240);
INSERT INTO ITEMPED VALUES (1552, 77, 161);
INSERT INTO ITEMPED VALUES (1552, 78, 132);
INSERT INTO ITEMPED VALUES (1552, 13, 184);
INSERT INTO ITEMPED VALUES (1552, 22, 51);
INSERT INTO ITEMPED VALUES (1552, 25, 135);
INSERT INTO ITEMPED VALUES (1552, 31, 301);
INSERT INTO PEDIDO VALUES (1553, 60, 180, 11);
INSERT INTO ITEMPED VALUES (1553, 45, 242);
INSERT INTO ITEMPED VALUES (1553, 53, 10);
INSERT INTO ITEMPED VALUES (1553, 77, 38);
INSERT INTO ITEMPED VALUES (1553, 78, 8);
INSERT INTO PEDIDO VALUES (1554, 10, 720, 240);
INSERT INTO ITEMPED VALUES (1554, 22, 196);
INSERT INTO ITEMPED VALUES (1554, 25, 214);
INSERT INTO PEDIDO VALUES (1555, 45, 410, 720);
INSERT INTO ITEMPED VALUES (1555, 31, 278);
INSERT INTO ITEMPED VALUES (1555, 45, 34);
INSERT INTO ITEMPED VALUES (1555, 53, 16);
INSERT INTO ITEMPED VALUES (1555, 77, 113);
INSERT INTO ITEMPED VALUES (1555, 78, 217);
INSERT INTO ITEMPED VALUES (1555, 13, 262);
INSERT INTO PEDIDO VALUES (1556, 30, 290, 240);
INSERT INTO ITEMPED VALUES (1556, 22, 53);
INSERT INTO ITEMPED VALUES (1556, 25, 25);
INSERT INTO ITEMPED VALUES (1556, 31, 4);
INSERT INTO ITEMPED VALUES (1556, 45, 45);
INSERT INTO PEDIDO VALUES (1557, 20, 110, 250);
INSERT INTO ITEMPED VALUES (1557, 45, 271);
INSERT INTO ITEMPED VALUES (1557, 53, 48);
INSERT INTO ITEMPED VALUES (1557, 77, 5);
INSERT INTO PEDIDO VALUES (1558, 30, 390, 11);
INSERT INTO ITEMPED VALUES (1558, 78, 216);
INSERT INTO ITEMPED VALUES (1558, 13, 270);
INSERT INTO ITEMPED VALUES (1558, 22, 181);
INSERT INTO ITEMPED VALUES (1558, 25, 58);
INSERT INTO PEDIDO VALUES (1559, 20, 110, 213);
INSERT INTO ITEMPED VALUES (1559, 45, 120);
INSERT INTO ITEMPED VALUES (1559, 53, 149);
INSERT INTO ITEMPED VALUES (1559, 77, 241);
INSERT INTO ITEMPED VALUES (1559, 78, 161);
INSERT INTO ITEMPED VALUES (1559, 13, 199);
INSERT INTO PEDIDO VALUES (1560, 10, 720, 720);
INSERT INTO ITEMPED VALUES (1560, 13, 43);
INSERT INTO ITEMPED VALUES (1560, 22, 89);
INSERT INTO PEDIDO VALUES (1561, 20, 830, 101);
INSERT INTO ITEMPED VALUES (1561, 45, 260);
INSERT INTO ITEMPED VALUES (1561, 53, 199);
INSERT INTO ITEMPED VALUES (1561, 77, 145);
INSERT INTO ITEMPED VALUES (1561, 78, 255);
INSERT INTO ITEMPED VALUES (1561, 13, 87);
INSERT INTO PEDIDO VALUES (1562, 45, 260, 720);
INSERT INTO ITEMPED VALUES (1562, 77, 142);
INSERT INTO ITEMPED VALUES (1562, 78, 245);
INSERT INTO ITEMPED VALUES (1562, 13, 128);
INSERT INTO PEDIDO VALUES (1563, 20, 20, 209);
INSERT INTO ITEMPED VALUES (1563, 53, 204);
INSERT INTO PEDIDO VALUES (1564, 45, 260, 250);
INSERT INTO ITEMPED VALUES (1564, 13, 87);
INSERT INTO PEDIDO VALUES (1565, 10, 720, 240);
INSERT INTO ITEMPED VALUES (1565, 45, 160);
INSERT INTO ITEMPED VALUES (1565, 53, 237);
INSERT INTO PEDIDO VALUES (1566, 30, 870, 720);
INSERT INTO ITEMPED VALUES (1566, 77, 98);
INSERT INTO PEDIDO VALUES (1567, 60, 20, 250);
INSERT INTO ITEMPED VALUES (1567, 53, 123);
INSERT INTO ITEMPED VALUES (1567, 77, 222);
INSERT INTO ITEMPED VALUES (1567, 78, 177);
INSERT INTO PEDIDO VALUES (1568, 45, 870, 310);
INSERT INTO ITEMPED VALUES (1568, 77, 126);
INSERT INTO ITEMPED VALUES (1568, 78, 78);
INSERT INTO ITEMPED VALUES (1568, 13, 45);
INSERT INTO ITEMPED VALUES (1568, 22, 43);
INSERT INTO ITEMPED VALUES (1568, 25, 238);
INSERT INTO PEDIDO VALUES (1569, 60, 180, 720);
INSERT INTO ITEMPED VALUES (1569, 78, 75);
INSERT INTO ITEMPED VALUES (1569, 13, 173);
INSERT INTO ITEMPED VALUES (1569, 22, 155);
INSERT INTO ITEMPED VALUES (1569, 25, 239);
INSERT INTO ITEMPED VALUES (1569, 31, 230);
INSERT INTO ITEMPED VALUES (1569, 45, 164);
INSERT INTO PEDIDO VALUES (1570, 10, 871, 209);
INSERT INTO ITEMPED VALUES (1570, 22, 76);
INSERT INTO ITEMPED VALUES (1570, 25, 278);
INSERT INTO ITEMPED VALUES (1570, 31, 100);
INSERT INTO ITEMPED VALUES (1570, 45, 297);
INSERT INTO PEDIDO VALUES (1571, 60, 260, 111);
INSERT INTO ITEMPED VALUES (1571, 25, 122);
INSERT INTO ITEMPED VALUES (1571, 31, 48);
INSERT INTO ITEMPED VALUES (1571, 45, 46);
INSERT INTO ITEMPED VALUES (1571, 53, 118);
INSERT INTO ITEMPED VALUES (1571, 77, 219);
INSERT INTO ITEMPED VALUES (1571, 78, 213);
INSERT INTO PEDIDO VALUES (1572, 30, 830, 720);
INSERT INTO ITEMPED VALUES (1572, 77, 156);
INSERT INTO ITEMPED VALUES (1572, 78, 83);
INSERT INTO ITEMPED VALUES (1572, 13, 133);
INSERT INTO ITEMPED VALUES (1572, 22, 251);
INSERT INTO ITEMPED VALUES (1572, 25, 153);
INSERT INTO PEDIDO VALUES (1573, 45, 410, 101);
INSERT INTO ITEMPED VALUES (1573, 45, 10);
INSERT INTO ITEMPED VALUES (1573, 53, 286);
INSERT INTO ITEMPED VALUES (1573, 77, 290);
INSERT INTO ITEMPED VALUES (1573, 78, 40);
INSERT INTO ITEMPED VALUES (1573, 13, 135);
INSERT INTO ITEMPED VALUES (1573, 22, 174);
INSERT INTO PEDIDO VALUES (1574, 30, 390, 310);
INSERT INTO ITEMPED VALUES (1574, 22, 87);
INSERT INTO ITEMPED VALUES (1574, 25, 146);
INSERT INTO PEDIDO VALUES (1575, 20, 410, 250);
INSERT INTO ITEMPED VALUES (1575, 77, 13);
INSERT INTO ITEMPED VALUES (1575, 78, 288);
INSERT INTO ITEMPED VALUES (1575, 13, 60);
INSERT INTO ITEMPED VALUES (1575, 22, 222);
INSERT INTO ITEMPED VALUES (1575, 25, 287);
INSERT INTO PEDIDO VALUES (1576, 45, 180, 213);
INSERT INTO ITEMPED VALUES (1576, 53, 22);
INSERT INTO ITEMPED VALUES (1576, 77, 21);
INSERT INTO ITEMPED VALUES (1576, 78, 118);
INSERT INTO PEDIDO VALUES (1577, 60, 871, 310);
INSERT INTO ITEMPED VALUES (1577, 45, 105);
INSERT INTO ITEMPED VALUES (1577, 53, 262);
INSERT INTO ITEMPED VALUES (1577, 77, 60);
INSERT INTO ITEMPED VALUES (1577, 78, 170);
INSERT INTO ITEMPED VALUES (1577, 13, 210);
INSERT INTO PEDIDO VALUES (1578, 45, 290, 240);
INSERT INTO ITEMPED VALUES (1578, 77, 73);
INSERT INTO ITEMPED VALUES (1578, 78, 46);
INSERT INTO PEDIDO VALUES (1579, 20, 390, 250);
INSERT INTO ITEMPED VALUES (1579, 45, 137);
INSERT INTO PEDIDO VALUES (1580, 30, 260, 111);
INSERT INTO ITEMPED VALUES (1580, 22, 69);
INSERT INTO ITEMPED VALUES (1580, 25, 204);
INSERT INTO ITEMPED VALUES (1580, 31, 298);
INSERT INTO ITEMPED VALUES (1580, 45, 252);
INSERT INTO ITEMPED VALUES (1580, 53, 242);
INSERT INTO PEDIDO VALUES (1581, 60, 870, 101);
INSERT INTO ITEMPED VALUES (1581, 45, 200);
INSERT INTO ITEMPED VALUES (1581, 53, 262);
INSERT INTO ITEMPED VALUES (1581, 77, 78);
INSERT INTO ITEMPED VALUES (1581, 78, 43);
INSERT INTO PEDIDO VALUES (1582, 20, 260, 11);
INSERT INTO ITEMPED VALUES (1582, 22, 120);
INSERT INTO ITEMPED VALUES (1582, 25, 180);
INSERT INTO ITEMPED VALUES (1582, 31, 270);
INSERT INTO ITEMPED VALUES (1582, 45, 47);
INSERT INTO PEDIDO VALUES (1583, 10, 871, 209);
INSERT INTO ITEMPED VALUES (1583, 13, 73);
INSERT INTO ITEMPED VALUES (1583, 22, 26);
INSERT INTO ITEMPED VALUES (1583, 25, 98);
INSERT INTO PEDIDO VALUES (1584, 60, 180, 11);
INSERT INTO ITEMPED VALUES (1584, 45, 204);
INSERT INTO ITEMPED VALUES (1584, 53, 153);
INSERT INTO ITEMPED VALUES (1584, 77, 124);
INSERT INTO ITEMPED VALUES (1584, 78, 32);
INSERT INTO ITEMPED VALUES (1584, 13, 169);
INSERT INTO PEDIDO VALUES (1585, 20, 410, 101);
INSERT INTO ITEMPED VALUES (1585, 78, 39);
INSERT INTO ITEMPED VALUES (1585, 13, 253);
INSERT INTO PEDIDO VALUES (1586, 30, 871, 250);
INSERT INTO ITEMPED VALUES (1586, 53, 53);
INSERT INTO PEDIDO VALUES (1587, 45, 720, 111);
INSERT INTO ITEMPED VALUES (1587, 22, 87);
INSERT INTO ITEMPED VALUES (1587, 25, 198);
INSERT INTO ITEMPED VALUES (1587, 31, 188);
INSERT INTO PEDIDO VALUES (1588, 20, 290, 250);
INSERT INTO ITEMPED VALUES (1588, 45, 127);
INSERT INTO ITEMPED VALUES (1588, 53, 71);
INSERT INTO ITEMPED VALUES (1588, 77, 223);
INSERT INTO PEDIDO VALUES (1589, 60, 20, 240);
INSERT INTO ITEMPED VALUES (1589, 53, 279);
INSERT INTO ITEMPED VALUES (1589, 77, 200);
INSERT INTO ITEMPED VALUES (1589, 78, 219);
INSERT INTO ITEMPED VALUES (1589, 13, 18);
INSERT INTO ITEMPED VALUES (1589, 22, 270);
INSERT INTO PEDIDO VALUES (1590, 10, 410, 209);
INSERT INTO ITEMPED VALUES (1590, 31, 24);
INSERT INTO PEDIDO VALUES (1591, 45, 390, 213);
INSERT INTO ITEMPED VALUES (1591, 53, 14);
INSERT INTO ITEMPED VALUES (1591, 77, 193);
INSERT INTO ITEMPED VALUES (1591, 78, 257);
INSERT INTO ITEMPED VALUES (1591, 13, 123);
INSERT INTO ITEMPED VALUES (1591, 22, 248);
INSERT INTO PEDIDO VALUES (1592, 60, 870, 101);
INSERT INTO ITEMPED VALUES (1592, 45, 254);
INSERT INTO PEDIDO VALUES (1593, 20, 290, 240);
INSERT INTO ITEMPED VALUES (1593, 31, 101);
INSERT INTO ITEMPED VALUES (1593, 45, 164);
INSERT INTO ITEMPED VALUES (1593, 53, 135);
INSERT INTO ITEMPED VALUES (1593, 77, 232);
INSERT INTO ITEMPED VALUES (1593, 78, 104);
INSERT INTO ITEMPED VALUES (1593, 13, 193);
INSERT INTO PEDIDO VALUES (1594, 45, 390, 213);
INSERT INTO ITEMPED VALUES (1594, 13, 225);
INSERT INTO PEDIDO VALUES (1595, 10, 720, 11);
INSERT INTO ITEMPED VALUES (1595, 31, 106);
INSERT INTO ITEMPED VALUES (1595, 45, 102);
INSERT INTO ITEMPED VALUES (1595, 53, 23);
INSERT INTO ITEMPED VALUES (1595, 77, 120);
INSERT INTO ITEMPED VALUES (1595, 78, 291);
INSERT INTO PEDIDO VALUES (1596, 60, 180, 720);
INSERT INTO ITEMPED VALUES (1596, 13, 230);
INSERT INTO ITEMPED VALUES (1596, 22, 272);
INSERT INTO ITEMPED VALUES (1596, 25, 26);
INSERT INTO ITEMPED VALUES (1596, 31, 108);
INSERT INTO PEDIDO VALUES (1597, 20, 720, 213);
INSERT INTO ITEMPED VALUES (1597, 78, 128);
INSERT INTO PEDIDO VALUES (1598, 10, 180, 720);
INSERT INTO ITEMPED VALUES (1598, 77, 237);
INSERT INTO ITEMPED VALUES (1598, 78, 20);
INSERT INTO ITEMPED VALUES (1598, 13, 247);
INSERT INTO PEDIDO VALUES (1599, 45, 290, 213);
INSERT INTO ITEMPED VALUES (1599, 53, 277);
INSERT INTO ITEMPED VALUES (1599, 77, 228);
INSERT INTO PEDIDO VALUES (1600, 60, 871, 11);
INSERT INTO ITEMPED VALUES (1600, 77, 187);
INSERT INTO PEDIDO VALUES (1601, 20, 720, 101);
INSERT INTO ITEMPED VALUES (1601, 53, 63);
INSERT INTO ITEMPED VALUES (1601, 77, 109);
INSERT INTO ITEMPED VALUES (1601, 78, 126);
INSERT INTO ITEMPED VALUES (1601, 13, 142);
INSERT INTO PEDIDO VALUES (1602, 60, 180, 720);
INSERT INTO ITEMPED VALUES (1602, 13, 9);
INSERT INTO ITEMPED VALUES (1602, 22, 160);
INSERT INTO ITEMPED VALUES (1602, 25, 122);
INSERT INTO ITEMPED VALUES (1602, 31, 259);
INSERT INTO ITEMPED VALUES (1602, 45, 58);
INSERT INTO PEDIDO VALUES (1603, 10, 870, 11);
INSERT INTO ITEMPED VALUES (1603, 77, 233);
INSERT INTO ITEMPED VALUES (1603, 78, 239);
INSERT INTO ITEMPED VALUES (1603, 13, 6);
INSERT INTO ITEMPED VALUES (1603, 22, 182);
INSERT INTO ITEMPED VALUES (1603, 25, 90);
INSERT INTO PEDIDO VALUES (1604, 60, 110, 209);
INSERT INTO ITEMPED VALUES (1604, 22, 104);
INSERT INTO ITEMPED VALUES (1604, 25, 249);
INSERT INTO PEDIDO VALUES (1605, 45, 180, 101);
INSERT INTO ITEMPED VALUES (1605, 78, 61);
INSERT INTO ITEMPED VALUES (1605, 13, 244);
INSERT INTO ITEMPED VALUES (1605, 22, 128);
INSERT INTO ITEMPED VALUES (1605, 25, 131);
INSERT INTO ITEMPED VALUES (1605, 31, 52);
INSERT INTO PEDIDO VALUES (1606, 20, 871, 111);
INSERT INTO ITEMPED VALUES (1606, 45, 197);
INSERT INTO ITEMPED VALUES (1606, 53, 55);
INSERT INTO PEDIDO VALUES (1607, 60, 830, 213);
INSERT INTO ITEMPED VALUES (1607, 22, 23);
INSERT INTO ITEMPED VALUES (1607, 25, 85);
INSERT INTO ITEMPED VALUES (1607, 31, 181);
INSERT INTO ITEMPED VALUES (1607, 45, 238);
INSERT INTO ITEMPED VALUES (1607, 53, 289);
INSERT INTO ITEMPED VALUES (1607, 77, 209);
INSERT INTO PEDIDO VALUES (1608, 10, 410, 111);
INSERT INTO ITEMPED VALUES (1608, 25, 23);
INSERT INTO ITEMPED VALUES (1608, 31, 125);
INSERT INTO PEDIDO VALUES (1609, 60, 110, 240);
INSERT INTO ITEMPED VALUES (1609, 31, 283);
INSERT INTO ITEMPED VALUES (1609, 45, 261);
INSERT INTO ITEMPED VALUES (1609, 53, 16);
INSERT INTO ITEMPED VALUES (1609, 77, 115);
INSERT INTO ITEMPED VALUES (1609, 78, 96);
INSERT INTO PEDIDO VALUES (1610, 30, 290, 209);
INSERT INTO ITEMPED VALUES (1610, 77, 259);
INSERT INTO ITEMPED VALUES (1610, 78, 19);
INSERT INTO ITEMPED VALUES (1610, 13, 75);
INSERT INTO PEDIDO VALUES (1611, 60, 830, 111);
INSERT INTO ITEMPED VALUES (1611, 22, 226);
INSERT INTO PEDIDO VALUES (1612, 30, 110, 11);
INSERT INTO ITEMPED VALUES (1612, 31, 257);
INSERT INTO ITEMPED VALUES (1612, 45, 51);
INSERT INTO ITEMPED VALUES (1612, 53, 32);
INSERT INTO ITEMPED VALUES (1612, 77, 258);
INSERT INTO PEDIDO VALUES (1613, 45, 20, 240);
INSERT INTO ITEMPED VALUES (1613, 13, 155);
INSERT INTO ITEMPED VALUES (1613, 22, 274);
INSERT INTO PEDIDO VALUES (1614, 60, 390, 11);
INSERT INTO ITEMPED VALUES (1614, 77, 128);
INSERT INTO ITEMPED VALUES (1614, 78, 145);
INSERT INTO ITEMPED VALUES (1614, 13, 205);
INSERT INTO PEDIDO VALUES (1615, 20, 110, 310);
INSERT INTO ITEMPED VALUES (1615, 53, 122);
INSERT INTO ITEMPED VALUES (1615, 77, 22);
INSERT INTO ITEMPED VALUES (1615, 78, 141);
INSERT INTO ITEMPED VALUES (1615, 13, 242);
INSERT INTO PEDIDO VALUES (1616, 30, 830, 11);
INSERT INTO ITEMPED VALUES (1616, 22, 280);
INSERT INTO ITEMPED VALUES (1616, 25, 275);
INSERT INTO ITEMPED VALUES (1616, 31, 55);
INSERT INTO ITEMPED VALUES (1616, 45, 154);
INSERT INTO PEDIDO VALUES (1617, 20, 290, 209);
INSERT INTO ITEMPED VALUES (1617, 53, 65);
INSERT INTO ITEMPED VALUES (1617, 77, 55);
INSERT INTO ITEMPED VALUES (1617, 78, 85);
INSERT INTO ITEMPED VALUES (1617, 13, 261);
INSERT INTO PEDIDO VALUES (1618, 30, 410, 213);
INSERT INTO ITEMPED VALUES (1618, 77, 77);
INSERT INTO ITEMPED VALUES (1618, 78, 210);
INSERT INTO ITEMPED VALUES (1618, 13, 272);
INSERT INTO ITEMPED VALUES (1618, 22, 227);
INSERT INTO PEDIDO VALUES (1619, 20, 260, 101);
INSERT INTO ITEMPED VALUES (1619, 78, 36);
INSERT INTO ITEMPED VALUES (1619, 13, 5);
INSERT INTO ITEMPED VALUES (1619, 22, 172);
INSERT INTO ITEMPED VALUES (1619, 25, 202);
INSERT INTO PEDIDO VALUES (1620, 30, 110, 111);
INSERT INTO ITEMPED VALUES (1620, 53, 70);
INSERT INTO ITEMPED VALUES (1620, 77, 216);
INSERT INTO ITEMPED VALUES (1620, 78, 113);
INSERT INTO ITEMPED VALUES (1620, 13, 266);
INSERT INTO PEDIDO VALUES (1621, 60, 290, 240);
INSERT INTO ITEMPED VALUES (1621, 77, 252);
INSERT INTO ITEMPED VALUES (1621, 78, 130);
INSERT INTO PEDIDO VALUES (1622, 10, 390, 209);
INSERT INTO ITEMPED VALUES (1622, 78, 18);
INSERT INTO ITEMPED VALUES (1622, 13, 186);
INSERT INTO ITEMPED VALUES (1622, 22, 173);
INSERT INTO ITEMPED VALUES (1622, 25, 254);
INSERT INTO PEDIDO VALUES (1623, 45, 720, 213);
INSERT INTO ITEMPED VALUES (1623, 77, 196);
INSERT INTO ITEMPED VALUES (1623, 78, 11);
INSERT INTO ITEMPED VALUES (1623, 13, 7);
INSERT INTO ITEMPED VALUES (1623, 22, 73);
INSERT INTO PEDIDO VALUES (1624, 30, 180, 111);
INSERT INTO ITEMPED VALUES (1624, 25, 39);
INSERT INTO PEDIDO VALUES (1625, 20, 260, 310);
INSERT INTO ITEMPED VALUES (1625, 53, 238);
INSERT INTO ITEMPED VALUES (1625, 77, 289);
INSERT INTO ITEMPED VALUES (1625, 78, 250);
INSERT INTO ITEMPED VALUES (1625, 13, 101);
INSERT INTO ITEMPED VALUES (1625, 22, 18);
INSERT INTO ITEMPED VALUES (1625, 25, 187);
INSERT INTO PEDIDO VALUES (1626, 60, 830, 209);
INSERT INTO ITEMPED VALUES (1626, 77, 122);
INSERT INTO PEDIDO VALUES (1627, 30, 871, 101);
INSERT INTO ITEMPED VALUES (1627, 45, 129);
INSERT INTO ITEMPED VALUES (1627, 53, 58);
INSERT INTO ITEMPED VALUES (1627, 77, 168);
INSERT INTO ITEMPED VALUES (1627, 78, 266);
INSERT INTO PEDIDO VALUES (1628, 45, 870, 111);
INSERT INTO ITEMPED VALUES (1628, 77, 207);
INSERT INTO ITEMPED VALUES (1628, 78, 212);
INSERT INTO PEDIDO VALUES (1629, 20, 260, 213);
INSERT INTO ITEMPED VALUES (1629, 25, 251);
INSERT INTO ITEMPED VALUES (1629, 31, 84);
INSERT INTO ITEMPED VALUES (1629, 45, 302);
INSERT INTO PEDIDO VALUES (1630, 10, 870, 209);
INSERT INTO ITEMPED VALUES (1630, 13, 265);
INSERT INTO ITEMPED VALUES (1630, 22, 10);
INSERT INTO ITEMPED VALUES (1630, 25, 149);
INSERT INTO ITEMPED VALUES (1630, 31, 156);
INSERT INTO ITEMPED VALUES (1630, 45, 181);
INSERT INTO ITEMPED VALUES (1630, 53, 251);
INSERT INTO PEDIDO VALUES (1631, 45, 410, 250);
INSERT INTO ITEMPED VALUES (1631, 53, 262);
INSERT INTO ITEMPED VALUES (1631, 77, 30);
INSERT INTO ITEMPED VALUES (1631, 78, 224);
INSERT INTO ITEMPED VALUES (1631, 13, 14);
INSERT INTO ITEMPED VALUES (1631, 22, 223);
INSERT INTO PEDIDO VALUES (1632, 30, 260, 11);
INSERT INTO ITEMPED VALUES (1632, 31, 259);
INSERT INTO ITEMPED VALUES (1632, 45, 37);
INSERT INTO ITEMPED VALUES (1632, 53, 267);
INSERT INTO ITEMPED VALUES (1632, 77, 251);
INSERT INTO PEDIDO VALUES (1633, 10, 870, 209);
INSERT INTO ITEMPED VALUES (1633, 25, 258);
INSERT INTO ITEMPED VALUES (1633, 31, 155);
INSERT INTO ITEMPED VALUES (1633, 45, 226);
INSERT INTO ITEMPED VALUES (1633, 53, 184);
INSERT INTO PEDIDO VALUES (1634, 60, 260, 720);
INSERT INTO ITEMPED VALUES (1634, 78, 235);
INSERT INTO PEDIDO VALUES (1635, 20, 20, 209);
INSERT INTO ITEMPED VALUES (1635, 77, 81);
INSERT INTO ITEMPED VALUES (1635, 78, 201);
INSERT INTO PEDIDO VALUES (1636, 10, 110, 310);
INSERT INTO ITEMPED VALUES (1636, 13, 4);
INSERT INTO ITEMPED VALUES (1636, 22, 268);
INSERT INTO ITEMPED VALUES (1636, 25, 30);
INSERT INTO PEDIDO VALUES (1637, 45, 830, 111);
INSERT INTO ITEMPED VALUES (1637, 78, 247);
INSERT INTO ITEMPED VALUES (1637, 13, 274);
INSERT INTO ITEMPED VALUES (1637, 22, 66);
INSERT INTO ITEMPED VALUES (1637, 25, 75);
INSERT INTO PEDIDO VALUES (1638, 20, 720, 240);
INSERT INTO ITEMPED VALUES (1638, 45, 165);
INSERT INTO ITEMPED VALUES (1638, 53, 225);
INSERT INTO ITEMPED VALUES (1638, 77, 252);
INSERT INTO ITEMPED VALUES (1638, 78, 176);
INSERT INTO PEDIDO VALUES (1639, 45, 20, 720);
INSERT INTO ITEMPED VALUES (1639, 25, 39);
INSERT INTO ITEMPED VALUES (1639, 31, 145);
INSERT INTO PEDIDO VALUES (1640, 20, 720, 240);
INSERT INTO ITEMPED VALUES (1640, 13, 282);
INSERT INTO ITEMPED VALUES (1640, 22, 155);
INSERT INTO PEDIDO VALUES (1641, 30, 110, 111);
INSERT INTO ITEMPED VALUES (1641, 78, 131);
INSERT INTO ITEMPED VALUES (1641, 13, 204);
INSERT INTO ITEMPED VALUES (1641, 22, 266);
INSERT INTO PEDIDO VALUES (1642, 10, 871, 240);
INSERT INTO ITEMPED VALUES (1642, 45, 241);
INSERT INTO ITEMPED VALUES (1642, 53, 213);
INSERT INTO ITEMPED VALUES (1642, 77, 292);
INSERT INTO ITEMPED VALUES (1642, 78, 67);
INSERT INTO PEDIDO VALUES (1643, 20, 830, 11);
INSERT INTO ITEMPED VALUES (1643, 53, 128);
INSERT INTO ITEMPED VALUES (1643, 77, 227);
INSERT INTO ITEMPED VALUES (1643, 78, 141);
INSERT INTO PEDIDO VALUES (1644, 10, 871, 250);
INSERT INTO ITEMPED VALUES (1644, 77, 242);
INSERT INTO PEDIDO VALUES (1645, 60, 180, 240);
INSERT INTO ITEMPED VALUES (1645, 22, 125);
INSERT INTO ITEMPED VALUES (1645, 25, 229);
INSERT INTO ITEMPED VALUES (1645, 31, 167);
INSERT INTO PEDIDO VALUES (1646, 20, 110, 310);
INSERT INTO ITEMPED VALUES (1646, 53, 250);
INSERT INTO ITEMPED VALUES (1646, 77, 292);
INSERT INTO ITEMPED VALUES (1646, 78, 225);
INSERT INTO ITEMPED VALUES (1646, 13, 164);
INSERT INTO PEDIDO VALUES (1647, 30, 260, 11);
INSERT INTO ITEMPED VALUES (1647, 31, 290);
INSERT INTO ITEMPED VALUES (1647, 45, 214);
INSERT INTO ITEMPED VALUES (1647, 53, 38);
INSERT INTO ITEMPED VALUES (1647, 77, 178);
INSERT INTO ITEMPED VALUES (1647, 78, 175);
INSERT INTO ITEMPED VALUES (1647, 13, 274);
INSERT INTO PEDIDO VALUES (1648, 20, 830, 250);
INSERT INTO ITEMPED VALUES (1648, 25, 161);
INSERT INTO ITEMPED VALUES (1648, 31, 37);
INSERT INTO ITEMPED VALUES (1648, 45, 155);
INSERT INTO ITEMPED VALUES (1648, 53, 268);
INSERT INTO PEDIDO VALUES (1649, 45, 390, 240);
INSERT INTO ITEMPED VALUES (1649, 78, 235);
INSERT INTO ITEMPED VALUES (1649, 13, 61);
INSERT INTO ITEMPED VALUES (1649, 22, 157);
INSERT INTO ITEMPED VALUES (1649, 25, 191);
INSERT INTO ITEMPED VALUES (1649, 31, 251);
INSERT INTO PEDIDO VALUES (1650, 60, 290, 720);
INSERT INTO ITEMPED VALUES (1650, 13, 289);
INSERT INTO PEDIDO VALUES (1651, 30, 20, 209);
INSERT INTO ITEMPED VALUES (1651, 25, 157);
INSERT INTO ITEMPED VALUES (1651, 31, 83);
INSERT INTO ITEMPED VALUES (1651, 45, 13);
INSERT INTO ITEMPED VALUES (1651, 53, 261);
INSERT INTO PEDIDO VALUES (1652, 10, 410, 11);
INSERT INTO ITEMPED VALUES (1652, 31, 21);
INSERT INTO ITEMPED VALUES (1652, 45, 289);
INSERT INTO ITEMPED VALUES (1652, 53, 8);
INSERT INTO PEDIDO VALUES (1653, 20, 260, 310);
INSERT INTO ITEMPED VALUES (1653, 77, 131);
INSERT INTO ITEMPED VALUES (1653, 78, 229);
INSERT INTO ITEMPED VALUES (1653, 13, 284);
INSERT INTO ITEMPED VALUES (1653, 22, 130);
INSERT INTO ITEMPED VALUES (1653, 25, 48);
INSERT INTO ITEMPED VALUES (1653, 31, 87);
INSERT INTO PEDIDO VALUES (1654, 30, 410, 111);
INSERT INTO ITEMPED VALUES (1654, 22, 300);
INSERT INTO ITEMPED VALUES (1654, 25, 90);
INSERT INTO ITEMPED VALUES (1654, 31, 266);
INSERT INTO PEDIDO VALUES (1655, 60, 871, 720);
INSERT INTO ITEMPED VALUES (1655, 31, 198);
INSERT INTO ITEMPED VALUES (1655, 45, 181);
INSERT INTO ITEMPED VALUES (1655, 53, 96);
INSERT INTO PEDIDO VALUES (1656, 45, 830, 101);
INSERT INTO ITEMPED VALUES (1656, 77, 263);
INSERT INTO ITEMPED VALUES (1656, 78, 22);
INSERT INTO ITEMPED VALUES (1656, 13, 117);
INSERT INTO PEDIDO VALUES (1657, 10, 110, 240);
INSERT INTO ITEMPED VALUES (1657, 45, 290);
INSERT INTO ITEMPED VALUES (1657, 53, 154);
INSERT INTO ITEMPED VALUES (1657, 77, 237);
INSERT INTO ITEMPED VALUES (1657, 78, 205);
INSERT INTO ITEMPED VALUES (1657, 13, 91);
INSERT INTO PEDIDO VALUES (1658, 60, 390, 101);
INSERT INTO ITEMPED VALUES (1658, 77, 139);
INSERT INTO ITEMPED VALUES (1658, 78, 234);
INSERT INTO PEDIDO VALUES (1659, 30, 870, 250);
INSERT INTO ITEMPED VALUES (1659, 22, 178);
INSERT INTO ITEMPED VALUES (1659, 25, 66);
INSERT INTO ITEMPED VALUES (1659, 31, 96);
INSERT INTO PEDIDO VALUES (1660, 45, 871, 11);
INSERT INTO ITEMPED VALUES (1660, 77, 230);
INSERT INTO ITEMPED VALUES (1660, 78, 148);
INSERT INTO ITEMPED VALUES (1660, 13, 8);
INSERT INTO ITEMPED VALUES (1660, 22, 240);
INSERT INTO ITEMPED VALUES (1660, 25, 177);
INSERT INTO ITEMPED VALUES (1660, 31, 55);
INSERT INTO PEDIDO VALUES (1661, 30, 410, 101);
INSERT INTO ITEMPED VALUES (1661, 78, 186);
INSERT INTO ITEMPED VALUES (1661, 13, 281);
INSERT INTO ITEMPED VALUES (1661, 22, 294);
INSERT INTO PEDIDO VALUES (1662, 45, 180, 111);
INSERT INTO ITEMPED VALUES (1662, 77, 160);
INSERT INTO ITEMPED VALUES (1662, 78, 195);
INSERT INTO ITEMPED VALUES (1662, 13, 58);
INSERT INTO PEDIDO VALUES (1663, 20, 260, 209);
INSERT INTO ITEMPED VALUES (1663, 22, 18);
INSERT INTO PEDIDO VALUES (1664, 60, 110, 240);
INSERT INTO ITEMPED VALUES (1664, 13, 290);
INSERT INTO ITEMPED VALUES (1664, 22, 3);
INSERT INTO ITEMPED VALUES (1664, 25, 196);
INSERT INTO ITEMPED VALUES (1664, 31, 50);
INSERT INTO ITEMPED VALUES (1664, 45, 265);
INSERT INTO ITEMPED VALUES (1664, 53, 267);
INSERT INTO PEDIDO VALUES (1665, 10, 180, 101);
INSERT INTO ITEMPED VALUES (1665, 53, 30);
INSERT INTO ITEMPED VALUES (1665, 77, 162);
INSERT INTO ITEMPED VALUES (1665, 78, 295);
INSERT INTO ITEMPED VALUES (1665, 13, 163);
INSERT INTO ITEMPED VALUES (1665, 22, 274);
INSERT INTO PEDIDO VALUES (1666, 20, 871, 240);
INSERT INTO ITEMPED VALUES (1666, 22, 155);
INSERT INTO ITEMPED VALUES (1666, 25, 167);
INSERT INTO ITEMPED VALUES (1666, 31, 236);
INSERT INTO ITEMPED VALUES (1666, 45, 228);
INSERT INTO PEDIDO VALUES (1667, 30, 720, 111);
INSERT INTO ITEMPED VALUES (1667, 53, 115);
INSERT INTO ITEMPED VALUES (1667, 77, 110);
INSERT INTO ITEMPED VALUES (1667, 78, 284);
INSERT INTO ITEMPED VALUES (1667, 13, 8);
INSERT INTO PEDIDO VALUES (1668, 60, 260, 240);
INSERT INTO ITEMPED VALUES (1668, 25, 290);
INSERT INTO ITEMPED VALUES (1668, 31, 299);
INSERT INTO PEDIDO VALUES (1669, 45, 20, 720);
INSERT INTO ITEMPED VALUES (1669, 78, 104);
INSERT INTO ITEMPED VALUES (1669, 13, 92);
INSERT INTO ITEMPED VALUES (1669, 22, 66);
INSERT INTO PEDIDO VALUES (1670, 30, 410, 310);
INSERT INTO ITEMPED VALUES (1670, 31, 242);
INSERT INTO PEDIDO VALUES (1671, 20, 390, 213);
INSERT INTO ITEMPED VALUES (1671, 22, 193);
INSERT INTO ITEMPED VALUES (1671, 25, 56);
INSERT INTO PEDIDO VALUES (1672, 30, 20, 720);
INSERT INTO ITEMPED VALUES (1672, 25, 161);
INSERT INTO ITEMPED VALUES (1672, 31, 122);
INSERT INTO ITEMPED VALUES (1672, 45, 44);
INSERT INTO ITEMPED VALUES (1672, 53, 221);
INSERT INTO PEDIDO VALUES (1673, 20, 720, 250);
INSERT INTO ITEMPED VALUES (1673, 13, 302);
INSERT INTO ITEMPED VALUES (1673, 22, 168);
INSERT INTO ITEMPED VALUES (1673, 25, 267);
INSERT INTO ITEMPED VALUES (1673, 31, 87);
INSERT INTO ITEMPED VALUES (1673, 45, 181);
INSERT INTO PEDIDO VALUES (1674, 60, 830, 11);
INSERT INTO ITEMPED VALUES (1674, 25, 189);
INSERT INTO ITEMPED VALUES (1674, 31, 152);
INSERT INTO PEDIDO VALUES (1675, 45, 290, 240);
INSERT INTO ITEMPED VALUES (1675, 31, 256);
INSERT INTO PEDIDO VALUES (1676, 20, 870, 250);
INSERT INTO ITEMPED VALUES (1676, 45, 165);
INSERT INTO ITEMPED VALUES (1676, 53, 45);
INSERT INTO ITEMPED VALUES (1676, 77, 166);
INSERT INTO ITEMPED VALUES (1676, 78, 232);
INSERT INTO ITEMPED VALUES (1676, 13, 196);
INSERT INTO ITEMPED VALUES (1676, 22, 295);
INSERT INTO PEDIDO VALUES (1677, 30, 20, 720);
INSERT INTO ITEMPED VALUES (1677, 78, 178);
INSERT INTO ITEMPED VALUES (1677, 13, 199);
INSERT INTO ITEMPED VALUES (1677, 22, 266);
INSERT INTO ITEMPED VALUES (1677, 25, 12);
INSERT INTO PEDIDO VALUES (1678, 20, 720, 11);
INSERT INTO ITEMPED VALUES (1678, 77, 226);
INSERT INTO PEDIDO VALUES (1679, 60, 410, 213);
INSERT INTO ITEMPED VALUES (1679, 53, 248);
INSERT INTO ITEMPED VALUES (1679, 77, 26);
INSERT INTO ITEMPED VALUES (1679, 78, 103);
INSERT INTO ITEMPED VALUES (1679, 13, 290);
INSERT INTO PEDIDO VALUES (1680, 20, 870, 111);
INSERT INTO ITEMPED VALUES (1680, 22, 194);
INSERT INTO ITEMPED VALUES (1680, 25, 35);
INSERT INTO ITEMPED VALUES (1680, 31, 247);
INSERT INTO PEDIDO VALUES (1681, 10, 290, 720);
INSERT INTO ITEMPED VALUES (1681, 77, 78);
INSERT INTO ITEMPED VALUES (1681, 78, 10);
INSERT INTO ITEMPED VALUES (1681, 13, 83);
INSERT INTO ITEMPED VALUES (1681, 22, 105);
INSERT INTO ITEMPED VALUES (1681, 25, 173);
INSERT INTO PEDIDO VALUES (1682, 60, 180, 11);
INSERT INTO ITEMPED VALUES (1682, 31, 32);
INSERT INTO ITEMPED VALUES (1682, 45, 201);
INSERT INTO ITEMPED VALUES (1682, 53, 292);
INSERT INTO ITEMPED VALUES (1682, 77, 24);
INSERT INTO PEDIDO VALUES (1683, 30, 110, 310);
INSERT INTO ITEMPED VALUES (1683, 13, 71);
INSERT INTO PEDIDO VALUES (1684, 20, 720, 209);
INSERT INTO ITEMPED VALUES (1684, 22, 122);
INSERT INTO PEDIDO VALUES (1685, 45, 110, 11);
INSERT INTO ITEMPED VALUES (1685, 45, 289);
INSERT INTO ITEMPED VALUES (1685, 53, 98);
INSERT INTO ITEMPED VALUES (1685, 77, 181);
INSERT INTO PEDIDO VALUES (1686, 60, 720, 240);
INSERT INTO ITEMPED VALUES (1686, 31, 168);
INSERT INTO ITEMPED VALUES (1686, 45, 65);
INSERT INTO ITEMPED VALUES (1686, 53, 291);
INSERT INTO PEDIDO VALUES (1687, 10, 410, 209);
INSERT INTO ITEMPED VALUES (1687, 13, 98);
INSERT INTO ITEMPED VALUES (1687, 22, 162);
INSERT INTO ITEMPED VALUES (1687, 25, 149);
INSERT INTO ITEMPED VALUES (1687, 31, 296);
INSERT INTO ITEMPED VALUES (1687, 45, 251);
INSERT INTO ITEMPED VALUES (1687, 53, 139);
INSERT INTO PEDIDO VALUES (1688, 20, 20, 213);
INSERT INTO ITEMPED VALUES (1688, 25, 104);
INSERT INTO ITEMPED VALUES (1688, 31, 190);
INSERT INTO PEDIDO VALUES (1689, 30, 290, 11);
INSERT INTO ITEMPED VALUES (1689, 78, 87);
INSERT INTO ITEMPED VALUES (1689, 13, 42);
INSERT INTO ITEMPED VALUES (1689, 22, 134);
INSERT INTO ITEMPED VALUES (1689, 25, 160);
INSERT INTO PEDIDO VALUES (1690, 20, 180, 310);
INSERT INTO ITEMPED VALUES (1690, 31, 114);
INSERT INTO ITEMPED VALUES (1690, 45, 166);
INSERT INTO ITEMPED VALUES (1690, 53, 51);
INSERT INTO ITEMPED VALUES (1690, 77, 291);
INSERT INTO PEDIDO VALUES (1691, 60, 410, 250);
INSERT INTO ITEMPED VALUES (1691, 78, 59);
INSERT INTO PEDIDO VALUES (1692, 10, 20, 240);
INSERT INTO ITEMPED VALUES (1692, 45, 18);
INSERT INTO ITEMPED VALUES (1692, 53, 184);
INSERT INTO ITEMPED VALUES (1692, 77, 54);
INSERT INTO ITEMPED VALUES (1692, 78, 232);
INSERT INTO ITEMPED VALUES (1692, 13, 185);
INSERT INTO ITEMPED VALUES (1692, 22, 96);
INSERT INTO PEDIDO VALUES (1693, 45, 410, 310);
INSERT INTO ITEMPED VALUES (1693, 78, 222);
INSERT INTO ITEMPED VALUES (1693, 13, 297);
INSERT INTO ITEMPED VALUES (1693, 22, 239);
INSERT INTO PEDIDO VALUES (1694, 20, 830, 250);
INSERT INTO ITEMPED VALUES (1694, 77, 289);
INSERT INTO PEDIDO VALUES (1695, 45, 110, 11);
INSERT INTO ITEMPED VALUES (1695, 13, 297);
INSERT INTO ITEMPED VALUES (1695, 22, 252);
INSERT INTO PEDIDO VALUES (1696, 20, 871, 240);
INSERT INTO ITEMPED VALUES (1696, 25, 242);
INSERT INTO ITEMPED VALUES (1696, 31, 119);
INSERT INTO ITEMPED VALUES (1696, 45, 175);
INSERT INTO ITEMPED VALUES (1696, 53, 25);
INSERT INTO ITEMPED VALUES (1696, 77, 42);
INSERT INTO ITEMPED VALUES (1696, 78, 251);
INSERT INTO PEDIDO VALUES (1697, 10, 870, 310);
INSERT INTO ITEMPED VALUES (1697, 53, 191);
INSERT INTO ITEMPED VALUES (1697, 77, 12);
INSERT INTO ITEMPED VALUES (1697, 78, 22);
INSERT INTO ITEMPED VALUES (1697, 13, 20);
INSERT INTO ITEMPED VALUES (1697, 22, 126);
INSERT INTO PEDIDO VALUES (1698, 60, 720, 213);
INSERT INTO ITEMPED VALUES (1698, 78, 122);
INSERT INTO ITEMPED VALUES (1698, 13, 38);
INSERT INTO ITEMPED VALUES (1698, 22, 22);
INSERT INTO ITEMPED VALUES (1698, 25, 258);
INSERT INTO PEDIDO VALUES (1699, 45, 260, 240);
INSERT INTO ITEMPED VALUES (1699, 25, 200);
INSERT INTO ITEMPED VALUES (1699, 31, 125);
INSERT INTO PEDIDO VALUES (1700, 20, 390, 101);
INSERT INTO ITEMPED VALUES (1700, 78, 64);
INSERT INTO ITEMPED VALUES (1700, 13, 168);
INSERT INTO ITEMPED VALUES (1700, 22, 108);
INSERT INTO PEDIDO VALUES (1701, 45, 20, 310);
INSERT INTO ITEMPED VALUES (1701, 45, 29);
INSERT INTO PEDIDO VALUES (1702, 10, 290, 11);
INSERT INTO ITEMPED VALUES (1702, 31, 266);
INSERT INTO ITEMPED VALUES (1702, 45, 123);
INSERT INTO ITEMPED VALUES (1702, 53, 292);
INSERT INTO ITEMPED VALUES (1702, 77, 302);
INSERT INTO ITEMPED VALUES (1702, 78, 195);
INSERT INTO PEDIDO VALUES (1703, 30, 110, 101);
INSERT INTO ITEMPED VALUES (1703, 13, 150);
INSERT INTO ITEMPED VALUES (1703, 22, 274);
INSERT INTO ITEMPED VALUES (1703, 25, 99);
INSERT INTO ITEMPED VALUES (1703, 31, 285);
INSERT INTO ITEMPED VALUES (1703, 45, 56);
INSERT INTO ITEMPED VALUES (1703, 53, 77);
INSERT INTO PEDIDO VALUES (1704, 20, 830, 11);
INSERT INTO ITEMPED VALUES (1704, 25, 127);
INSERT INTO ITEMPED VALUES (1704, 31, 98);
INSERT INTO ITEMPED VALUES (1704, 45, 229);
INSERT INTO ITEMPED VALUES (1704, 53, 208);
INSERT INTO ITEMPED VALUES (1704, 77, 91);
INSERT INTO PEDIDO VALUES (1705, 45, 410, 310);
INSERT INTO ITEMPED VALUES (1705, 22, 185);
INSERT INTO ITEMPED VALUES (1705, 25, 296);
INSERT INTO ITEMPED VALUES (1705, 31, 281);
INSERT INTO ITEMPED VALUES (1705, 45, 249);
INSERT INTO ITEMPED VALUES (1705, 53, 258);
INSERT INTO ITEMPED VALUES (1705, 77, 32);
INSERT INTO PEDIDO VALUES (1706, 10, 720, 209);
INSERT INTO ITEMPED VALUES (1706, 53, 205);
INSERT INTO ITEMPED VALUES (1706, 77, 234);
INSERT INTO ITEMPED VALUES (1706, 78, 238);
INSERT INTO PEDIDO VALUES (1707, 45, 290, 240);
INSERT INTO ITEMPED VALUES (1707, 22, 58);
INSERT INTO PEDIDO VALUES (1708, 10, 870, 250);
INSERT INTO ITEMPED VALUES (1708, 77, 24);
INSERT INTO ITEMPED VALUES (1708, 78, 21);
INSERT INTO ITEMPED VALUES (1708, 13, 66);
INSERT INTO PEDIDO VALUES (1709, 60, 410, 310);
INSERT INTO ITEMPED VALUES (1709, 25, 285);
INSERT INTO PEDIDO VALUES (1710, 10, 20, 209);
INSERT INTO ITEMPED VALUES (1710, 45, 31);
INSERT INTO ITEMPED VALUES (1710, 53, 149);
INSERT INTO PEDIDO VALUES (1711, 60, 870, 213);
INSERT INTO ITEMPED VALUES (1711, 13, 137);
INSERT INTO ITEMPED VALUES (1711, 22, 49);
INSERT INTO ITEMPED VALUES (1711, 25, 64);
INSERT INTO ITEMPED VALUES (1711, 31, 49);
INSERT INTO ITEMPED VALUES (1711, 45, 40);
INSERT INTO PEDIDO VALUES (1712, 20, 20, 101);
INSERT INTO ITEMPED VALUES (1712, 22, 178);
INSERT INTO ITEMPED VALUES (1712, 25, 10);
INSERT INTO ITEMPED VALUES (1712, 31, 241);
INSERT INTO PEDIDO VALUES (1713, 45, 110, 240);
INSERT INTO ITEMPED VALUES (1713, 53, 150);
INSERT INTO ITEMPED VALUES (1713, 77, 143);
INSERT INTO ITEMPED VALUES (1713, 78, 54);
INSERT INTO ITEMPED VALUES (1713, 13, 290);
INSERT INTO PEDIDO VALUES (1714, 20, 720, 101);
INSERT INTO ITEMPED VALUES (1714, 13, 190);
INSERT INTO ITEMPED VALUES (1714, 22, 24);
INSERT INTO ITEMPED VALUES (1714, 25, 159);
INSERT INTO ITEMPED VALUES (1714, 31, 55);
INSERT INTO ITEMPED VALUES (1714, 45, 281);
INSERT INTO ITEMPED VALUES (1714, 53, 72);
INSERT INTO PEDIDO VALUES (1715, 45, 390, 111);
INSERT INTO ITEMPED VALUES (1715, 53, 111);
INSERT INTO ITEMPED VALUES (1715, 77, 249);
INSERT INTO ITEMPED VALUES (1715, 78, 189);
INSERT INTO ITEMPED VALUES (1715, 13, 66);
INSERT INTO ITEMPED VALUES (1715, 22, 177);
INSERT INTO ITEMPED VALUES (1715, 25, 29);
INSERT INTO PEDIDO VALUES (1716, 60, 720, 101);
INSERT INTO ITEMPED VALUES (1716, 78, 238);
INSERT INTO ITEMPED VALUES (1716, 13, 143);
INSERT INTO PEDIDO VALUES (1717, 20, 20, 209);
INSERT INTO ITEMPED VALUES (1717, 53, 273);
INSERT INTO ITEMPED VALUES (1717, 77, 222);
INSERT INTO PEDIDO VALUES (1718, 60, 180, 101);
INSERT INTO ITEMPED VALUES (1718, 45, 45);
INSERT INTO ITEMPED VALUES (1718, 53, 117);
INSERT INTO PEDIDO VALUES (1719, 10, 20, 250);
INSERT INTO ITEMPED VALUES (1719, 77, 45);
INSERT INTO PEDIDO VALUES (1720, 30, 390, 111);
INSERT INTO ITEMPED VALUES (1720, 22, 166);
INSERT INTO PEDIDO VALUES (1721, 20, 871, 250);
INSERT INTO ITEMPED VALUES (1721, 31, 146);
INSERT INTO PEDIDO VALUES (1722, 10, 870, 720);
INSERT INTO ITEMPED VALUES (1722, 77, 277);
INSERT INTO ITEMPED VALUES (1722, 78, 121);
INSERT INTO PEDIDO VALUES (1723, 60, 260, 209);
INSERT INTO ITEMPED VALUES (1723, 45, 216);
INSERT INTO ITEMPED VALUES (1723, 53, 102);
INSERT INTO PEDIDO VALUES (1724, 45, 410, 101);
INSERT INTO ITEMPED VALUES (1724, 77, 92);
INSERT INTO ITEMPED VALUES (1724, 78, 206);
INSERT INTO ITEMPED VALUES (1724, 13, 221);
INSERT INTO ITEMPED VALUES (1724, 22, 198);
INSERT INTO PEDIDO VALUES (1725, 20, 720, 240);
INSERT INTO ITEMPED VALUES (1725, 31, 80);
INSERT INTO ITEMPED VALUES (1725, 45, 293);
INSERT INTO ITEMPED VALUES (1725, 53, 33);
INSERT INTO ITEMPED VALUES (1725, 77, 135);
INSERT INTO ITEMPED VALUES (1725, 78, 289);
INSERT INTO ITEMPED VALUES (1725, 13, 151);
INSERT INTO PEDIDO VALUES (1726, 10, 180, 310);
INSERT INTO ITEMPED VALUES (1726, 78, 191);
INSERT INTO ITEMPED VALUES (1726, 13, 62);
INSERT INTO ITEMPED VALUES (1726, 22, 108);
INSERT INTO ITEMPED VALUES (1726, 25, 150);
INSERT INTO ITEMPED VALUES (1726, 31, 138);
INSERT INTO PEDIDO VALUES (1727, 20, 830, 250);
INSERT INTO ITEMPED VALUES (1727, 53, 144);
INSERT INTO ITEMPED VALUES (1727, 77, 52);
INSERT INTO ITEMPED VALUES (1727, 78, 27);
INSERT INTO ITEMPED VALUES (1727, 13, 176);
INSERT INTO PEDIDO VALUES (1728, 10, 180, 240);
INSERT INTO ITEMPED VALUES (1728, 25, 81);
INSERT INTO ITEMPED VALUES (1728, 31, 219);
INSERT INTO ITEMPED VALUES (1728, 45, 244);
INSERT INTO ITEMPED VALUES (1728, 53, 302);
INSERT INTO ITEMPED VALUES (1728, 77, 50);
INSERT INTO ITEMPED VALUES (1728, 78, 51);
INSERT INTO PEDIDO VALUES (1729, 20, 390, 209);
INSERT INTO ITEMPED VALUES (1729, 77, 3);
INSERT INTO PEDIDO VALUES (1730, 10, 260, 310);
INSERT INTO ITEMPED VALUES (1730, 53, 181);
INSERT INTO ITEMPED VALUES (1730, 77, 122);
INSERT INTO ITEMPED VALUES (1730, 78, 38);
INSERT INTO PEDIDO VALUES (1731, 60, 180, 101);
INSERT INTO ITEMPED VALUES (1731, 25, 288);
INSERT INTO PEDIDO VALUES (1732, 10, 830, 250);
INSERT INTO ITEMPED VALUES (1732, 53, 31);
INSERT INTO ITEMPED VALUES (1732, 77, 71);
INSERT INTO ITEMPED VALUES (1732, 78, 285);
INSERT INTO ITEMPED VALUES (1732, 13, 153);
INSERT INTO PEDIDO VALUES (1733, 30, 290, 240);
INSERT INTO ITEMPED VALUES (1733, 78, 84);
INSERT INTO ITEMPED VALUES (1733, 13, 9);
INSERT INTO PEDIDO VALUES (1734, 60, 20, 310);
INSERT INTO ITEMPED VALUES (1734, 31, 113);
INSERT INTO PEDIDO VALUES (1735, 20, 720, 209);
INSERT INTO ITEMPED VALUES (1735, 22, 164);
INSERT INTO ITEMPED VALUES (1735, 25, 181);
INSERT INTO ITEMPED VALUES (1735, 31, 158);
INSERT INTO ITEMPED VALUES (1735, 45, 42);
INSERT INTO ITEMPED VALUES (1735, 53, 126);
INSERT INTO PEDIDO VALUES (1736, 10, 20, 240);
INSERT INTO ITEMPED VALUES (1736, 45, 3);
INSERT INTO ITEMPED VALUES (1736, 53, 49);
INSERT INTO ITEMPED VALUES (1736, 77, 232);
INSERT INTO ITEMPED VALUES (1736, 78, 83);
INSERT INTO PEDIDO VALUES (1737, 60, 180, 310);
INSERT INTO ITEMPED VALUES (1737, 22, 40);
INSERT INTO ITEMPED VALUES (1737, 25, 240);
INSERT INTO ITEMPED VALUES (1737, 31, 286);
INSERT INTO ITEMPED VALUES (1737, 45, 149);
INSERT INTO ITEMPED VALUES (1737, 53, 104);
INSERT INTO ITEMPED VALUES (1737, 77, 154);
INSERT INTO PEDIDO VALUES (1738, 45, 110, 111);
INSERT INTO ITEMPED VALUES (1738, 78, 93);
INSERT INTO PEDIDO VALUES (1739, 30, 720, 250);
INSERT INTO ITEMPED VALUES (1739, 22, 221);
INSERT INTO ITEMPED VALUES (1739, 25, 288);
INSERT INTO ITEMPED VALUES (1739, 31, 260);
INSERT INTO ITEMPED VALUES (1739, 45, 7);
INSERT INTO ITEMPED VALUES (1739, 53, 35);
INSERT INTO PEDIDO VALUES (1740, 60, 20, 310);
INSERT INTO ITEMPED VALUES (1740, 25, 106);
INSERT INTO ITEMPED VALUES (1740, 31, 276);
INSERT INTO ITEMPED VALUES (1740, 45, 143);
INSERT INTO ITEMPED VALUES (1740, 53, 83);
INSERT INTO PEDIDO VALUES (1741, 20, 410, 250);
INSERT INTO ITEMPED VALUES (1741, 77, 212);
INSERT INTO ITEMPED VALUES (1741, 78, 284);
INSERT INTO ITEMPED VALUES (1741, 13, 15);
INSERT INTO ITEMPED VALUES (1741, 22, 252);
INSERT INTO ITEMPED VALUES (1741, 25, 39);
INSERT INTO ITEMPED VALUES (1741, 31, 182);
INSERT INTO PEDIDO VALUES (1742, 30, 871, 213);
INSERT INTO ITEMPED VALUES (1742, 78, 199);
INSERT INTO PEDIDO VALUES (1743, 45, 390, 250);
INSERT INTO ITEMPED VALUES (1743, 25, 122);
INSERT INTO ITEMPED VALUES (1743, 31, 175);
INSERT INTO ITEMPED VALUES (1743, 45, 67);
INSERT INTO ITEMPED VALUES (1743, 53, 138);
INSERT INTO PEDIDO VALUES (1744, 60, 110, 11);
INSERT INTO ITEMPED VALUES (1744, 45, 41);
INSERT INTO PEDIDO VALUES (1745, 45, 390, 213);
INSERT INTO ITEMPED VALUES (1745, 53, 139);
INSERT INTO ITEMPED VALUES (1745, 77, 55);
INSERT INTO ITEMPED VALUES (1745, 78, 239);
INSERT INTO ITEMPED VALUES (1745, 13, 88);
INSERT INTO ITEMPED VALUES (1745, 22, 22);
INSERT INTO ITEMPED VALUES (1745, 25, 53);
INSERT INTO PEDIDO VALUES (1746, 60, 870, 111);
INSERT INTO ITEMPED VALUES (1746, 25, 88);
INSERT INTO ITEMPED VALUES (1746, 31, 21);
INSERT INTO ITEMPED VALUES (1746, 45, 218);
INSERT INTO ITEMPED VALUES (1746, 53, 250);
INSERT INTO PEDIDO VALUES (1747, 10, 260, 11);
INSERT INTO ITEMPED VALUES (1747, 78, 251);
INSERT INTO ITEMPED VALUES (1747, 13, 256);
INSERT INTO ITEMPED VALUES (1747, 22, 125);
INSERT INTO ITEMPED VALUES (1747, 25, 109);
INSERT INTO PEDIDO VALUES (1748, 60, 830, 101);
INSERT INTO ITEMPED VALUES (1748, 31, 22);
INSERT INTO ITEMPED VALUES (1748, 45, 289);
INSERT INTO PEDIDO VALUES (1749, 10, 290, 111);
INSERT INTO ITEMPED VALUES (1749, 78, 37);
INSERT INTO ITEMPED VALUES (1749, 13, 97);
INSERT INTO ITEMPED VALUES (1749, 22, 119);
INSERT INTO ITEMPED VALUES (1749, 25, 108);
INSERT INTO ITEMPED VALUES (1749, 31, 121);
INSERT INTO PEDIDO VALUES (1750, 20, 830, 101);
INSERT INTO ITEMPED VALUES (1750, 25, 221);
INSERT INTO ITEMPED VALUES (1750, 31, 15);
INSERT INTO PEDIDO VALUES (1751, 45, 390, 720);
INSERT INTO ITEMPED VALUES (1751, 53, 238);
INSERT INTO PEDIDO VALUES (1752, 10, 410, 101);
INSERT INTO ITEMPED VALUES (1752, 45, 239);
INSERT INTO ITEMPED VALUES (1752, 53, 257);
INSERT INTO ITEMPED VALUES (1752, 77, 26);
INSERT INTO ITEMPED VALUES (1752, 78, 245);
INSERT INTO PEDIDO VALUES (1753, 60, 20, 213);
INSERT INTO ITEMPED VALUES (1753, 78, 284);
INSERT INTO ITEMPED VALUES (1753, 13, 219);
INSERT INTO ITEMPED VALUES (1753, 22, 234);
INSERT INTO ITEMPED VALUES (1753, 25, 104);
INSERT INTO ITEMPED VALUES (1753, 31, 152);
INSERT INTO ITEMPED VALUES (1753, 45, 72);
INSERT INTO PEDIDO VALUES (1754, 20, 110, 720);
INSERT INTO ITEMPED VALUES (1754, 13, 156);
INSERT INTO ITEMPED VALUES (1754, 22, 206);
INSERT INTO PEDIDO VALUES (1755, 45, 871, 310);
INSERT INTO ITEMPED VALUES (1755, 53, 113);
INSERT INTO ITEMPED VALUES (1755, 77, 184);
INSERT INTO ITEMPED VALUES (1755, 78, 247);
INSERT INTO ITEMPED VALUES (1755, 13, 245);
INSERT INTO PEDIDO VALUES (1756, 60, 20, 213);
INSERT INTO ITEMPED VALUES (1756, 45, 278);
INSERT INTO ITEMPED VALUES (1756, 53, 222);
INSERT INTO ITEMPED VALUES (1756, 77, 20);
INSERT INTO ITEMPED VALUES (1756, 78, 159);
INSERT INTO PEDIDO VALUES (1757, 10, 290, 310);
INSERT INTO ITEMPED VALUES (1757, 25, 26);
INSERT INTO ITEMPED VALUES (1757, 31, 264);
INSERT INTO PEDIDO VALUES (1758, 30, 390, 111);
INSERT INTO ITEMPED VALUES (1758, 22, 191);
INSERT INTO ITEMPED VALUES (1758, 25, 34);
INSERT INTO PEDIDO VALUES (1759, 10, 720, 11);
INSERT INTO ITEMPED VALUES (1759, 45, 173);
INSERT INTO ITEMPED VALUES (1759, 53, 39);
INSERT INTO ITEMPED VALUES (1759, 77, 42);
INSERT INTO ITEMPED VALUES (1759, 78, 219);
INSERT INTO PEDIDO VALUES (1760, 45, 260, 111);
INSERT INTO ITEMPED VALUES (1760, 77, 30);
INSERT INTO ITEMPED VALUES (1760, 78, 257);
INSERT INTO ITEMPED VALUES (1760, 13, 213);
INSERT INTO PEDIDO VALUES (1761, 10, 290, 101);
INSERT INTO ITEMPED VALUES (1761, 25, 16);
INSERT INTO PEDIDO VALUES (1762, 45, 830, 240);
INSERT INTO ITEMPED VALUES (1762, 13, 185);
INSERT INTO ITEMPED VALUES (1762, 22, 220);
INSERT INTO ITEMPED VALUES (1762, 25, 68);
INSERT INTO ITEMPED VALUES (1762, 31, 12);
INSERT INTO PEDIDO VALUES (1763, 20, 180, 250);
INSERT INTO ITEMPED VALUES (1763, 45, 261);
INSERT INTO PEDIDO VALUES (1764, 60, 390, 101);
INSERT INTO ITEMPED VALUES (1764, 31, 297);
INSERT INTO PEDIDO VALUES (1765, 10, 720, 213);
INSERT INTO ITEMPED VALUES (1765, 45, 245);
INSERT INTO PEDIDO VALUES (1766, 45, 110, 720);
INSERT INTO ITEMPED VALUES (1766, 25, 174);
INSERT INTO ITEMPED VALUES (1766, 31, 267);
INSERT INTO ITEMPED VALUES (1766, 45, 221);
INSERT INTO PEDIDO VALUES (1767, 20, 290, 111);
INSERT INTO ITEMPED VALUES (1767, 53, 60);
INSERT INTO PEDIDO VALUES (1768, 60, 260, 250);
INSERT INTO ITEMPED VALUES (1768, 45, 166);
INSERT INTO ITEMPED VALUES (1768, 53, 176);
INSERT INTO ITEMPED VALUES (1768, 77, 214);
INSERT INTO ITEMPED VALUES (1768, 78, 168);
INSERT INTO PEDIDO VALUES (1769, 45, 720, 101);
INSERT INTO ITEMPED VALUES (1769, 78, 45);
INSERT INTO PEDIDO VALUES (1770, 30, 871, 209);
INSERT INTO ITEMPED VALUES (1770, 77, 57);
INSERT INTO PEDIDO VALUES (1771, 20, 110, 111);
INSERT INTO ITEMPED VALUES (1771, 31, 225);
INSERT INTO ITEMPED VALUES (1771, 45, 50);
INSERT INTO ITEMPED VALUES (1771, 53, 292);
INSERT INTO ITEMPED VALUES (1771, 77, 186);
INSERT INTO ITEMPED VALUES (1771, 78, 158);
INSERT INTO ITEMPED VALUES (1771, 13, 155);
INSERT INTO PEDIDO VALUES (1772, 30, 720, 101);
INSERT INTO ITEMPED VALUES (1772, 22, 101);
INSERT INTO ITEMPED VALUES (1772, 25, 90);
INSERT INTO ITEMPED VALUES (1772, 31, 196);
INSERT INTO ITEMPED VALUES (1772, 45, 178);
INSERT INTO ITEMPED VALUES (1772, 53, 154);
INSERT INTO ITEMPED VALUES (1772, 77, 159);
INSERT INTO PEDIDO VALUES (1773, 45, 20, 213);
INSERT INTO ITEMPED VALUES (1773, 78, 231);
INSERT INTO ITEMPED VALUES (1773, 13, 250);
INSERT INTO ITEMPED VALUES (1773, 22, 118);
INSERT INTO ITEMPED VALUES (1773, 25, 208);
INSERT INTO PEDIDO VALUES (1774, 60, 180, 111);
INSERT INTO ITEMPED VALUES (1774, 45, 236);
INSERT INTO ITEMPED VALUES (1774, 53, 50);
INSERT INTO ITEMPED VALUES (1774, 77, 132);
INSERT INTO ITEMPED VALUES (1774, 78, 115);
INSERT INTO ITEMPED VALUES (1774, 13, 22);
INSERT INTO ITEMPED VALUES (1774, 22, 157);
INSERT INTO PEDIDO VALUES (1775, 30, 110, 11);
INSERT INTO ITEMPED VALUES (1775, 31, 98);
INSERT INTO ITEMPED VALUES (1775, 45, 240);
INSERT INTO ITEMPED VALUES (1775, 53, 292);
INSERT INTO PEDIDO VALUES (1776, 10, 20, 310);
INSERT INTO ITEMPED VALUES (1776, 53, 152);
INSERT INTO ITEMPED VALUES (1776, 77, 3);
INSERT INTO ITEMPED VALUES (1776, 78, 266);
INSERT INTO ITEMPED VALUES (1776, 13, 157);
INSERT INTO PEDIDO VALUES (1777, 20, 870, 209);
INSERT INTO ITEMPED VALUES (1777, 13, 80);
INSERT INTO ITEMPED VALUES (1777, 22, 272);
INSERT INTO ITEMPED VALUES (1777, 25, 50);
INSERT INTO PEDIDO VALUES (1778, 45, 871, 11);
INSERT INTO ITEMPED VALUES (1778, 25, 163);
INSERT INTO PEDIDO VALUES (1779, 20, 20, 310);
INSERT INTO ITEMPED VALUES (1779, 13, 52);
INSERT INTO PEDIDO VALUES (1780, 30, 290, 209);
INSERT INTO ITEMPED VALUES (1780, 25, 271);
INSERT INTO ITEMPED VALUES (1780, 31, 101);
INSERT INTO ITEMPED VALUES (1780, 45, 95);
INSERT INTO ITEMPED VALUES (1780, 53, 185);
INSERT INTO ITEMPED VALUES (1780, 77, 211);
INSERT INTO PEDIDO VALUES (1781, 10, 110, 240);
INSERT INTO ITEMPED VALUES (1781, 13, 193);
INSERT INTO ITEMPED VALUES (1781, 22, 198);
INSERT INTO ITEMPED VALUES (1781, 25, 159);
INSERT INTO PEDIDO VALUES (1782, 45, 871, 250);
INSERT INTO ITEMPED VALUES (1782, 45, 181);
INSERT INTO ITEMPED VALUES (1782, 53, 141);
INSERT INTO ITEMPED VALUES (1782, 77, 159);
INSERT INTO ITEMPED VALUES (1782, 78, 174);
INSERT INTO ITEMPED VALUES (1782, 13, 172);
INSERT INTO PEDIDO VALUES (1783, 20, 20, 209);
INSERT INTO ITEMPED VALUES (1783, 22, 51);
INSERT INTO ITEMPED VALUES (1783, 25, 149);
INSERT INTO ITEMPED VALUES (1783, 31, 36);
INSERT INTO ITEMPED VALUES (1783, 45, 68);
INSERT INTO PEDIDO VALUES (1784, 60, 390, 310);
INSERT INTO ITEMPED VALUES (1784, 31, 279);
INSERT INTO PEDIDO VALUES (1785, 45, 20, 250);
INSERT INTO ITEMPED VALUES (1785, 13, 294);
INSERT INTO ITEMPED VALUES (1785, 22, 219);
INSERT INTO PEDIDO VALUES (1786, 10, 870, 209);
INSERT INTO ITEMPED VALUES (1786, 22, 293);
INSERT INTO ITEMPED VALUES (1786, 25, 296);
INSERT INTO ITEMPED VALUES (1786, 31, 262);
INSERT INTO PEDIDO VALUES (1787, 30, 260, 250);
INSERT INTO ITEMPED VALUES (1787, 31, 104);
INSERT INTO PEDIDO VALUES (1788, 60, 870, 240);
INSERT INTO ITEMPED VALUES (1788, 25, 176);
INSERT INTO ITEMPED VALUES (1788, 31, 4);
INSERT INTO PEDIDO VALUES (1789, 20, 290, 310);
INSERT INTO ITEMPED VALUES (1789, 78, 217);
INSERT INTO ITEMPED VALUES (1789, 13, 88);
INSERT INTO ITEMPED VALUES (1789, 22, 116);
INSERT INTO ITEMPED VALUES (1789, 25, 151);
INSERT INTO ITEMPED VALUES (1789, 31, 226);
INSERT INTO PEDIDO VALUES (1790, 45, 390, 209);
INSERT INTO ITEMPED VALUES (1790, 25, 240);
INSERT INTO ITEMPED VALUES (1790, 31, 138);
INSERT INTO ITEMPED VALUES (1790, 45, 208);
INSERT INTO PEDIDO VALUES (1791, 60, 870, 213);
INSERT INTO ITEMPED VALUES (1791, 22, 29);
INSERT INTO ITEMPED VALUES (1791, 25, 259);
INSERT INTO ITEMPED VALUES (1791, 31, 22);
INSERT INTO ITEMPED VALUES (1791, 45, 139);
INSERT INTO PEDIDO VALUES (1792, 10, 390, 240);
INSERT INTO ITEMPED VALUES (1792, 78, 48);
INSERT INTO PEDIDO VALUES (1793, 60, 720, 213);
INSERT INTO ITEMPED VALUES (1793, 77, 243);
INSERT INTO ITEMPED VALUES (1793, 78, 21);
INSERT INTO PEDIDO VALUES (1794, 20, 870, 720);
INSERT INTO ITEMPED VALUES (1794, 45, 269);
INSERT INTO ITEMPED VALUES (1794, 53, 294);
INSERT INTO ITEMPED VALUES (1794, 77, 42);
INSERT INTO PEDIDO VALUES (1795, 60, 390, 111);
INSERT INTO ITEMPED VALUES (1795, 13, 21);
INSERT INTO ITEMPED VALUES (1795, 22, 45);
INSERT INTO ITEMPED VALUES (1795, 25, 130);
INSERT INTO ITEMPED VALUES (1795, 31, 43);
INSERT INTO ITEMPED VALUES (1795, 45, 207);
INSERT INTO PEDIDO VALUES (1796, 20, 20, 101);
INSERT INTO ITEMPED VALUES (1796, 53, 131);
INSERT INTO ITEMPED VALUES (1796, 77, 48);
INSERT INTO ITEMPED VALUES (1796, 78, 207);
INSERT INTO ITEMPED VALUES (1796, 13, 274);
INSERT INTO PEDIDO VALUES (1797, 30, 720, 213);
INSERT INTO ITEMPED VALUES (1797, 31, 81);
INSERT INTO ITEMPED VALUES (1797, 45, 68);
INSERT INTO ITEMPED VALUES (1797, 53, 267);
INSERT INTO PEDIDO VALUES (1798, 20, 870, 11);
INSERT INTO ITEMPED VALUES (1798, 25, 160);
INSERT INTO ITEMPED VALUES (1798, 31, 233);
INSERT INTO ITEMPED VALUES (1798, 45, 39);
INSERT INTO ITEMPED VALUES (1798, 53, 261);
INSERT INTO ITEMPED VALUES (1798, 77, 289);
INSERT INTO ITEMPED VALUES (1798, 78, 34);
INSERT INTO PEDIDO VALUES (1799, 30, 871, 240);
INSERT INTO ITEMPED VALUES (1799, 22, 224);
INSERT INTO ITEMPED VALUES (1799, 25, 145);
INSERT INTO ITEMPED VALUES (1799, 31, 269);
INSERT INTO ITEMPED VALUES (1799, 45, 50);
INSERT INTO ITEMPED VALUES (1799, 53, 131);
INSERT INTO PEDIDO VALUES (1800, 60, 260, 213);
INSERT INTO ITEMPED VALUES (1800, 45, 75);
INSERT INTO ITEMPED VALUES (1800, 53, 91);
INSERT INTO ITEMPED VALUES (1800, 77, 33);
INSERT INTO ITEMPED VALUES (1800, 78, 103);
INSERT INTO PEDIDO VALUES (1801, 30, 720, 240);
INSERT INTO ITEMPED VALUES (1801, 25, 227);
INSERT INTO ITEMPED VALUES (1801, 31, 46);
INSERT INTO ITEMPED VALUES (1801, 45, 171);
INSERT INTO ITEMPED VALUES (1801, 53, 278);
INSERT INTO ITEMPED VALUES (1801, 77, 234);
INSERT INTO ITEMPED VALUES (1801, 78, 201);
INSERT INTO PEDIDO VALUES (1802, 10, 290, 11);
INSERT INTO ITEMPED VALUES (1802, 45, 220);
INSERT INTO PEDIDO VALUES (1803, 60, 110, 250);
INSERT INTO ITEMPED VALUES (1803, 13, 142);
INSERT INTO ITEMPED VALUES (1803, 22, 3);
INSERT INTO ITEMPED VALUES (1803, 25, 244);
INSERT INTO ITEMPED VALUES (1803, 31, 9);
INSERT INTO PEDIDO VALUES (1804, 45, 20, 101);
INSERT INTO ITEMPED VALUES (1804, 22, 294);
INSERT INTO ITEMPED VALUES (1804, 25, 212);
INSERT INTO PEDIDO VALUES (1805, 10, 180, 720);
INSERT INTO ITEMPED VALUES (1805, 53, 228);
INSERT INTO ITEMPED VALUES (1805, 77, 44);
INSERT INTO ITEMPED VALUES (1805, 78, 266);
INSERT INTO ITEMPED VALUES (1805, 13, 292);
INSERT INTO ITEMPED VALUES (1805, 22, 180);
INSERT INTO ITEMPED VALUES (1805, 25, 259);
INSERT INTO PEDIDO VALUES (1806, 30, 390, 310);
INSERT INTO ITEMPED VALUES (1806, 13, 151);
INSERT INTO ITEMPED VALUES (1806, 22, 78);
INSERT INTO ITEMPED VALUES (1806, 25, 24);
INSERT INTO ITEMPED VALUES (1806, 31, 136);
INSERT INTO ITEMPED VALUES (1806, 45, 213);
INSERT INTO ITEMPED VALUES (1806, 53, 230);
INSERT INTO PEDIDO VALUES (1807, 10, 290, 209);
INSERT INTO ITEMPED VALUES (1807, 78, 258);
INSERT INTO PEDIDO VALUES (1808, 60, 870, 720);
INSERT INTO ITEMPED VALUES (1808, 22, 12);
INSERT INTO ITEMPED VALUES (1808, 25, 68);
INSERT INTO PEDIDO VALUES (1809, 45, 180, 213);
INSERT INTO ITEMPED VALUES (1809, 31, 44);
INSERT INTO ITEMPED VALUES (1809, 45, 286);
INSERT INTO ITEMPED VALUES (1809, 53, 295);
INSERT INTO ITEMPED VALUES (1809, 77, 293);
INSERT INTO ITEMPED VALUES (1809, 78, 227);
INSERT INTO ITEMPED VALUES (1809, 13, 222);
INSERT INTO PEDIDO VALUES (1810, 30, 260, 310);
INSERT INTO ITEMPED VALUES (1810, 22, 289);
INSERT INTO ITEMPED VALUES (1810, 25, 290);
INSERT INTO ITEMPED VALUES (1810, 31, 118);
INSERT INTO ITEMPED VALUES (1810, 45, 144);
INSERT INTO ITEMPED VALUES (1810, 53, 38);
INSERT INTO ITEMPED VALUES (1810, 77, 153);
INSERT INTO PEDIDO VALUES (1811, 20, 110, 213);
INSERT INTO ITEMPED VALUES (1811, 78, 167);
INSERT INTO ITEMPED VALUES (1811, 13, 132);
INSERT INTO ITEMPED VALUES (1811, 22, 173);
INSERT INTO ITEMPED VALUES (1811, 25, 113);
INSERT INTO ITEMPED VALUES (1811, 31, 264);
INSERT INTO PEDIDO VALUES (1812, 30, 410, 240);
INSERT INTO ITEMPED VALUES (1812, 45, 229);
INSERT INTO ITEMPED VALUES (1812, 53, 224);
INSERT INTO ITEMPED VALUES (1812, 77, 251);
INSERT INTO ITEMPED VALUES (1812, 78, 241);
INSERT INTO PEDIDO VALUES (1813, 10, 180, 101);
INSERT INTO ITEMPED VALUES (1813, 77, 28);
INSERT INTO ITEMPED VALUES (1813, 78, 256);
INSERT INTO ITEMPED VALUES (1813, 13, 25);
INSERT INTO ITEMPED VALUES (1813, 22, 292);
INSERT INTO PEDIDO VALUES (1814, 60, 260, 310);
INSERT INTO ITEMPED VALUES (1814, 31, 14);
INSERT INTO ITEMPED VALUES (1814, 45, 225);
INSERT INTO ITEMPED VALUES (1814, 53, 266);
INSERT INTO PEDIDO VALUES (1815, 20, 830, 111);
INSERT INTO ITEMPED VALUES (1815, 78, 294);
INSERT INTO ITEMPED VALUES (1815, 13, 243);
INSERT INTO ITEMPED VALUES (1815, 22, 222);
INSERT INTO ITEMPED VALUES (1815, 25, 244);
INSERT INTO PEDIDO VALUES (1816, 45, 260, 11);
INSERT INTO ITEMPED VALUES (1816, 22, 143);
INSERT INTO ITEMPED VALUES (1816, 25, 4);
INSERT INTO ITEMPED VALUES (1816, 31, 300);
INSERT INTO PEDIDO VALUES (1817, 60, 871, 209);
INSERT INTO ITEMPED VALUES (1817, 13, 205);
INSERT INTO ITEMPED VALUES (1817, 22, 69);
INSERT INTO ITEMPED VALUES (1817, 25, 290);
INSERT INTO PEDIDO VALUES (1818, 45, 720, 101);
INSERT INTO ITEMPED VALUES (1818, 53, 251);
INSERT INTO ITEMPED VALUES (1818, 77, 265);
INSERT INTO PEDIDO VALUES (1819, 10, 290, 111);
INSERT INTO ITEMPED VALUES (1819, 78, 274);
INSERT INTO ITEMPED VALUES (1819, 13, 93);
INSERT INTO PEDIDO VALUES (1820, 60, 410, 240);
INSERT INTO ITEMPED VALUES (1820, 25, 128);
INSERT INTO PEDIDO VALUES (1821, 30, 290, 250);
INSERT INTO ITEMPED VALUES (1821, 13, 190);
INSERT INTO PEDIDO VALUES (1822, 45, 390, 209);
INSERT INTO ITEMPED VALUES (1822, 53, 161);
INSERT INTO ITEMPED VALUES (1822, 77, 281);
INSERT INTO PEDIDO VALUES (1823, 60, 110, 240);
INSERT INTO ITEMPED VALUES (1823, 31, 159);
INSERT INTO ITEMPED VALUES (1823, 45, 144);
INSERT INTO ITEMPED VALUES (1823, 53, 96);
INSERT INTO PEDIDO VALUES (1824, 10, 830, 213);
INSERT INTO ITEMPED VALUES (1824, 22, 97);
INSERT INTO ITEMPED VALUES (1824, 25, 58);
INSERT INTO ITEMPED VALUES (1824, 31, 40);
INSERT INTO ITEMPED VALUES (1824, 45, 262);
INSERT INTO ITEMPED VALUES (1824, 53, 183);
INSERT INTO ITEMPED VALUES (1824, 77, 115);
INSERT INTO PEDIDO VALUES (1825, 45, 870, 111);
INSERT INTO ITEMPED VALUES (1825, 45, 77);
INSERT INTO ITEMPED VALUES (1825, 53, 172);
INSERT INTO ITEMPED VALUES (1825, 77, 76);
INSERT INTO PEDIDO VALUES (1826, 10, 260, 11);
INSERT INTO ITEMPED VALUES (1826, 31, 101);
INSERT INTO ITEMPED VALUES (1826, 45, 139);
INSERT INTO ITEMPED VALUES (1826, 53, 139);
INSERT INTO ITEMPED VALUES (1826, 77, 97);
INSERT INTO PEDIDO VALUES (1827, 60, 180, 111);
INSERT INTO ITEMPED VALUES (1827, 13, 278);
INSERT INTO ITEMPED VALUES (1827, 22, 122);
INSERT INTO ITEMPED VALUES (1827, 25, 144);
INSERT INTO ITEMPED VALUES (1827, 31, 189);
INSERT INTO PEDIDO VALUES (1828, 20, 830, 720);
INSERT INTO ITEMPED VALUES (1828, 77, 39);
INSERT INTO PEDIDO VALUES (1829, 60, 410, 250);
INSERT INTO ITEMPED VALUES (1829, 22, 38);
INSERT INTO ITEMPED VALUES (1829, 25, 32);
INSERT INTO ITEMPED VALUES (1829, 31, 286);
INSERT INTO ITEMPED VALUES (1829, 45, 185);
INSERT INTO ITEMPED VALUES (1829, 53, 275);
INSERT INTO ITEMPED VALUES (1829, 77, 298);
INSERT INTO PEDIDO VALUES (1830, 20, 870, 240);
INSERT INTO ITEMPED VALUES (1830, 31, 236);
INSERT INTO ITEMPED VALUES (1830, 45, 3);
INSERT INTO PEDIDO VALUES (1831, 45, 720, 250);
INSERT INTO ITEMPED VALUES (1831, 77, 266);
INSERT INTO ITEMPED VALUES (1831, 78, 166);
INSERT INTO PEDIDO VALUES (1832, 20, 110, 11);
INSERT INTO ITEMPED VALUES (1832, 22, 295);
INSERT INTO ITEMPED VALUES (1832, 25, 261);
INSERT INTO ITEMPED VALUES (1832, 31, 28);
INSERT INTO ITEMPED VALUES (1832, 45, 236);
INSERT INTO ITEMPED VALUES (1832, 53, 260);
INSERT INTO ITEMPED VALUES (1832, 77, 169);
INSERT INTO PEDIDO VALUES (1833, 10, 410, 250);
INSERT INTO ITEMPED VALUES (1833, 25, 133);
INSERT INTO ITEMPED VALUES (1833, 31, 279);
INSERT INTO ITEMPED VALUES (1833, 45, 243);
INSERT INTO ITEMPED VALUES (1833, 53, 246);
INSERT INTO ITEMPED VALUES (1833, 77, 283);
INSERT INTO ITEMPED VALUES (1833, 78, 18);
INSERT INTO PEDIDO VALUES (1834, 20, 110, 11);
INSERT INTO ITEMPED VALUES (1834, 13, 283);
INSERT INTO ITEMPED VALUES (1834, 22, 45);
INSERT INTO ITEMPED VALUES (1834, 25, 145);
INSERT INTO PEDIDO VALUES (1835, 45, 720, 720);
INSERT INTO ITEMPED VALUES (1835, 53, 75);
INSERT INTO ITEMPED VALUES (1835, 77, 142);
INSERT INTO PEDIDO VALUES (1836, 30, 870, 111);
INSERT INTO ITEMPED VALUES (1836, 22, 15);
INSERT INTO PEDIDO VALUES (1837, 20, 20, 101);
INSERT INTO ITEMPED VALUES (1837, 78, 162);
INSERT INTO ITEMPED VALUES (1837, 13, 242);
INSERT INTO ITEMPED VALUES (1837, 22, 66);
INSERT INTO ITEMPED VALUES (1837, 25, 178);
INSERT INTO ITEMPED VALUES (1837, 31, 201);
INSERT INTO PEDIDO VALUES (1838, 45, 870, 310);
INSERT INTO ITEMPED VALUES (1838, 45, 160);
INSERT INTO PEDIDO VALUES (1839, 20, 290, 213);
INSERT INTO ITEMPED VALUES (1839, 53, 254);
INSERT INTO ITEMPED VALUES (1839, 77, 224);
INSERT INTO PEDIDO VALUES (1840, 10, 20, 720);
INSERT INTO ITEMPED VALUES (1840, 78, 293);
INSERT INTO PEDIDO VALUES (1841, 60, 180, 250);
INSERT INTO ITEMPED VALUES (1841, 53, 41);
INSERT INTO ITEMPED VALUES (1841, 77, 93);
INSERT INTO ITEMPED VALUES (1841, 78, 116);
INSERT INTO PEDIDO VALUES (1842, 45, 830, 209);
INSERT INTO ITEMPED VALUES (1842, 45, 128);
INSERT INTO ITEMPED VALUES (1842, 53, 267);
INSERT INTO ITEMPED VALUES (1842, 77, 124);
INSERT INTO ITEMPED VALUES (1842, 78, 244);
INSERT INTO ITEMPED VALUES (1842, 13, 196);
INSERT INTO PEDIDO VALUES (1843, 10, 180, 213);
INSERT INTO ITEMPED VALUES (1843, 25, 179);
INSERT INTO ITEMPED VALUES (1843, 31, 21);
INSERT INTO ITEMPED VALUES (1843, 45, 139);
INSERT INTO ITEMPED VALUES (1843, 53, 36);
INSERT INTO ITEMPED VALUES (1843, 77, 138);
INSERT INTO PEDIDO VALUES (1844, 45, 871, 250);
INSERT INTO ITEMPED VALUES (1844, 22, 127);
INSERT INTO ITEMPED VALUES (1844, 25, 48);
INSERT INTO ITEMPED VALUES (1844, 31, 170);
INSERT INTO ITEMPED VALUES (1844, 45, 198);
INSERT INTO ITEMPED VALUES (1844, 53, 119);
INSERT INTO PEDIDO VALUES (1845, 10, 870, 240);
INSERT INTO ITEMPED VALUES (1845, 78, 264);
INSERT INTO ITEMPED VALUES (1845, 13, 264);
INSERT INTO PEDIDO VALUES (1846, 20, 290, 310);
INSERT INTO ITEMPED VALUES (1846, 77, 172);
INSERT INTO PEDIDO VALUES (1847, 30, 260, 213);
INSERT INTO ITEMPED VALUES (1847, 13, 239);
INSERT INTO ITEMPED VALUES (1847, 22, 11);
INSERT INTO ITEMPED VALUES (1847, 25, 179);
INSERT INTO PEDIDO VALUES (1848, 10, 410, 720);
INSERT INTO ITEMPED VALUES (1848, 53, 187);
INSERT INTO ITEMPED VALUES (1848, 77, 111);
INSERT INTO ITEMPED VALUES (1848, 78, 139);
INSERT INTO PEDIDO VALUES (1849, 60, 110, 11);
INSERT INTO ITEMPED VALUES (1849, 45, 154);
INSERT INTO ITEMPED VALUES (1849, 53, 123);
INSERT INTO ITEMPED VALUES (1849, 77, 129);
INSERT INTO ITEMPED VALUES (1849, 78, 76);
INSERT INTO ITEMPED VALUES (1849, 13, 165);
INSERT INTO PEDIDO VALUES (1850, 45, 390, 101);
INSERT INTO ITEMPED VALUES (1850, 25, 181);
INSERT INTO ITEMPED VALUES (1850, 31, 172);
INSERT INTO ITEMPED VALUES (1850, 45, 174);
INSERT INTO ITEMPED VALUES (1850, 53, 76);
INSERT INTO ITEMPED VALUES (1850, 77, 281);
INSERT INTO PEDIDO VALUES (1851, 30, 110, 250);
INSERT INTO ITEMPED VALUES (1851, 31, 107);
INSERT INTO ITEMPED VALUES (1851, 45, 30);
INSERT INTO PEDIDO VALUES (1852, 60, 410, 111);
INSERT INTO ITEMPED VALUES (1852, 25, 69);
INSERT INTO PEDIDO VALUES (1853, 10, 110, 213);
INSERT INTO ITEMPED VALUES (1853, 22, 149);
INSERT INTO ITEMPED VALUES (1853, 25, 260);
INSERT INTO PEDIDO VALUES (1854, 60, 260, 11);
INSERT INTO ITEMPED VALUES (1854, 45, 252);
INSERT INTO ITEMPED VALUES (1854, 53, 117);
INSERT INTO ITEMPED VALUES (1854, 77, 243);
INSERT INTO ITEMPED VALUES (1854, 78, 39);
INSERT INTO ITEMPED VALUES (1854, 13, 257);
INSERT INTO PEDIDO VALUES (1855, 45, 290, 209);
INSERT INTO ITEMPED VALUES (1855, 78, 95);
INSERT INTO ITEMPED VALUES (1855, 13, 78);
INSERT INTO ITEMPED VALUES (1855, 22, 131);
INSERT INTO ITEMPED VALUES (1855, 25, 184);
INSERT INTO ITEMPED VALUES (1855, 31, 50);
INSERT INTO PEDIDO VALUES (1856, 60, 870, 310);
INSERT INTO ITEMPED VALUES (1856, 53, 127);
INSERT INTO ITEMPED VALUES (1856, 77, 110);
INSERT INTO ITEMPED VALUES (1856, 78, 143);
INSERT INTO ITEMPED VALUES (1856, 13, 90);
INSERT INTO ITEMPED VALUES (1856, 22, 275);
INSERT INTO ITEMPED VALUES (1856, 25, 295);
INSERT INTO PEDIDO VALUES (1857, 45, 830, 209);
INSERT INTO ITEMPED VALUES (1857, 31, 160);
INSERT INTO ITEMPED VALUES (1857, 45, 51);
INSERT INTO ITEMPED VALUES (1857, 53, 88);
INSERT INTO ITEMPED VALUES (1857, 77, 154);
INSERT INTO ITEMPED VALUES (1857, 78, 106);
INSERT INTO PEDIDO VALUES (1858, 20, 720, 720);
INSERT INTO ITEMPED VALUES (1858, 77, 269);
INSERT INTO ITEMPED VALUES (1858, 78, 245);
INSERT INTO ITEMPED VALUES (1858, 13, 117);
INSERT INTO PEDIDO VALUES (1859, 10, 870, 111);
INSERT INTO ITEMPED VALUES (1859, 78, 216);
INSERT INTO ITEMPED VALUES (1859, 13, 138);
INSERT INTO ITEMPED VALUES (1859, 22, 35);
INSERT INTO PEDIDO VALUES (1860, 20, 871, 101);
INSERT INTO ITEMPED VALUES (1860, 45, 73);
INSERT INTO ITEMPED VALUES (1860, 53, 107);
INSERT INTO ITEMPED VALUES (1860, 77, 77);
INSERT INTO ITEMPED VALUES (1860, 78, 11);
INSERT INTO ITEMPED VALUES (1860, 13, 171);
INSERT INTO ITEMPED VALUES (1860, 22, 127);
INSERT INTO PEDIDO VALUES (1861, 45, 290, 250);
INSERT INTO ITEMPED VALUES (1861, 31, 268);
INSERT INTO ITEMPED VALUES (1861, 45, 176);
INSERT INTO ITEMPED VALUES (1861, 53, 84);
INSERT INTO PEDIDO VALUES (1862, 60, 390, 11);
INSERT INTO ITEMPED VALUES (1862, 53, 74);
INSERT INTO ITEMPED VALUES (1862, 77, 29);
INSERT INTO ITEMPED VALUES (1862, 78, 158);
INSERT INTO ITEMPED VALUES (1862, 13, 187);
INSERT INTO ITEMPED VALUES (1862, 22, 281);
INSERT INTO ITEMPED VALUES (1862, 25, 4);
INSERT INTO PEDIDO VALUES (1863, 45, 870, 101);
INSERT INTO ITEMPED VALUES (1863, 13, 157);
INSERT INTO ITEMPED VALUES (1863, 22, 178);
INSERT INTO ITEMPED VALUES (1863, 25, 249);
INSERT INTO ITEMPED VALUES (1863, 31, 18);
INSERT INTO ITEMPED VALUES (1863, 45, 37);
INSERT INTO ITEMPED VALUES (1863, 53, 181);
INSERT INTO PEDIDO VALUES (1864, 10, 180, 111);
INSERT INTO ITEMPED VALUES (1864, 77, 274);
INSERT INTO ITEMPED VALUES (1864, 78, 254);
INSERT INTO ITEMPED VALUES (1864, 13, 267);
INSERT INTO PEDIDO VALUES (1865, 45, 720, 720);
INSERT INTO ITEMPED VALUES (1865, 13, 165);
INSERT INTO ITEMPED VALUES (1865, 22, 189);
INSERT INTO ITEMPED VALUES (1865, 25, 9);
INSERT INTO ITEMPED VALUES (1865, 31, 43);
INSERT INTO ITEMPED VALUES (1865, 45, 171);
INSERT INTO ITEMPED VALUES (1865, 53, 137);
INSERT INTO PEDIDO VALUES (1866, 20, 20, 213);
INSERT INTO ITEMPED VALUES (1866, 31, 242);
INSERT INTO PEDIDO VALUES (1867, 10, 290, 310);
INSERT INTO ITEMPED VALUES (1867, 77, 49);
INSERT INTO ITEMPED VALUES (1867, 78, 27);
INSERT INTO PEDIDO VALUES (1868, 45, 390, 213);
INSERT INTO ITEMPED VALUES (1868, 31, 144);
INSERT INTO ITEMPED VALUES (1868, 45, 124);
INSERT INTO ITEMPED VALUES (1868, 53, 157);
INSERT INTO ITEMPED VALUES (1868, 77, 216);
INSERT INTO PEDIDO VALUES (1869, 20, 830, 111);
INSERT INTO ITEMPED VALUES (1869, 53, 62);
INSERT INTO ITEMPED VALUES (1869, 77, 178);
INSERT INTO ITEMPED VALUES (1869, 78, 197);
INSERT INTO ITEMPED VALUES (1869, 13, 158);
INSERT INTO PEDIDO VALUES (1870, 30, 180, 101);
INSERT INTO ITEMPED VALUES (1870, 22, 170);
INSERT INTO ITEMPED VALUES (1870, 25, 292);
INSERT INTO ITEMPED VALUES (1870, 31, 184);
INSERT INTO ITEMPED VALUES (1870, 45, 165);
INSERT INTO ITEMPED VALUES (1870, 53, 174);
INSERT INTO PEDIDO VALUES (1871, 45, 870, 111);
INSERT INTO ITEMPED VALUES (1871, 31, 116);
INSERT INTO ITEMPED VALUES (1871, 45, 144);
INSERT INTO ITEMPED VALUES (1871, 53, 198);
INSERT INTO ITEMPED VALUES (1871, 77, 42);
INSERT INTO PEDIDO VALUES (1872, 60, 830, 240);
INSERT INTO ITEMPED VALUES (1872, 77, 174);
INSERT INTO ITEMPED VALUES (1872, 78, 251);
INSERT INTO PEDIDO VALUES (1873, 30, 290, 11);
INSERT INTO ITEMPED VALUES (1873, 25, 39);
INSERT INTO ITEMPED VALUES (1873, 31, 151);
INSERT INTO ITEMPED VALUES (1873, 45, 119);
INSERT INTO ITEMPED VALUES (1873, 53, 105);
INSERT INTO PEDIDO VALUES (1874, 10, 260, 213);
INSERT INTO ITEMPED VALUES (1874, 78, 54);
INSERT INTO ITEMPED VALUES (1874, 13, 270);
INSERT INTO ITEMPED VALUES (1874, 22, 24);
INSERT INTO ITEMPED VALUES (1874, 25, 206);
INSERT INTO ITEMPED VALUES (1874, 31, 37);
INSERT INTO PEDIDO VALUES (1875, 30, 870, 209);
INSERT INTO ITEMPED VALUES (1875, 77, 21);
INSERT INTO ITEMPED VALUES (1875, 78, 124);
INSERT INTO ITEMPED VALUES (1875, 13, 81);
INSERT INTO PEDIDO VALUES (1876, 45, 410, 310);
INSERT INTO ITEMPED VALUES (1876, 78, 146);
INSERT INTO ITEMPED VALUES (1876, 13, 134);
INSERT INTO PEDIDO VALUES (1877, 30, 180, 240);
INSERT INTO ITEMPED VALUES (1877, 25, 120);
INSERT INTO ITEMPED VALUES (1877, 31, 45);
INSERT INTO ITEMPED VALUES (1877, 45, 134);
INSERT INTO PEDIDO VALUES (1878, 10, 830, 209);
INSERT INTO ITEMPED VALUES (1878, 13, 153);
INSERT INTO ITEMPED VALUES (1878, 22, 150);
INSERT INTO ITEMPED VALUES (1878, 25, 260);
INSERT INTO ITEMPED VALUES (1878, 31, 109);
INSERT INTO ITEMPED VALUES (1878, 45, 229);
INSERT INTO ITEMPED VALUES (1878, 53, 255);
INSERT INTO PEDIDO VALUES (1879, 45, 871, 310);
INSERT INTO ITEMPED VALUES (1879, 25, 202);
INSERT INTO ITEMPED VALUES (1879, 31, 294);
INSERT INTO ITEMPED VALUES (1879, 45, 54);
INSERT INTO PEDIDO VALUES (1880, 20, 410, 720);
INSERT INTO ITEMPED VALUES (1880, 77, 84);
INSERT INTO ITEMPED VALUES (1880, 78, 73);
INSERT INTO ITEMPED VALUES (1880, 13, 24);
INSERT INTO PEDIDO VALUES (1881, 30, 720, 11);
INSERT INTO ITEMPED VALUES (1881, 45, 41);
INSERT INTO ITEMPED VALUES (1881, 53, 276);
INSERT INTO ITEMPED VALUES (1881, 77, 95);
INSERT INTO ITEMPED VALUES (1881, 78, 56);
INSERT INTO ITEMPED VALUES (1881, 13, 290);
INSERT INTO PEDIDO VALUES (1882, 10, 871, 213);
INSERT INTO ITEMPED VALUES (1882, 25, 74);
INSERT INTO ITEMPED VALUES (1882, 31, 140);
INSERT INTO ITEMPED VALUES (1882, 45, 142);
INSERT INTO ITEMPED VALUES (1882, 53, 223);
INSERT INTO PEDIDO VALUES (1883, 60, 180, 250);
INSERT INTO ITEMPED VALUES (1883, 77, 43);
INSERT INTO ITEMPED VALUES (1883, 78, 64);
INSERT INTO ITEMPED VALUES (1883, 13, 33);
INSERT INTO PEDIDO VALUES (1884, 20, 260, 310);
INSERT INTO ITEMPED VALUES (1884, 78, 121);
INSERT INTO ITEMPED VALUES (1884, 13, 254);
INSERT INTO ITEMPED VALUES (1884, 22, 284);
INSERT INTO PEDIDO VALUES (1885, 10, 720, 240);
INSERT INTO ITEMPED VALUES (1885, 22, 18);
INSERT INTO ITEMPED VALUES (1885, 25, 220);
INSERT INTO ITEMPED VALUES (1885, 31, 151);
INSERT INTO ITEMPED VALUES (1885, 45, 222);
INSERT INTO ITEMPED VALUES (1885, 53, 65);
INSERT INTO ITEMPED VALUES (1885, 77, 232);
INSERT INTO PEDIDO VALUES (1886, 20, 390, 209);
INSERT INTO ITEMPED VALUES (1886, 77, 120);
INSERT INTO ITEMPED VALUES (1886, 78, 168);
INSERT INTO ITEMPED VALUES (1886, 13, 88);
INSERT INTO ITEMPED VALUES (1886, 22, 117);
INSERT INTO ITEMPED VALUES (1886, 25, 34);
INSERT INTO PEDIDO VALUES (1887, 45, 260, 111);
INSERT INTO ITEMPED VALUES (1887, 31, 229);
INSERT INTO PEDIDO VALUES (1888, 20, 870, 11);
INSERT INTO ITEMPED VALUES (1888, 45, 71);
INSERT INTO ITEMPED VALUES (1888, 53, 240);
INSERT INTO ITEMPED VALUES (1888, 77, 240);
INSERT INTO PEDIDO VALUES (1889, 30, 260, 209);
INSERT INTO ITEMPED VALUES (1889, 13, 63);
INSERT INTO ITEMPED VALUES (1889, 22, 3);
INSERT INTO ITEMPED VALUES (1889, 25, 124);
INSERT INTO PEDIDO VALUES (1890, 45, 720, 720);
INSERT INTO ITEMPED VALUES (1890, 22, 14);
INSERT INTO ITEMPED VALUES (1890, 25, 290);
INSERT INTO ITEMPED VALUES (1890, 31, 28);
INSERT INTO PEDIDO VALUES (1891, 20, 870, 11);
INSERT INTO ITEMPED VALUES (1891, 45, 240);
INSERT INTO ITEMPED VALUES (1891, 53, 293);
INSERT INTO ITEMPED VALUES (1891, 77, 244);
INSERT INTO PEDIDO VALUES (1892, 10, 830, 213);
INSERT INTO ITEMPED VALUES (1892, 31, 70);
INSERT INTO ITEMPED VALUES (1892, 45, 55);
INSERT INTO ITEMPED VALUES (1892, 53, 282);
INSERT INTO ITEMPED VALUES (1892, 77, 157);
INSERT INTO ITEMPED VALUES (1892, 78, 43);
INSERT INTO PEDIDO VALUES (1893, 20, 260, 250);
INSERT INTO ITEMPED VALUES (1893, 53, 53);
INSERT INTO ITEMPED VALUES (1893, 77, 268);
INSERT INTO ITEMPED VALUES (1893, 78, 188);
INSERT INTO PEDIDO VALUES (1894, 30, 720, 11);
INSERT INTO ITEMPED VALUES (1894, 22, 285);
INSERT INTO ITEMPED VALUES (1894, 25, 230);
INSERT INTO ITEMPED VALUES (1894, 31, 242);
INSERT INTO PEDIDO VALUES (1895, 45, 870, 250);
INSERT INTO ITEMPED VALUES (1895, 31, 183);
INSERT INTO ITEMPED VALUES (1895, 45, 249);
INSERT INTO PEDIDO VALUES (1896, 30, 871, 240);
INSERT INTO ITEMPED VALUES (1896, 22, 70);
INSERT INTO ITEMPED VALUES (1896, 25, 246);
INSERT INTO ITEMPED VALUES (1896, 31, 166);
INSERT INTO ITEMPED VALUES (1896, 45, 131);
INSERT INTO ITEMPED VALUES (1896, 53, 17);
INSERT INTO PEDIDO VALUES (1897, 10, 260, 209);
INSERT INTO ITEMPED VALUES (1897, 53, 296);
INSERT INTO ITEMPED VALUES (1897, 77, 147);
INSERT INTO ITEMPED VALUES (1897, 78, 118);
INSERT INTO ITEMPED VALUES (1897, 13, 127);
INSERT INTO PEDIDO VALUES (1898, 60, 830, 111);
INSERT INTO ITEMPED VALUES (1898, 25, 262);
INSERT INTO ITEMPED VALUES (1898, 31, 100);
INSERT INTO ITEMPED VALUES (1898, 45, 22);
INSERT INTO ITEMPED VALUES (1898, 53, 203);
INSERT INTO ITEMPED VALUES (1898, 77, 45);
INSERT INTO PEDIDO VALUES (1899, 45, 180, 101);
INSERT INTO ITEMPED VALUES (1899, 22, 248);
INSERT INTO ITEMPED VALUES (1899, 25, 233);
INSERT INTO ITEMPED VALUES (1899, 31, 154);
INSERT INTO ITEMPED VALUES (1899, 45, 68);
INSERT INTO PEDIDO VALUES (1900, 10, 830, 250);
INSERT INTO ITEMPED VALUES (1900, 31, 91);
INSERT INTO ITEMPED VALUES (1900, 45, 291);
INSERT INTO ITEMPED VALUES (1900, 53, 36);
INSERT INTO ITEMPED VALUES (1900, 77, 203);
INSERT INTO ITEMPED VALUES (1900, 78, 47);
INSERT INTO ITEMPED VALUES (1900, 13, 231);
INSERT INTO PEDIDO VALUES (1901, 60, 290, 213);
INSERT INTO ITEMPED VALUES (1901, 53, 6);
INSERT INTO ITEMPED VALUES (1901, 77, 40);
INSERT INTO ITEMPED VALUES (1901, 78, 50);
INSERT INTO ITEMPED VALUES (1901, 13, 140);
INSERT INTO ITEMPED VALUES (1901, 22, 215);
INSERT INTO ITEMPED VALUES (1901, 25, 91);
INSERT INTO PEDIDO VALUES (1902, 10, 720, 240);
INSERT INTO ITEMPED VALUES (1902, 77, 235);
INSERT INTO ITEMPED VALUES (1902, 78, 276);
INSERT INTO PEDIDO VALUES (1903, 30, 180, 310);
INSERT INTO ITEMPED VALUES (1903, 13, 17);
INSERT INTO ITEMPED VALUES (1903, 22, 274);
INSERT INTO ITEMPED VALUES (1903, 25, 80);
INSERT INTO ITEMPED VALUES (1903, 31, 12);
INSERT INTO ITEMPED VALUES (1903, 45, 207);
INSERT INTO PEDIDO VALUES (1904, 20, 20, 111);
INSERT INTO ITEMPED VALUES (1904, 31, 262);
INSERT INTO PEDIDO VALUES (1905, 10, 830, 11);
INSERT INTO ITEMPED VALUES (1905, 45, 252);
INSERT INTO ITEMPED VALUES (1905, 53, 216);
INSERT INTO ITEMPED VALUES (1905, 77, 172);
INSERT INTO ITEMPED VALUES (1905, 78, 288);
INSERT INTO ITEMPED VALUES (1905, 13, 184);
INSERT INTO PEDIDO VALUES (1906, 20, 870, 310);
INSERT INTO ITEMPED VALUES (1906, 77, 242);
INSERT INTO ITEMPED VALUES (1906, 78, 57);
INSERT INTO ITEMPED VALUES (1906, 13, 241);
INSERT INTO ITEMPED VALUES (1906, 22, 152);
INSERT INTO PEDIDO VALUES (1907, 60, 390, 101);
INSERT INTO ITEMPED VALUES (1907, 22, 276);
INSERT INTO ITEMPED VALUES (1907, 25, 213);
INSERT INTO ITEMPED VALUES (1907, 31, 164);
INSERT INTO ITEMPED VALUES (1907, 45, 159);
INSERT INTO ITEMPED VALUES (1907, 53, 73);
INSERT INTO PEDIDO VALUES (1908, 20, 180, 720);
INSERT INTO ITEMPED VALUES (1908, 13, 302);
INSERT INTO ITEMPED VALUES (1908, 22, 190);
INSERT INTO PEDIDO VALUES (1909, 60, 390, 310);
INSERT INTO ITEMPED VALUES (1909, 22, 13);
INSERT INTO ITEMPED VALUES (1909, 25, 176);
INSERT INTO ITEMPED VALUES (1909, 31, 142);
INSERT INTO ITEMPED VALUES (1909, 45, 77);
INSERT INTO ITEMPED VALUES (1909, 53, 139);
INSERT INTO PEDIDO VALUES (1910, 20, 720, 250);
INSERT INTO ITEMPED VALUES (1910, 53, 266);
INSERT INTO ITEMPED VALUES (1910, 77, 150);
INSERT INTO ITEMPED VALUES (1910, 78, 168);
INSERT INTO ITEMPED VALUES (1910, 13, 66);
INSERT INTO ITEMPED VALUES (1910, 22, 248);
INSERT INTO ITEMPED VALUES (1910, 25, 266);
INSERT INTO PEDIDO VALUES (1911, 30, 290, 720);
INSERT INTO ITEMPED VALUES (1911, 31, 275);
INSERT INTO ITEMPED VALUES (1911, 45, 126);
INSERT INTO ITEMPED VALUES (1911, 53, 114);
INSERT INTO ITEMPED VALUES (1911, 77, 167);
INSERT INTO ITEMPED VALUES (1911, 78, 81);
INSERT INTO PEDIDO VALUES (1912, 60, 180, 240);
INSERT INTO ITEMPED VALUES (1912, 78, 3);
INSERT INTO ITEMPED VALUES (1912, 13, 87);
INSERT INTO ITEMPED VALUES (1912, 22, 145);
INSERT INTO ITEMPED VALUES (1912, 25, 55);
INSERT INTO PEDIDO VALUES (1913, 45, 390, 250);
INSERT INTO ITEMPED VALUES (1913, 25, 302);
INSERT INTO ITEMPED VALUES (1913, 31, 54);
INSERT INTO ITEMPED VALUES (1913, 45, 275);
INSERT INTO PEDIDO VALUES (1914, 20, 260, 720);
INSERT INTO ITEMPED VALUES (1914, 31, 227);
INSERT INTO PEDIDO VALUES (1915, 30, 871, 209);
INSERT INTO ITEMPED VALUES (1915, 53, 169);
INSERT INTO ITEMPED VALUES (1915, 77, 259);
INSERT INTO PEDIDO VALUES (1916, 45, 410, 111);
INSERT INTO ITEMPED VALUES (1916, 22, 38);
INSERT INTO ITEMPED VALUES (1916, 25, 72);
INSERT INTO ITEMPED VALUES (1916, 31, 222);
INSERT INTO PEDIDO VALUES (1917, 10, 870, 250);
INSERT INTO ITEMPED VALUES (1917, 13, 225);
INSERT INTO PEDIDO VALUES (1918, 45, 871, 310);
INSERT INTO ITEMPED VALUES (1918, 31, 123);
INSERT INTO ITEMPED VALUES (1918, 45, 200);
INSERT INTO ITEMPED VALUES (1918, 53, 198);
INSERT INTO ITEMPED VALUES (1918, 77, 150);
INSERT INTO ITEMPED VALUES (1918, 78, 227);
INSERT INTO ITEMPED VALUES (1918, 13, 123);
INSERT INTO PEDIDO VALUES (1919, 20, 410, 101);
INSERT INTO ITEMPED VALUES (1919, 77, 90);
INSERT INTO ITEMPED VALUES (1919, 78, 270);
INSERT INTO ITEMPED VALUES (1919, 13, 188);
INSERT INTO PEDIDO VALUES (1920, 60, 870, 720);
INSERT INTO ITEMPED VALUES (1920, 13, 281);
INSERT INTO ITEMPED VALUES (1920, 22, 235);
INSERT INTO ITEMPED VALUES (1920, 25, 227);
INSERT INTO ITEMPED VALUES (1920, 31, 190);
INSERT INTO PEDIDO VALUES (1921, 30, 410, 111);
INSERT INTO ITEMPED VALUES (1921, 22, 63);
INSERT INTO ITEMPED VALUES (1921, 25, 55);
INSERT INTO PEDIDO VALUES (1922, 45, 260, 240);
INSERT INTO ITEMPED VALUES (1922, 13, 180);
INSERT INTO ITEMPED VALUES (1922, 22, 199);
INSERT INTO PEDIDO VALUES (1923, 30, 720, 310);
INSERT INTO ITEMPED VALUES (1923, 53, 89);
INSERT INTO ITEMPED VALUES (1923, 77, 98);
INSERT INTO ITEMPED VALUES (1923, 78, 166);
INSERT INTO ITEMPED VALUES (1923, 13, 10);
INSERT INTO ITEMPED VALUES (1923, 22, 301);
INSERT INTO PEDIDO VALUES (1924, 60, 20, 240);
INSERT INTO ITEMPED VALUES (1924, 13, 277);
INSERT INTO ITEMPED VALUES (1924, 22, 75);
INSERT INTO ITEMPED VALUES (1924, 25, 195);
INSERT INTO ITEMPED VALUES (1924, 31, 148);
INSERT INTO ITEMPED VALUES (1924, 45, 83);
INSERT INTO PEDIDO VALUES (1925, 45, 260, 310);
INSERT INTO ITEMPED VALUES (1925, 45, 36);
INSERT INTO ITEMPED VALUES (1925, 53, 150);
INSERT INTO PEDIDO VALUES (1926, 20, 830, 720);
INSERT INTO ITEMPED VALUES (1926, 25, 254);
INSERT INTO ITEMPED VALUES (1926, 31, 290);
INSERT INTO PEDIDO VALUES (1927, 30, 410, 250);
INSERT INTO ITEMPED VALUES (1927, 22, 128);
INSERT INTO PEDIDO VALUES (1928, 10, 871, 310);
INSERT INTO ITEMPED VALUES (1928, 45, 270);
INSERT INTO ITEMPED VALUES (1928, 53, 77);
INSERT INTO ITEMPED VALUES (1928, 77, 268);
INSERT INTO ITEMPED VALUES (1928, 78, 136);
INSERT INTO ITEMPED VALUES (1928, 13, 176);
INSERT INTO PEDIDO VALUES (1929, 60, 390, 213);
INSERT INTO ITEMPED VALUES (1929, 77, 262);
INSERT INTO PEDIDO VALUES (1930, 10, 20, 310);
INSERT INTO ITEMPED VALUES (1930, 45, 21);
INSERT INTO ITEMPED VALUES (1930, 53, 86);
INSERT INTO ITEMPED VALUES (1930, 77, 30);
INSERT INTO PEDIDO VALUES (1931, 45, 410, 250);
INSERT INTO ITEMPED VALUES (1931, 13, 229);
INSERT INTO ITEMPED VALUES (1931, 22, 143);
INSERT INTO ITEMPED VALUES (1931, 25, 269);
INSERT INTO ITEMPED VALUES (1931, 31, 224);
INSERT INTO ITEMPED VALUES (1931, 45, 222);
INSERT INTO ITEMPED VALUES (1931, 53, 287);
INSERT INTO PEDIDO VALUES (1932, 30, 260, 101);
INSERT INTO ITEMPED VALUES (1932, 22, 203);
INSERT INTO ITEMPED VALUES (1932, 25, 238);
INSERT INTO ITEMPED VALUES (1932, 31, 16);
INSERT INTO ITEMPED VALUES (1932, 45, 226);
INSERT INTO ITEMPED VALUES (1932, 53, 55);
INSERT INTO ITEMPED VALUES (1932, 77, 184);
INSERT INTO PEDIDO VALUES (1933, 60, 871, 11);
INSERT INTO ITEMPED VALUES (1933, 77, 204);
INSERT INTO PEDIDO VALUES (1934, 30, 290, 240);
INSERT INTO ITEMPED VALUES (1934, 78, 186);
INSERT INTO ITEMPED VALUES (1934, 13, 143);
INSERT INTO ITEMPED VALUES (1934, 22, 250);
INSERT INTO ITEMPED VALUES (1934, 25, 23);
INSERT INTO PEDIDO VALUES (1935, 10, 20, 310);
INSERT INTO ITEMPED VALUES (1935, 25, 237);
INSERT INTO ITEMPED VALUES (1935, 31, 81);
INSERT INTO ITEMPED VALUES (1935, 45, 23);
INSERT INTO ITEMPED VALUES (1935, 53, 142);
INSERT INTO ITEMPED VALUES (1935, 77, 89);
INSERT INTO PEDIDO VALUES (1936, 30, 180, 209);
INSERT INTO ITEMPED VALUES (1936, 45, 6);
INSERT INTO PEDIDO VALUES (1937, 45, 20, 11);
INSERT INTO ITEMPED VALUES (1937, 77, 147);
INSERT INTO ITEMPED VALUES (1937, 78, 52);
INSERT INTO ITEMPED VALUES (1937, 13, 250);
INSERT INTO ITEMPED VALUES (1937, 22, 220);
INSERT INTO PEDIDO VALUES (1938, 20, 830, 111);
INSERT INTO ITEMPED VALUES (1938, 31, 237);
INSERT INTO ITEMPED VALUES (1938, 45, 107);
INSERT INTO PEDIDO VALUES (1939, 30, 110, 310);
INSERT INTO ITEMPED VALUES (1939, 25, 30);
INSERT INTO ITEMPED VALUES (1939, 31, 91);
INSERT INTO ITEMPED VALUES (1939, 45, 35);
INSERT INTO ITEMPED VALUES (1939, 53, 200);
INSERT INTO ITEMPED VALUES (1939, 77, 53);
INSERT INTO ITEMPED VALUES (1939, 78, 232);
INSERT INTO PEDIDO VALUES (1940, 20, 410, 720);
INSERT INTO ITEMPED VALUES (1940, 77, 146);
INSERT INTO PEDIDO VALUES (1941, 45, 290, 213);
INSERT INTO ITEMPED VALUES (1941, 31, 284);
INSERT INTO PEDIDO VALUES (1942, 60, 110, 11);
INSERT INTO ITEMPED VALUES (1942, 53, 163);
INSERT INTO PEDIDO VALUES (1943, 30, 390, 240);
INSERT INTO ITEMPED VALUES (1943, 77, 227);
INSERT INTO ITEMPED VALUES (1943, 78, 145);
INSERT INTO PEDIDO VALUES (1944, 10, 720, 250);
INSERT INTO ITEMPED VALUES (1944, 45, 215);
INSERT INTO ITEMPED VALUES (1944, 53, 3);
INSERT INTO ITEMPED VALUES (1944, 77, 244);
INSERT INTO ITEMPED VALUES (1944, 78, 269);
INSERT INTO PEDIDO VALUES (1945, 30, 390, 111);
INSERT INTO ITEMPED VALUES (1945, 53, 145);
INSERT INTO ITEMPED VALUES (1945, 77, 79);
INSERT INTO ITEMPED VALUES (1945, 78, 275);
INSERT INTO ITEMPED VALUES (1945, 13, 24);
INSERT INTO ITEMPED VALUES (1945, 22, 198);
INSERT INTO PEDIDO VALUES (1946, 10, 260, 101);
INSERT INTO ITEMPED VALUES (1946, 13, 269);
INSERT INTO PEDIDO VALUES (1947, 45, 290, 720);
INSERT INTO ITEMPED VALUES (1947, 77, 37);
INSERT INTO ITEMPED VALUES (1947, 78, 97);
INSERT INTO ITEMPED VALUES (1947, 13, 4);
INSERT INTO ITEMPED VALUES (1947, 22, 83);
INSERT INTO ITEMPED VALUES (1947, 25, 240);
INSERT INTO PEDIDO VALUES (1948, 60, 20, 240);
INSERT INTO ITEMPED VALUES (1948, 25, 277);
INSERT INTO ITEMPED VALUES (1948, 31, 154);
INSERT INTO ITEMPED VALUES (1948, 45, 291);
INSERT INTO ITEMPED VALUES (1948, 53, 235);
INSERT INTO ITEMPED VALUES (1948, 77, 24);
INSERT INTO PEDIDO VALUES (1949, 10, 720, 111);
INSERT INTO ITEMPED VALUES (1949, 53, 194);
INSERT INTO ITEMPED VALUES (1949, 77, 151);
INSERT INTO ITEMPED VALUES (1949, 78, 38);
INSERT INTO ITEMPED VALUES (1949, 13, 220);
INSERT INTO PEDIDO VALUES (1950, 45, 870, 213);
INSERT INTO ITEMPED VALUES (1950, 77, 291);
INSERT INTO PEDIDO VALUES (1951, 60, 260, 11);
INSERT INTO ITEMPED VALUES (1951, 22, 90);
INSERT INTO ITEMPED VALUES (1951, 25, 162);
INSERT INTO ITEMPED VALUES (1951, 31, 48);
INSERT INTO PEDIDO VALUES (1952, 10, 20, 209);
INSERT INTO ITEMPED VALUES (1952, 77, 260);
INSERT INTO ITEMPED VALUES (1952, 78, 166);
INSERT INTO ITEMPED VALUES (1952, 13, 118);
INSERT INTO PEDIDO VALUES (1953, 30, 260, 240);
INSERT INTO ITEMPED VALUES (1953, 53, 150);
INSERT INTO PEDIDO VALUES (1954, 20, 830, 213);
INSERT INTO ITEMPED VALUES (1954, 25, 173);
INSERT INTO ITEMPED VALUES (1954, 31, 288);
INSERT INTO PEDIDO VALUES (1955, 10, 290, 11);
INSERT INTO ITEMPED VALUES (1955, 77, 262);
INSERT INTO ITEMPED VALUES (1955, 78, 14);
INSERT INTO PEDIDO VALUES (1956, 60, 180, 720);
INSERT INTO ITEMPED VALUES (1956, 13, 166);
INSERT INTO PEDIDO VALUES (1957, 45, 20, 240);
INSERT INTO ITEMPED VALUES (1957, 53, 75);
INSERT INTO ITEMPED VALUES (1957, 77, 163);
INSERT INTO ITEMPED VALUES (1957, 78, 124);
INSERT INTO ITEMPED VALUES (1957, 13, 156);
INSERT INTO PEDIDO VALUES (1958, 30, 720, 209);
INSERT INTO ITEMPED VALUES (1958, 25, 113);
INSERT INTO ITEMPED VALUES (1958, 31, 176);
INSERT INTO ITEMPED VALUES (1958, 45, 198);
INSERT INTO ITEMPED VALUES (1958, 53, 45);
INSERT INTO PEDIDO VALUES (1959, 20, 390, 111);
INSERT INTO ITEMPED VALUES (1959, 31, 248);
INSERT INTO ITEMPED VALUES (1959, 45, 267);
INSERT INTO ITEMPED VALUES (1959, 53, 282);
INSERT INTO PEDIDO VALUES (1960, 60, 290, 720);
INSERT INTO ITEMPED VALUES (1960, 78, 9);
INSERT INTO ITEMPED VALUES (1960, 13, 95);
INSERT INTO ITEMPED VALUES (1960, 22, 15);
INSERT INTO ITEMPED VALUES (1960, 25, 184);
INSERT INTO ITEMPED VALUES (1960, 31, 257);
INSERT INTO ITEMPED VALUES (1960, 45, 22);
INSERT INTO PEDIDO VALUES (1961, 45, 20, 11);
INSERT INTO ITEMPED VALUES (1961, 22, 52);
INSERT INTO ITEMPED VALUES (1961, 25, 116);
INSERT INTO ITEMPED VALUES (1961, 31, 210);
INSERT INTO ITEMPED VALUES (1961, 45, 252);
INSERT INTO PEDIDO VALUES (1962, 20, 720, 310);
INSERT INTO ITEMPED VALUES (1962, 53, 172);
INSERT INTO ITEMPED VALUES (1962, 77, 111);
INSERT INTO ITEMPED VALUES (1962, 78, 215);
INSERT INTO PEDIDO VALUES (1963, 10, 110, 213);
INSERT INTO ITEMPED VALUES (1963, 25, 189);
INSERT INTO PEDIDO VALUES (1964, 20, 20, 240);
INSERT INTO ITEMPED VALUES (1964, 78, 292);
INSERT INTO ITEMPED VALUES (1964, 13, 177);
INSERT INTO ITEMPED VALUES (1964, 22, 52);
INSERT INTO ITEMPED VALUES (1964, 25, 124);
INSERT INTO ITEMPED VALUES (1964, 31, 7);
INSERT INTO PEDIDO VALUES (1965, 30, 871, 213);
INSERT INTO ITEMPED VALUES (1965, 31, 101);
INSERT INTO ITEMPED VALUES (1965, 45, 173);
INSERT INTO ITEMPED VALUES (1965, 53, 74);
INSERT INTO ITEMPED VALUES (1965, 77, 299);
INSERT INTO ITEMPED VALUES (1965, 78, 176);
INSERT INTO PEDIDO VALUES (1966, 60, 410, 310);
INSERT INTO ITEMPED VALUES (1966, 53, 149);
INSERT INTO ITEMPED VALUES (1966, 77, 85);
INSERT INTO ITEMPED VALUES (1966, 78, 41);
INSERT INTO ITEMPED VALUES (1966, 13, 153);
INSERT INTO PEDIDO VALUES (1967, 45, 290, 11);
INSERT INTO ITEMPED VALUES (1967, 78, 65);
INSERT INTO ITEMPED VALUES (1967, 13, 220);
INSERT INTO ITEMPED VALUES (1967, 22, 94);
INSERT INTO ITEMPED VALUES (1967, 25, 237);
INSERT INTO PEDIDO VALUES (1968, 10, 870, 213);
INSERT INTO ITEMPED VALUES (1968, 22, 55);
INSERT INTO ITEMPED VALUES (1968, 25, 256);
INSERT INTO ITEMPED VALUES (1968, 31, 78);
INSERT INTO ITEMPED VALUES (1968, 45, 12);
INSERT INTO ITEMPED VALUES (1968, 53, 158);
INSERT INTO ITEMPED VALUES (1968, 77, 186);
INSERT INTO PEDIDO VALUES (1969, 30, 410, 250);
INSERT INTO ITEMPED VALUES (1969, 13, 58);
INSERT INTO ITEMPED VALUES (1969, 22, 251);
INSERT INTO PEDIDO VALUES (1970, 20, 260, 720);
INSERT INTO ITEMPED VALUES (1970, 25, 290);
INSERT INTO ITEMPED VALUES (1970, 31, 118);
INSERT INTO ITEMPED VALUES (1970, 45, 184);
INSERT INTO PEDIDO VALUES (1971, 45, 871, 240);
INSERT INTO ITEMPED VALUES (1971, 77, 96);
INSERT INTO ITEMPED VALUES (1971, 78, 72);
INSERT INTO ITEMPED VALUES (1971, 13, 131);
INSERT INTO ITEMPED VALUES (1971, 22, 101);
INSERT INTO ITEMPED VALUES (1971, 25, 148);
INSERT INTO ITEMPED VALUES (1971, 31, 47);
INSERT INTO PEDIDO VALUES (1972, 60, 830, 11);
INSERT INTO ITEMPED VALUES (1972, 25, 277);
INSERT INTO ITEMPED VALUES (1972, 31, 202);
INSERT INTO ITEMPED VALUES (1972, 45, 113);
INSERT INTO ITEMPED VALUES (1972, 53, 76);
INSERT INTO ITEMPED VALUES (1972, 77, 257);
INSERT INTO ITEMPED VALUES (1972, 78, 11);
INSERT INTO PEDIDO VALUES (1973, 45, 871, 101);
INSERT INTO ITEMPED VALUES (1973, 78, 177);
INSERT INTO ITEMPED VALUES (1973, 13, 140);
INSERT INTO ITEMPED VALUES (1973, 22, 45);
INSERT INTO PEDIDO VALUES (1974, 30, 180, 310);
INSERT INTO ITEMPED VALUES (1974, 22, 179);
INSERT INTO PEDIDO VALUES (1975, 20, 870, 250);
INSERT INTO ITEMPED VALUES (1975, 31, 153);
INSERT INTO ITEMPED VALUES (1975, 45, 178);
INSERT INTO ITEMPED VALUES (1975, 53, 88);
INSERT INTO ITEMPED VALUES (1975, 77, 220);
INSERT INTO ITEMPED VALUES (1975, 78, 293);
INSERT INTO ITEMPED VALUES (1975, 13, 203);
INSERT INTO PEDIDO VALUES (1976, 30, 110, 213);
INSERT INTO ITEMPED VALUES (1976, 25, 20);
INSERT INTO ITEMPED VALUES (1976, 31, 84);
INSERT INTO ITEMPED VALUES (1976, 45, 26);
INSERT INTO ITEMPED VALUES (1976, 53, 176);
INSERT INTO PEDIDO VALUES (1977, 60, 260, 250);
INSERT INTO ITEMPED VALUES (1977, 31, 275);
INSERT INTO ITEMPED VALUES (1977, 45, 296);
INSERT INTO ITEMPED VALUES (1977, 53, 54);
INSERT INTO ITEMPED VALUES (1977, 77, 277);
INSERT INTO ITEMPED VALUES (1977, 78, 83);
INSERT INTO PEDIDO VALUES (1978, 30, 720, 310);
INSERT INTO ITEMPED VALUES (1978, 13, 41);
INSERT INTO ITEMPED VALUES (1978, 22, 37);
INSERT INTO ITEMPED VALUES (1978, 25, 178);
INSERT INTO ITEMPED VALUES (1978, 31, 18);
INSERT INTO ITEMPED VALUES (1978, 45, 108);
INSERT INTO ITEMPED VALUES (1978, 53, 245);
INSERT INTO PEDIDO VALUES (1979, 10, 20, 111);
INSERT INTO ITEMPED VALUES (1979, 77, 278);
INSERT INTO PEDIDO VALUES (1980, 20, 870, 101);
INSERT INTO ITEMPED VALUES (1980, 78, 258);
INSERT INTO PEDIDO VALUES (1981, 10, 720, 111);
INSERT INTO ITEMPED VALUES (1981, 77, 276);
INSERT INTO ITEMPED VALUES (1981, 78, 300);
INSERT INTO ITEMPED VALUES (1981, 13, 208);
INSERT INTO PEDIDO VALUES (1982, 45, 290, 101);
INSERT INTO ITEMPED VALUES (1982, 45, 81);
INSERT INTO ITEMPED VALUES (1982, 53, 94);
INSERT INTO PEDIDO VALUES (1983, 10, 871, 310);
INSERT INTO ITEMPED VALUES (1983, 22, 225);
INSERT INTO ITEMPED VALUES (1983, 25, 159);
INSERT INTO ITEMPED VALUES (1983, 31, 248);
INSERT INTO ITEMPED VALUES (1983, 45, 81);
INSERT INTO ITEMPED VALUES (1983, 53, 143);
INSERT INTO ITEMPED VALUES (1983, 77, 252);
INSERT INTO PEDIDO VALUES (1984, 20, 20, 213);
INSERT INTO ITEMPED VALUES (1984, 45, 111);
INSERT INTO ITEMPED VALUES (1984, 53, 137);
INSERT INTO ITEMPED VALUES (1984, 77, 258);
INSERT INTO PEDIDO VALUES (1985, 30, 871, 250);
INSERT INTO ITEMPED VALUES (1985, 78, 97);
INSERT INTO PEDIDO VALUES (1986, 45, 290, 240);
INSERT INTO ITEMPED VALUES (1986, 22, 139);
INSERT INTO ITEMPED VALUES (1986, 25, 192);
INSERT INTO ITEMPED VALUES (1986, 31, 223);
INSERT INTO ITEMPED VALUES (1986, 45, 235);
INSERT INTO PEDIDO VALUES (1987, 30, 260, 250);
INSERT INTO ITEMPED VALUES (1987, 45, 30);
INSERT INTO ITEMPED VALUES (1987, 53, 63);
INSERT INTO PEDIDO VALUES (1988, 60, 390, 240);
INSERT INTO ITEMPED VALUES (1988, 78, 155);
INSERT INTO ITEMPED VALUES (1988, 13, 62);
INSERT INTO PEDIDO VALUES (1989, 20, 110, 213);
INSERT INTO ITEMPED VALUES (1989, 45, 130);
INSERT INTO PEDIDO VALUES (1990, 10, 290, 101);
INSERT INTO ITEMPED VALUES (1990, 53, 295);
INSERT INTO ITEMPED VALUES (1990, 77, 84);
INSERT INTO ITEMPED VALUES (1990, 78, 207);
INSERT INTO PEDIDO VALUES (1991, 30, 390, 11);
INSERT INTO ITEMPED VALUES (1991, 77, 208);
INSERT INTO ITEMPED VALUES (1991, 78, 219);
INSERT INTO ITEMPED VALUES (1991, 13, 19);
INSERT INTO PEDIDO VALUES (1992, 60, 260, 101);
INSERT INTO ITEMPED VALUES (1992, 13, 71);
INSERT INTO ITEMPED VALUES (1992, 22, 87);
INSERT INTO ITEMPED VALUES (1992, 25, 243);
INSERT INTO ITEMPED VALUES (1992, 31, 240);
INSERT INTO PEDIDO VALUES (1993, 20, 390, 240);
INSERT INTO ITEMPED VALUES (1993, 22, 231);
INSERT INTO ITEMPED VALUES (1993, 25, 63);
INSERT INTO ITEMPED VALUES (1993, 31, 171);
INSERT INTO ITEMPED VALUES (1993, 45, 148);
INSERT INTO ITEMPED VALUES (1993, 53, 221);
INSERT INTO ITEMPED VALUES (1993, 77, 302);
INSERT INTO PEDIDO VALUES (1994, 30, 870, 111);
INSERT INTO ITEMPED VALUES (1994, 78, 151);
INSERT INTO ITEMPED VALUES (1994, 13, 132);
INSERT INTO PEDIDO VALUES (1995, 10, 871, 209);
INSERT INTO ITEMPED VALUES (1995, 77, 45);
INSERT INTO PEDIDO VALUES (1996, 30, 410, 310);
INSERT INTO ITEMPED VALUES (1996, 78, 163);
INSERT INTO ITEMPED VALUES (1996, 13, 154);
INSERT INTO ITEMPED VALUES (1996, 22, 105);
INSERT INTO ITEMPED VALUES (1996, 25, 52);
INSERT INTO PEDIDO VALUES (1997, 45, 390, 240);
INSERT INTO ITEMPED VALUES (1997, 13, 29);
INSERT INTO ITEMPED VALUES (1997, 22, 135);
INSERT INTO ITEMPED VALUES (1997, 25, 138);
INSERT INTO ITEMPED VALUES (1997, 31, 203);
INSERT INTO ITEMPED VALUES (1997, 45, 224);
INSERT INTO ITEMPED VALUES (1997, 53, 93);
INSERT INTO PEDIDO VALUES (1998, 60, 110, 11);
INSERT INTO ITEMPED VALUES (1998, 31, 161);
INSERT INTO ITEMPED VALUES (1998, 45, 129);
INSERT INTO ITEMPED VALUES (1998, 53, 8);
INSERT INTO ITEMPED VALUES (1998, 77, 110);
INSERT INTO ITEMPED VALUES (1998, 78, 260);
INSERT INTO PEDIDO VALUES (1999, 20, 260, 720);
INSERT INTO ITEMPED VALUES (1999, 22, 161);
INSERT INTO ITEMPED VALUES (1999, 25, 194);
INSERT INTO ITEMPED VALUES (1999, 31, 214);
INSERT INTO ITEMPED VALUES (1999, 45, 74);
INSERT INTO ITEMPED VALUES (1999, 53, 90);
INSERT INTO ITEMPED VALUES (1999, 77, 98);
INSERT INTO PEDIDO VALUES (2000, 45, 720, 111);
INSERT INTO ITEMPED VALUES (2000, 25, 238);
INSERT INTO ITEMPED VALUES (2000, 31, 276);
INSERT INTO ITEMPED VALUES (2000, 45, 70);
INSERT INTO PEDIDO VALUES (2001, 30, 870, 250);
INSERT INTO ITEMPED VALUES (2001, 45, 120);
INSERT INTO ITEMPED VALUES (2001, 53, 216);
INSERT INTO PEDIDO VALUES (2002, 20, 410, 720);
INSERT INTO ITEMPED VALUES (2002, 22, 286);
INSERT INTO PEDIDO VALUES (2003, 10, 871, 213);
INSERT INTO ITEMPED VALUES (2003, 53, 167);
INSERT INTO ITEMPED VALUES (2003, 77, 45);
INSERT INTO ITEMPED VALUES (2003, 78, 257);
INSERT INTO ITEMPED VALUES (2003, 13, 240);
INSERT INTO ITEMPED VALUES (2003, 22, 161);
INSERT INTO ITEMPED VALUES (2003, 25, 81);
INSERT INTO PEDIDO VALUES (2004, 45, 830, 101);
INSERT INTO ITEMPED VALUES (2004, 22, 29);
INSERT INTO PEDIDO VALUES (2005, 60, 870, 250);
INSERT INTO ITEMPED VALUES (2005, 53, 243);
INSERT INTO ITEMPED VALUES (2005, 77, 84);
INSERT INTO PEDIDO VALUES (2006, 45, 720, 111);
INSERT INTO ITEMPED VALUES (2006, 78, 289);
INSERT INTO ITEMPED VALUES (2006, 13, 188);
INSERT INTO ITEMPED VALUES (2006, 22, 232);
INSERT INTO ITEMPED VALUES (2006, 25, 278);
INSERT INTO ITEMPED VALUES (2006, 31, 176);
INSERT INTO PEDIDO VALUES (2007, 10, 830, 11);
INSERT INTO ITEMPED VALUES (2007, 77, 83);
INSERT INTO ITEMPED VALUES (2007, 78, 221);
INSERT INTO PEDIDO VALUES (2008, 20, 290, 240);
INSERT INTO ITEMPED VALUES (2008, 45, 199);
INSERT INTO PEDIDO VALUES (2009, 10, 180, 209);
INSERT INTO ITEMPED VALUES (2009, 13, 47);
INSERT INTO ITEMPED VALUES (2009, 22, 273);
INSERT INTO ITEMPED VALUES (2009, 25, 115);
INSERT INTO ITEMPED VALUES (2009, 31, 165);
INSERT INTO ITEMPED VALUES (2009, 45, 293);
INSERT INTO ITEMPED VALUES (2009, 53, 20);
INSERT INTO PEDIDO VALUES (2010, 30, 410, 240);
INSERT INTO ITEMPED VALUES (2010, 45, 198);
INSERT INTO ITEMPED VALUES (2010, 53, 197);
INSERT INTO ITEMPED VALUES (2010, 77, 44);
INSERT INTO ITEMPED VALUES (2010, 78, 74);
INSERT INTO ITEMPED VALUES (2010, 13, 228);
INSERT INTO ITEMPED VALUES (2010, 22, 108);
INSERT INTO PEDIDO VALUES (2011, 10, 110, 101);
INSERT INTO ITEMPED VALUES (2011, 78, 121);
INSERT INTO ITEMPED VALUES (2011, 13, 284);
INSERT INTO ITEMPED VALUES (2011, 22, 208);
INSERT INTO ITEMPED VALUES (2011, 25, 121);
INSERT INTO PEDIDO VALUES (2012, 30, 20, 111);
INSERT INTO ITEMPED VALUES (2012, 45, 84);
INSERT INTO ITEMPED VALUES (2012, 53, 153);
INSERT INTO ITEMPED VALUES (2012, 77, 63);
INSERT INTO ITEMPED VALUES (2012, 78, 180);
INSERT INTO ITEMPED VALUES (2012, 13, 280);
INSERT INTO ITEMPED VALUES (2012, 22, 248);
INSERT INTO PEDIDO VALUES (2013, 20, 390, 101);
INSERT INTO ITEMPED VALUES (2013, 13, 269);
INSERT INTO ITEMPED VALUES (2013, 22, 291);
INSERT INTO ITEMPED VALUES (2013, 25, 291);
INSERT INTO ITEMPED VALUES (2013, 31, 178);
INSERT INTO PEDIDO VALUES (2014, 10, 180, 213);
INSERT INTO ITEMPED VALUES (2014, 22, 139);
INSERT INTO ITEMPED VALUES (2014, 25, 257);
INSERT INTO ITEMPED VALUES (2014, 31, 102);
INSERT INTO ITEMPED VALUES (2014, 45, 30);
INSERT INTO ITEMPED VALUES (2014, 53, 242);
INSERT INTO ITEMPED VALUES (2014, 77, 223);
INSERT INTO PEDIDO VALUES (2015, 60, 871, 111);
INSERT INTO ITEMPED VALUES (2015, 77, 88);
INSERT INTO ITEMPED VALUES (2015, 78, 275);
INSERT INTO ITEMPED VALUES (2015, 13, 233);
INSERT INTO ITEMPED VALUES (2015, 22, 7);
INSERT INTO ITEMPED VALUES (2015, 25, 171);
INSERT INTO PEDIDO VALUES (2016, 30, 260, 209);
INSERT INTO ITEMPED VALUES (2016, 25, 146);
INSERT INTO ITEMPED VALUES (2016, 31, 218);
INSERT INTO ITEMPED VALUES (2016, 45, 274);
INSERT INTO ITEMPED VALUES (2016, 53, 189);
INSERT INTO ITEMPED VALUES (2016, 77, 261);
INSERT INTO PEDIDO VALUES (2017, 10, 20, 213);
INSERT INTO ITEMPED VALUES (2017, 77, 156);
INSERT INTO ITEMPED VALUES (2017, 78, 255);
INSERT INTO PEDIDO VALUES (2018, 30, 290, 250);
INSERT INTO ITEMPED VALUES (2018, 78, 9);
INSERT INTO ITEMPED VALUES (2018, 13, 92);
INSERT INTO ITEMPED VALUES (2018, 22, 229);
INSERT INTO ITEMPED VALUES (2018, 25, 49);
INSERT INTO PEDIDO VALUES (2019, 45, 870, 11);
INSERT INTO ITEMPED VALUES (2019, 22, 87);
INSERT INTO PEDIDO VALUES (2020, 30, 110, 111);
INSERT INTO ITEMPED VALUES (2020, 77, 224);
INSERT INTO ITEMPED VALUES (2020, 78, 183);
INSERT INTO ITEMPED VALUES (2020, 13, 66);
INSERT INTO ITEMPED VALUES (2020, 22, 30);
INSERT INTO PEDIDO VALUES (2021, 60, 870, 213);
INSERT INTO ITEMPED VALUES (2021, 13, 46);
INSERT INTO ITEMPED VALUES (2021, 22, 151);
INSERT INTO ITEMPED VALUES (2021, 25, 161);
INSERT INTO ITEMPED VALUES (2021, 31, 288);
INSERT INTO PEDIDO VALUES (2022, 30, 390, 720);
INSERT INTO ITEMPED VALUES (2022, 78, 22);
INSERT INTO PEDIDO VALUES (2023, 20, 410, 250);
INSERT INTO ITEMPED VALUES (2023, 25, 225);
INSERT INTO ITEMPED VALUES (2023, 31, 45);
INSERT INTO ITEMPED VALUES (2023, 45, 298);
INSERT INTO PEDIDO VALUES (2024, 60, 720, 240);
INSERT INTO ITEMPED VALUES (2024, 13, 83);
INSERT INTO ITEMPED VALUES (2024, 22, 188);
INSERT INTO ITEMPED VALUES (2024, 25, 142);
INSERT INTO PEDIDO VALUES (2025, 30, 390, 11);
INSERT INTO ITEMPED VALUES (2025, 77, 143);
INSERT INTO ITEMPED VALUES (2025, 78, 285);
INSERT INTO ITEMPED VALUES (2025, 13, 159);
INSERT INTO ITEMPED VALUES (2025, 22, 204);
INSERT INTO ITEMPED VALUES (2025, 25, 134);
INSERT INTO ITEMPED VALUES (2025, 31, 148);
INSERT INTO PEDIDO VALUES (2026, 45, 290, 720);
INSERT INTO ITEMPED VALUES (2026, 25, 146);
INSERT INTO ITEMPED VALUES (2026, 31, 223);
INSERT INTO PEDIDO VALUES (2027, 20, 720, 250);
INSERT INTO ITEMPED VALUES (2027, 13, 280);
INSERT INTO ITEMPED VALUES (2027, 22, 256);
INSERT INTO ITEMPED VALUES (2027, 25, 59);
INSERT INTO PEDIDO VALUES (2028, 45, 390, 209);
INSERT INTO ITEMPED VALUES (2028, 77, 240);
INSERT INTO ITEMPED VALUES (2028, 78, 224);
INSERT INTO ITEMPED VALUES (2028, 13, 283);
INSERT INTO PEDIDO VALUES (2029, 10, 830, 310);
INSERT INTO ITEMPED VALUES (2029, 13, 244);
INSERT INTO ITEMPED VALUES (2029, 22, 4);
INSERT INTO PEDIDO VALUES (2030, 60, 390, 11);
INSERT INTO ITEMPED VALUES (2030, 53, 206);
INSERT INTO ITEMPED VALUES (2030, 77, 32);
INSERT INTO ITEMPED VALUES (2030, 78, 23);
INSERT INTO ITEMPED VALUES (2030, 13, 227);
INSERT INTO ITEMPED VALUES (2030, 22, 138);
INSERT INTO PEDIDO VALUES (2031, 10, 871, 209);
INSERT INTO ITEMPED VALUES (2031, 31, 166);
INSERT INTO ITEMPED VALUES (2031, 45, 179);
INSERT INTO ITEMPED VALUES (2031, 53, 240);
INSERT INTO ITEMPED VALUES (2031, 77, 91);
INSERT INTO ITEMPED VALUES (2031, 78, 215);
INSERT INTO PEDIDO VALUES (2032, 60, 260, 250);
INSERT INTO ITEMPED VALUES (2032, 53, 8);
INSERT INTO ITEMPED VALUES (2032, 77, 128);
INSERT INTO ITEMPED VALUES (2032, 78, 117);
INSERT INTO PEDIDO VALUES (2033, 30, 20, 720);
INSERT INTO ITEMPED VALUES (2033, 25, 197);
INSERT INTO PEDIDO VALUES (2034, 60, 720, 209);
INSERT INTO ITEMPED VALUES (2034, 53, 41);
INSERT INTO ITEMPED VALUES (2034, 77, 279);
INSERT INTO ITEMPED VALUES (2034, 78, 29);
INSERT INTO ITEMPED VALUES (2034, 13, 263);
INSERT INTO PEDIDO VALUES (2035, 45, 290, 11);
INSERT INTO ITEMPED VALUES (2035, 25, 223);
INSERT INTO ITEMPED VALUES (2035, 31, 142);
INSERT INTO ITEMPED VALUES (2035, 45, 138);
INSERT INTO ITEMPED VALUES (2035, 53, 133);
INSERT INTO ITEMPED VALUES (2035, 77, 173);
INSERT INTO ITEMPED VALUES (2035, 78, 26);
INSERT INTO PEDIDO VALUES (2036, 10, 110, 111);
INSERT INTO ITEMPED VALUES (2036, 78, 11);
INSERT INTO ITEMPED VALUES (2036, 13, 3);
INSERT INTO ITEMPED VALUES (2036, 22, 222);
INSERT INTO PEDIDO VALUES (2037, 30, 720, 310);
INSERT INTO ITEMPED VALUES (2037, 53, 239);
INSERT INTO ITEMPED VALUES (2037, 77, 261);
INSERT INTO PEDIDO VALUES (2038, 20, 260, 101);
INSERT INTO ITEMPED VALUES (2038, 13, 278);
INSERT INTO ITEMPED VALUES (2038, 22, 231);
INSERT INTO ITEMPED VALUES (2038, 25, 5);
INSERT INTO ITEMPED VALUES (2038, 31, 90);
INSERT INTO ITEMPED VALUES (2038, 45, 151);
INSERT INTO PEDIDO VALUES (2039, 60, 870, 240);
INSERT INTO ITEMPED VALUES (2039, 77, 224);
INSERT INTO ITEMPED VALUES (2039, 78, 226);
INSERT INTO ITEMPED VALUES (2039, 13, 75);
INSERT INTO PEDIDO VALUES (2040, 30, 720, 11);
INSERT INTO ITEMPED VALUES (2040, 78, 104);
INSERT INTO ITEMPED VALUES (2040, 13, 240);
INSERT INTO ITEMPED VALUES (2040, 22, 150);
INSERT INTO ITEMPED VALUES (2040, 25, 71);
INSERT INTO ITEMPED VALUES (2040, 31, 187);
INSERT INTO ITEMPED VALUES (2040, 45, 93);
INSERT INTO PEDIDO VALUES (2041, 20, 390, 720);
INSERT INTO ITEMPED VALUES (2041, 22, 131);
INSERT INTO PEDIDO VALUES (2042, 30, 870, 209);
INSERT INTO ITEMPED VALUES (2042, 53, 77);
INSERT INTO ITEMPED VALUES (2042, 77, 27);
INSERT INTO ITEMPED VALUES (2042, 78, 234);
INSERT INTO ITEMPED VALUES (2042, 13, 224);
INSERT INTO ITEMPED VALUES (2042, 22, 260);
INSERT INTO PEDIDO VALUES (2043, 45, 290, 101);
INSERT INTO ITEMPED VALUES (2043, 78, 172);
INSERT INTO ITEMPED VALUES (2043, 13, 196);
INSERT INTO PEDIDO VALUES (2044, 20, 260, 310);
INSERT INTO ITEMPED VALUES (2044, 45, 187);
INSERT INTO PEDIDO VALUES (2045, 10, 410, 101);
INSERT INTO ITEMPED VALUES (2045, 31, 211);
INSERT INTO ITEMPED VALUES (2045, 45, 280);
INSERT INTO ITEMPED VALUES (2045, 53, 18);
INSERT INTO ITEMPED VALUES (2045, 77, 153);
INSERT INTO ITEMPED VALUES (2045, 78, 208);
INSERT INTO ITEMPED VALUES (2045, 13, 243);
INSERT INTO PEDIDO VALUES (2046, 60, 871, 11);
INSERT INTO ITEMPED VALUES (2046, 13, 119);
INSERT INTO ITEMPED VALUES (2046, 22, 17);
INSERT INTO ITEMPED VALUES (2046, 25, 128);
INSERT INTO PEDIDO VALUES (2047, 10, 410, 213);
INSERT INTO ITEMPED VALUES (2047, 31, 88);
INSERT INTO ITEMPED VALUES (2047, 45, 108);
INSERT INTO ITEMPED VALUES (2047, 53, 231);
INSERT INTO PEDIDO VALUES (2048, 30, 180, 11);
INSERT INTO ITEMPED VALUES (2048, 25, 129);
INSERT INTO ITEMPED VALUES (2048, 31, 235);
INSERT INTO ITEMPED VALUES (2048, 45, 88);
INSERT INTO ITEMPED VALUES (2048, 53, 142);
INSERT INTO ITEMPED VALUES (2048, 77, 23);
INSERT INTO ITEMPED VALUES (2048, 78, 170);
INSERT INTO PEDIDO VALUES (2049, 20, 110, 209);
INSERT INTO ITEMPED VALUES (2049, 45, 126);
INSERT INTO ITEMPED VALUES (2049, 53, 90);
INSERT INTO ITEMPED VALUES (2049, 77, 280);
INSERT INTO ITEMPED VALUES (2049, 78, 93);
INSERT INTO PEDIDO VALUES (2050, 45, 290, 111);
INSERT INTO ITEMPED VALUES (2050, 13, 8);
INSERT INTO ITEMPED VALUES (2050, 22, 78);
INSERT INTO ITEMPED VALUES (2050, 25, 234);
INSERT INTO PEDIDO VALUES (2051, 60, 390, 209);
INSERT INTO ITEMPED VALUES (2051, 77, 47);
INSERT INTO ITEMPED VALUES (2051, 78, 266);
INSERT INTO PEDIDO VALUES (2052, 30, 260, 240);
INSERT INTO ITEMPED VALUES (2052, 45, 293);
INSERT INTO ITEMPED VALUES (2052, 53, 140);
INSERT INTO PEDIDO VALUES (2053, 10, 871, 250);
INSERT INTO ITEMPED VALUES (2053, 22, 137);
INSERT INTO ITEMPED VALUES (2053, 25, 135);
INSERT INTO PEDIDO VALUES (2054, 45, 180, 209);
INSERT INTO ITEMPED VALUES (2054, 31, 106);
INSERT INTO ITEMPED VALUES (2054, 45, 180);
INSERT INTO ITEMPED VALUES (2054, 53, 49);
INSERT INTO ITEMPED VALUES (2054, 77, 252);
INSERT INTO ITEMPED VALUES (2054, 78, 147);
INSERT INTO ITEMPED VALUES (2054, 13, 231);
INSERT INTO PEDIDO VALUES (2055, 60, 830, 240);
INSERT INTO ITEMPED VALUES (2055, 78, 123);
INSERT INTO ITEMPED VALUES (2055, 13, 271);
INSERT INTO ITEMPED VALUES (2055, 22, 143);
INSERT INTO ITEMPED VALUES (2055, 25, 48);
INSERT INTO ITEMPED VALUES (2055, 31, 215);
INSERT INTO PEDIDO VALUES (2056, 45, 410, 213);
INSERT INTO ITEMPED VALUES (2056, 53, 26);
INSERT INTO ITEMPED VALUES (2056, 77, 70);
INSERT INTO ITEMPED VALUES (2056, 78, 300);
INSERT INTO ITEMPED VALUES (2056, 13, 186);
INSERT INTO ITEMPED VALUES (2056, 22, 237);
INSERT INTO PEDIDO VALUES (2057, 30, 260, 11);
INSERT INTO ITEMPED VALUES (2057, 22, 184);
INSERT INTO PEDIDO VALUES (2058, 20, 180, 111);
INSERT INTO ITEMPED VALUES (2058, 78, 280);
INSERT INTO PEDIDO VALUES (2059, 30, 110, 240);
INSERT INTO ITEMPED VALUES (2059, 45, 253);
INSERT INTO ITEMPED VALUES (2059, 53, 98);
INSERT INTO ITEMPED VALUES (2059, 77, 184);
INSERT INTO PEDIDO VALUES (2060, 10, 20, 250);
INSERT INTO ITEMPED VALUES (2060, 53, 139);
INSERT INTO ITEMPED VALUES (2060, 77, 261);
INSERT INTO ITEMPED VALUES (2060, 78, 63);
INSERT INTO PEDIDO VALUES (2061, 45, 870, 720);
INSERT INTO ITEMPED VALUES (2061, 77, 116);
INSERT INTO ITEMPED VALUES (2061, 78, 239);
INSERT INTO ITEMPED VALUES (2061, 13, 149);
INSERT INTO ITEMPED VALUES (2061, 22, 8);
INSERT INTO ITEMPED VALUES (2061, 25, 296);
INSERT INTO PEDIDO VALUES (2062, 30, 290, 11);
INSERT INTO ITEMPED VALUES (2062, 25, 257);
INSERT INTO PEDIDO VALUES (2063, 45, 870, 213);
INSERT INTO ITEMPED VALUES (2063, 77, 107);
INSERT INTO ITEMPED VALUES (2063, 78, 180);
INSERT INTO PEDIDO VALUES (2064, 30, 260, 111);
INSERT INTO ITEMPED VALUES (2064, 78, 6);
INSERT INTO ITEMPED VALUES (2064, 13, 104);
INSERT INTO ITEMPED VALUES (2064, 22, 280);
INSERT INTO ITEMPED VALUES (2064, 25, 39);
INSERT INTO ITEMPED VALUES (2064, 31, 57);
INSERT INTO ITEMPED VALUES (2064, 45, 253);
INSERT INTO PEDIDO VALUES (2065, 10, 720, 310);
INSERT INTO ITEMPED VALUES (2065, 25, 42);
INSERT INTO ITEMPED VALUES (2065, 31, 49);
INSERT INTO PEDIDO VALUES (2066, 45, 410, 11);
INSERT INTO ITEMPED VALUES (2066, 13, 87);
INSERT INTO ITEMPED VALUES (2066, 22, 253);
INSERT INTO ITEMPED VALUES (2066, 25, 107);
INSERT INTO PEDIDO VALUES (2067, 60, 180, 209);
INSERT INTO ITEMPED VALUES (2067, 25, 101);
INSERT INTO ITEMPED VALUES (2067, 31, 70);
INSERT INTO ITEMPED VALUES (2067, 45, 161);
INSERT INTO ITEMPED VALUES (2067, 53, 10);
INSERT INTO ITEMPED VALUES (2067, 77, 144);
INSERT INTO PEDIDO VALUES (2068, 10, 290, 240);
INSERT INTO ITEMPED VALUES (2068, 45, 138);
INSERT INTO ITEMPED VALUES (2068, 53, 250);
INSERT INTO ITEMPED VALUES (2068, 77, 207);
INSERT INTO PEDIDO VALUES (2069, 30, 871, 101);
INSERT INTO ITEMPED VALUES (2069, 13, 24);
INSERT INTO ITEMPED VALUES (2069, 22, 261);
INSERT INTO PEDIDO VALUES (2070, 60, 830, 720);
INSERT INTO ITEMPED VALUES (2070, 25, 139);
INSERT INTO ITEMPED VALUES (2070, 31, 129);
INSERT INTO ITEMPED VALUES (2070, 45, 253);
INSERT INTO ITEMPED VALUES (2070, 53, 263);
INSERT INTO ITEMPED VALUES (2070, 77, 297);
INSERT INTO ITEMPED VALUES (2070, 78, 139);
INSERT INTO PEDIDO VALUES (2071, 30, 260, 111);
INSERT INTO ITEMPED VALUES (2071, 78, 251);
INSERT INTO ITEMPED VALUES (2071, 13, 27);
INSERT INTO ITEMPED VALUES (2071, 22, 94);
INSERT INTO PEDIDO VALUES (2072, 20, 720, 720);
INSERT INTO ITEMPED VALUES (2072, 13, 213);
INSERT INTO ITEMPED VALUES (2072, 22, 128);
INSERT INTO ITEMPED VALUES (2072, 25, 138);
INSERT INTO PEDIDO VALUES (2073, 30, 410, 240);
INSERT INTO ITEMPED VALUES (2073, 53, 207);
INSERT INTO ITEMPED VALUES (2073, 77, 113);
INSERT INTO ITEMPED VALUES (2073, 78, 178);
INSERT INTO ITEMPED VALUES (2073, 13, 240);
INSERT INTO ITEMPED VALUES (2073, 22, 84);
INSERT INTO ITEMPED VALUES (2073, 25, 231);
INSERT INTO PEDIDO VALUES (2074, 10, 870, 11);
INSERT INTO ITEMPED VALUES (2074, 31, 41);
INSERT INTO ITEMPED VALUES (2074, 45, 202);
INSERT INTO ITEMPED VALUES (2074, 53, 195);
INSERT INTO ITEMPED VALUES (2074, 77, 127);
INSERT INTO PEDIDO VALUES (2075, 45, 260, 250);
INSERT INTO ITEMPED VALUES (2075, 45, 145);
INSERT INTO ITEMPED VALUES (2075, 53, 216);
INSERT INTO ITEMPED VALUES (2075, 77, 225);
INSERT INTO ITEMPED VALUES (2075, 78, 97);
INSERT INTO ITEMPED VALUES (2075, 13, 296);
INSERT INTO PEDIDO VALUES (2076, 60, 410, 209);
INSERT INTO ITEMPED VALUES (2076, 53, 105);
INSERT INTO PEDIDO VALUES (2077, 30, 870, 101);
INSERT INTO ITEMPED VALUES (2077, 77, 69);
INSERT INTO ITEMPED VALUES (2077, 78, 259);
INSERT INTO ITEMPED VALUES (2077, 13, 176);
INSERT INTO ITEMPED VALUES (2077, 22, 80);
INSERT INTO ITEMPED VALUES (2077, 25, 152);
INSERT INTO ITEMPED VALUES (2077, 31, 185);
INSERT INTO PEDIDO VALUES (2078, 45, 720, 11);
INSERT INTO ITEMPED VALUES (2078, 25, 191);
INSERT INTO ITEMPED VALUES (2078, 31, 101);
INSERT INTO ITEMPED VALUES (2078, 45, 142);
INSERT INTO ITEMPED VALUES (2078, 53, 265);
INSERT INTO PEDIDO VALUES (2079, 60, 260, 250);
INSERT INTO ITEMPED VALUES (2079, 31, 145);
INSERT INTO ITEMPED VALUES (2079, 45, 98);
INSERT INTO ITEMPED VALUES (2079, 53, 292);
INSERT INTO ITEMPED VALUES (2079, 77, 235);
INSERT INTO ITEMPED VALUES (2079, 78, 131);
INSERT INTO ITEMPED VALUES (2079, 13, 20);
INSERT INTO PEDIDO VALUES (2080, 45, 871, 111);
INSERT INTO ITEMPED VALUES (2080, 77, 90);
INSERT INTO ITEMPED VALUES (2080, 78, 236);
INSERT INTO PEDIDO VALUES (2081, 20, 720, 250);
INSERT INTO ITEMPED VALUES (2081, 22, 283);
INSERT INTO ITEMPED VALUES (2081, 25, 150);
INSERT INTO ITEMPED VALUES (2081, 31, 166);
INSERT INTO ITEMPED VALUES (2081, 45, 189);
INSERT INTO ITEMPED VALUES (2081, 53, 93);
INSERT INTO PEDIDO VALUES (2082, 45, 180, 209);
INSERT INTO ITEMPED VALUES (2082, 31, 145);
INSERT INTO ITEMPED VALUES (2082, 45, 214);
INSERT INTO ITEMPED VALUES (2082, 53, 145);
INSERT INTO PEDIDO VALUES (2083, 20, 720, 720);
INSERT INTO ITEMPED VALUES (2083, 13, 163);
INSERT INTO ITEMPED VALUES (2083, 22, 66);
INSERT INTO ITEMPED VALUES (2083, 25, 21);
INSERT INTO ITEMPED VALUES (2083, 31, 147);
INSERT INTO PEDIDO VALUES (2084, 10, 260, 310);
INSERT INTO ITEMPED VALUES (2084, 77, 114);
INSERT INTO ITEMPED VALUES (2084, 78, 154);
INSERT INTO PEDIDO VALUES (2085, 30, 180, 213);
INSERT INTO ITEMPED VALUES (2085, 78, 116);
INSERT INTO ITEMPED VALUES (2085, 13, 294);
INSERT INTO ITEMPED VALUES (2085, 22, 126);
INSERT INTO ITEMPED VALUES (2085, 25, 19);
INSERT INTO PEDIDO VALUES (2086, 10, 720, 250);
INSERT INTO ITEMPED VALUES (2086, 13, 25);
INSERT INTO ITEMPED VALUES (2086, 22, 157);
INSERT INTO ITEMPED VALUES (2086, 25, 3);
INSERT INTO PEDIDO VALUES (2087, 60, 180, 310);
INSERT INTO ITEMPED VALUES (2087, 22, 95);
INSERT INTO ITEMPED VALUES (2087, 25, 70);
INSERT INTO PEDIDO VALUES (2088, 10, 390, 209);
INSERT INTO ITEMPED VALUES (2088, 31, 110);
INSERT INTO ITEMPED VALUES (2088, 45, 123);
INSERT INTO ITEMPED VALUES (2088, 53, 30);
INSERT INTO ITEMPED VALUES (2088, 77, 3);
INSERT INTO ITEMPED VALUES (2088, 78, 28);
INSERT INTO PEDIDO VALUES (2089, 20, 20, 11);
INSERT INTO ITEMPED VALUES (2089, 45, 128);
INSERT INTO ITEMPED VALUES (2089, 53, 208);
INSERT INTO ITEMPED VALUES (2089, 77, 166);
INSERT INTO ITEMPED VALUES (2089, 78, 199);
INSERT INTO PEDIDO VALUES (2090, 45, 720, 310);
INSERT INTO ITEMPED VALUES (2090, 22, 177);
INSERT INTO ITEMPED VALUES (2090, 25, 14);
INSERT INTO ITEMPED VALUES (2090, 31, 176);
INSERT INTO ITEMPED VALUES (2090, 45, 193);
INSERT INTO ITEMPED VALUES (2090, 53, 67);
INSERT INTO PEDIDO VALUES (2091, 20, 110, 101);
INSERT INTO ITEMPED VALUES (2091, 77, 98);
INSERT INTO ITEMPED VALUES (2091, 78, 287);
INSERT INTO ITEMPED VALUES (2091, 13, 205);
INSERT INTO PEDIDO VALUES (2092, 10, 20, 720);
INSERT INTO ITEMPED VALUES (2092, 78, 136);
INSERT INTO ITEMPED VALUES (2092, 13, 228);
INSERT INTO ITEMPED VALUES (2092, 22, 23);
INSERT INTO PEDIDO VALUES (2093, 45, 410, 111);
INSERT INTO ITEMPED VALUES (2093, 31, 242);
INSERT INTO ITEMPED VALUES (2093, 45, 258);
INSERT INTO ITEMPED VALUES (2093, 53, 256);
INSERT INTO ITEMPED VALUES (2093, 77, 61);
INSERT INTO PEDIDO VALUES (2094, 10, 830, 209);
INSERT INTO ITEMPED VALUES (2094, 77, 289);
INSERT INTO ITEMPED VALUES (2094, 78, 48);
INSERT INTO ITEMPED VALUES (2094, 13, 287);
INSERT INTO PEDIDO VALUES (2095, 30, 20, 310);
INSERT INTO ITEMPED VALUES (2095, 25, 291);
INSERT INTO ITEMPED VALUES (2095, 31, 40);
INSERT INTO ITEMPED VALUES (2095, 45, 96);
INSERT INTO PEDIDO VALUES (2096, 60, 871, 240);
INSERT INTO ITEMPED VALUES (2096, 77, 152);
INSERT INTO ITEMPED VALUES (2096, 78, 4);
INSERT INTO PEDIDO VALUES (2097, 30, 180, 11);
INSERT INTO ITEMPED VALUES (2097, 53, 227);
INSERT INTO ITEMPED VALUES (2097, 77, 273);
INSERT INTO ITEMPED VALUES (2097, 78, 263);
INSERT INTO ITEMPED VALUES (2097, 13, 10);
INSERT INTO PEDIDO VALUES (2098, 60, 720, 209);
INSERT INTO ITEMPED VALUES (2098, 78, 288);
INSERT INTO ITEMPED VALUES (2098, 13, 272);
INSERT INTO PEDIDO VALUES (2099, 45, 20, 240);
INSERT INTO ITEMPED VALUES (2099, 31, 92);
INSERT INTO ITEMPED VALUES (2099, 45, 88);
INSERT INTO PEDIDO VALUES (2100, 20, 110, 209);
INSERT INTO ITEMPED VALUES (2100, 77, 3);
INSERT INTO ITEMPED VALUES (2100, 78, 6);
INSERT INTO ITEMPED VALUES (2100, 13, 121);
INSERT INTO ITEMPED VALUES (2100, 22, 207);
INSERT INTO ITEMPED VALUES (2100, 25, 132);
INSERT INTO ITEMPED VALUES (2100, 31, 33);
INSERT INTO PEDIDO VALUES (2101, 30, 830, 111);
INSERT INTO ITEMPED VALUES (2101, 22, 180);
INSERT INTO ITEMPED VALUES (2101, 25, 196);
INSERT INTO PEDIDO VALUES (2102, 60, 870, 310);
INSERT INTO ITEMPED VALUES (2102, 77, 101);
INSERT INTO ITEMPED VALUES (2102, 78, 269);
INSERT INTO PEDIDO VALUES (2103, 30, 20, 720);
INSERT INTO ITEMPED VALUES (2103, 13, 135);
INSERT INTO ITEMPED VALUES (2103, 22, 6);
INSERT INTO PEDIDO VALUES (2104, 60, 260, 310);
INSERT INTO ITEMPED VALUES (2104, 25, 157);
INSERT INTO ITEMPED VALUES (2104, 31, 243);
INSERT INTO ITEMPED VALUES (2104, 45, 204);
INSERT INTO ITEMPED VALUES (2104, 53, 7);
INSERT INTO ITEMPED VALUES (2104, 77, 77);
INSERT INTO ITEMPED VALUES (2104, 78, 251);
INSERT INTO PEDIDO VALUES (2105, 20, 871, 240);
INSERT INTO ITEMPED VALUES (2105, 22, 101);
INSERT INTO ITEMPED VALUES (2105, 25, 204);
INSERT INTO ITEMPED VALUES (2105, 31, 292);
INSERT INTO ITEMPED VALUES (2105, 45, 63);
INSERT INTO PEDIDO VALUES (2106, 45, 410, 213);
INSERT INTO ITEMPED VALUES (2106, 31, 183);
INSERT INTO ITEMPED VALUES (2106, 45, 60);
INSERT INTO ITEMPED VALUES (2106, 53, 207);
INSERT INTO ITEMPED VALUES (2106, 77, 202);
INSERT INTO ITEMPED VALUES (2106, 78, 91);
INSERT INTO ITEMPED VALUES (2106, 13, 258);
INSERT INTO PEDIDO VALUES (2107, 60, 180, 310);
INSERT INTO ITEMPED VALUES (2107, 78, 298);
INSERT INTO ITEMPED VALUES (2107, 13, 121);
INSERT INTO ITEMPED VALUES (2107, 22, 113);
INSERT INTO ITEMPED VALUES (2107, 25, 144);
INSERT INTO ITEMPED VALUES (2107, 31, 8);
INSERT INTO PEDIDO VALUES (2108, 20, 20, 720);
INSERT INTO ITEMPED VALUES (2108, 45, 193);
INSERT INTO ITEMPED VALUES (2108, 53, 283);
INSERT INTO ITEMPED VALUES (2108, 77, 147);
INSERT INTO ITEMPED VALUES (2108, 78, 27);
INSERT INTO ITEMPED VALUES (2108, 13, 247);
INSERT INTO ITEMPED VALUES (2108, 22, 13);
INSERT INTO PEDIDO VALUES (2109, 30, 410, 111);
INSERT INTO ITEMPED VALUES (2109, 25, 302);
INSERT INTO ITEMPED VALUES (2109, 31, 226);
INSERT INTO PEDIDO VALUES (2110, 20, 871, 310);
INSERT INTO ITEMPED VALUES (2110, 53, 136);
INSERT INTO PEDIDO VALUES (2111, 10, 390, 720);
INSERT INTO ITEMPED VALUES (2111, 25, 165);
INSERT INTO ITEMPED VALUES (2111, 31, 296);
INSERT INTO PEDIDO VALUES (2112, 60, 871, 250);
INSERT INTO ITEMPED VALUES (2112, 13, 227);
INSERT INTO ITEMPED VALUES (2112, 22, 241);
INSERT INTO PEDIDO VALUES (2113, 30, 290, 720);
INSERT INTO ITEMPED VALUES (2113, 22, 66);
INSERT INTO ITEMPED VALUES (2113, 25, 185);
INSERT INTO ITEMPED VALUES (2113, 31, 25);
INSERT INTO PEDIDO VALUES (2114, 20, 180, 101);
INSERT INTO ITEMPED VALUES (2114, 77, 137);
INSERT INTO ITEMPED VALUES (2114, 78, 262);
INSERT INTO ITEMPED VALUES (2114, 13, 279);
INSERT INTO ITEMPED VALUES (2114, 22, 114);
INSERT INTO ITEMPED VALUES (2114, 25, 279);
INSERT INTO ITEMPED VALUES (2114, 31, 271);
INSERT INTO PEDIDO VALUES (2115, 30, 260, 209);
INSERT INTO ITEMPED VALUES (2115, 22, 161);
INSERT INTO ITEMPED VALUES (2115, 25, 207);
INSERT INTO ITEMPED VALUES (2115, 31, 41);
INSERT INTO ITEMPED VALUES (2115, 45, 112);
INSERT INTO ITEMPED VALUES (2115, 53, 162);
INSERT INTO ITEMPED VALUES (2115, 77, 271);
INSERT INTO PEDIDO VALUES (2116, 10, 110, 111);
INSERT INTO ITEMPED VALUES (2116, 25, 80);
INSERT INTO PEDIDO VALUES (2117, 20, 870, 209);
INSERT INTO ITEMPED VALUES (2117, 78, 191);
INSERT INTO ITEMPED VALUES (2117, 13, 137);
INSERT INTO ITEMPED VALUES (2117, 22, 202);
INSERT INTO PEDIDO VALUES (2118, 60, 260, 101);
INSERT INTO ITEMPED VALUES (2118, 25, 235);
INSERT INTO PEDIDO VALUES (2119, 10, 110, 209);
INSERT INTO ITEMPED VALUES (2119, 78, 158);
INSERT INTO ITEMPED VALUES (2119, 13, 160);
INSERT INTO ITEMPED VALUES (2119, 22, 250);
INSERT INTO ITEMPED VALUES (2119, 25, 18);
INSERT INTO ITEMPED VALUES (2119, 31, 20);
INSERT INTO ITEMPED VALUES (2119, 45, 258);
INSERT INTO PEDIDO VALUES (2120, 45, 830, 240);
INSERT INTO ITEMPED VALUES (2120, 45, 286);
INSERT INTO ITEMPED VALUES (2120, 53, 71);
INSERT INTO ITEMPED VALUES (2120, 77, 66);
INSERT INTO ITEMPED VALUES (2120, 78, 131);
INSERT INTO ITEMPED VALUES (2120, 13, 172);
INSERT INTO PEDIDO VALUES (2121, 30, 20, 111);
INSERT INTO ITEMPED VALUES (2121, 78, 86);
INSERT INTO ITEMPED VALUES (2121, 13, 226);
INSERT INTO ITEMPED VALUES (2121, 22, 3);
INSERT INTO ITEMPED VALUES (2121, 25, 10);
INSERT INTO ITEMPED VALUES (2121, 31, 168);
INSERT INTO PEDIDO VALUES (2122, 60, 290, 720);
INSERT INTO ITEMPED VALUES (2122, 77, 7);
INSERT INTO ITEMPED VALUES (2122, 78, 266);
INSERT INTO ITEMPED VALUES (2122, 13, 18);
INSERT INTO ITEMPED VALUES (2122, 22, 175);
INSERT INTO PEDIDO VALUES (2123, 20, 830, 101);
INSERT INTO ITEMPED VALUES (2123, 45, 302);
INSERT INTO ITEMPED VALUES (2123, 53, 297);
INSERT INTO PEDIDO VALUES (2124, 60, 871, 310);
INSERT INTO ITEMPED VALUES (2124, 77, 204);
INSERT INTO ITEMPED VALUES (2124, 78, 66);
INSERT INTO ITEMPED VALUES (2124, 13, 33);
INSERT INTO ITEMPED VALUES (2124, 22, 51);
INSERT INTO ITEMPED VALUES (2124, 25, 257);
INSERT INTO ITEMPED VALUES (2124, 31, 72);
INSERT INTO PEDIDO VALUES (2125, 10, 870, 720);
INSERT INTO ITEMPED VALUES (2125, 13, 203);
INSERT INTO ITEMPED VALUES (2125, 22, 52);
INSERT INTO ITEMPED VALUES (2125, 25, 279);
INSERT INTO ITEMPED VALUES (2125, 31, 22);
INSERT INTO ITEMPED VALUES (2125, 45, 25);
INSERT INTO ITEMPED VALUES (2125, 53, 81);
INSERT INTO PEDIDO VALUES (2126, 60, 720, 250);
INSERT INTO ITEMPED VALUES (2126, 25, 209);
INSERT INTO ITEMPED VALUES (2126, 31, 201);
INSERT INTO ITEMPED VALUES (2126, 45, 155);
INSERT INTO ITEMPED VALUES (2126, 53, 175);
INSERT INTO ITEMPED VALUES (2126, 77, 260);
INSERT INTO PEDIDO VALUES (2127, 45, 20, 213);
INSERT INTO ITEMPED VALUES (2127, 77, 95);
INSERT INTO ITEMPED VALUES (2127, 78, 18);
INSERT INTO ITEMPED VALUES (2127, 13, 28);
INSERT INTO PEDIDO VALUES (2128, 60, 871, 240);
INSERT INTO ITEMPED VALUES (2128, 13, 252);
INSERT INTO ITEMPED VALUES (2128, 22, 182);
INSERT INTO ITEMPED VALUES (2128, 25, 15);
INSERT INTO ITEMPED VALUES (2128, 31, 81);
INSERT INTO ITEMPED VALUES (2128, 45, 262);
INSERT INTO ITEMPED VALUES (2128, 53, 22);
INSERT INTO PEDIDO VALUES (2129, 30, 830, 720);
INSERT INTO ITEMPED VALUES (2129, 31, 83);
INSERT INTO ITEMPED VALUES (2129, 45, 147);
INSERT INTO ITEMPED VALUES (2129, 53, 279);
INSERT INTO PEDIDO VALUES (2130, 60, 20, 250);
INSERT INTO ITEMPED VALUES (2130, 45, 130);
INSERT INTO ITEMPED VALUES (2130, 53, 253);
INSERT INTO ITEMPED VALUES (2130, 77, 90);
INSERT INTO ITEMPED VALUES (2130, 78, 279);
INSERT INTO ITEMPED VALUES (2130, 13, 263);
INSERT INTO ITEMPED VALUES (2130, 22, 53);
INSERT INTO PEDIDO VALUES (2131, 10, 410, 240);
INSERT INTO ITEMPED VALUES (2131, 22, 95);
INSERT INTO ITEMPED VALUES (2131, 25, 277);
INSERT INTO PEDIDO VALUES (2132, 20, 871, 250);
INSERT INTO ITEMPED VALUES (2132, 31, 111);
INSERT INTO ITEMPED VALUES (2132, 45, 163);
INSERT INTO ITEMPED VALUES (2132, 53, 192);
INSERT INTO ITEMPED VALUES (2132, 77, 164);
INSERT INTO PEDIDO VALUES (2133, 45, 20, 310);
INSERT INTO ITEMPED VALUES (2133, 13, 125);
INSERT INTO ITEMPED VALUES (2133, 22, 8);
INSERT INTO ITEMPED VALUES (2133, 25, 41);
INSERT INTO PEDIDO VALUES (2134, 30, 180, 209);
INSERT INTO ITEMPED VALUES (2134, 22, 175);
INSERT INTO ITEMPED VALUES (2134, 25, 44);
INSERT INTO ITEMPED VALUES (2134, 31, 293);
INSERT INTO ITEMPED VALUES (2134, 45, 205);
INSERT INTO PEDIDO VALUES (2135, 10, 290, 310);
INSERT INTO ITEMPED VALUES (2135, 13, 120);
INSERT INTO ITEMPED VALUES (2135, 22, 136);
INSERT INTO ITEMPED VALUES (2135, 25, 196);
INSERT INTO ITEMPED VALUES (2135, 31, 128);
INSERT INTO ITEMPED VALUES (2135, 45, 27);
INSERT INTO ITEMPED VALUES (2135, 53, 288);
INSERT INTO PEDIDO VALUES (2136, 30, 260, 11);
INSERT INTO ITEMPED VALUES (2136, 31, 250);
INSERT INTO ITEMPED VALUES (2136, 45, 20);
INSERT INTO PEDIDO VALUES (2137, 20, 720, 111);
INSERT INTO ITEMPED VALUES (2137, 53, 75);
INSERT INTO ITEMPED VALUES (2137, 77, 284);
INSERT INTO PEDIDO VALUES (2138, 60, 20, 11);
INSERT INTO ITEMPED VALUES (2138, 45, 77);
INSERT INTO ITEMPED VALUES (2138, 53, 210);
INSERT INTO PEDIDO VALUES (2139, 30, 390, 111);
INSERT INTO ITEMPED VALUES (2139, 13, 80);
INSERT INTO PEDIDO VALUES (2140, 10, 110, 213);
INSERT INTO ITEMPED VALUES (2140, 22, 105);
INSERT INTO ITEMPED VALUES (2140, 25, 21);
INSERT INTO ITEMPED VALUES (2140, 31, 196);
INSERT INTO PEDIDO VALUES (2141, 20, 180, 11);
INSERT INTO ITEMPED VALUES (2141, 25, 217);
INSERT INTO ITEMPED VALUES (2141, 31, 193);
INSERT INTO ITEMPED VALUES (2141, 45, 8);
INSERT INTO ITEMPED VALUES (2141, 53, 37);
INSERT INTO ITEMPED VALUES (2141, 77, 92);
INSERT INTO ITEMPED VALUES (2141, 78, 198);
INSERT INTO PEDIDO VALUES (2142, 30, 830, 250);
INSERT INTO ITEMPED VALUES (2142, 77, 64);
INSERT INTO ITEMPED VALUES (2142, 78, 129);
INSERT INTO ITEMPED VALUES (2142, 13, 161);
INSERT INTO PEDIDO VALUES (2143, 10, 720, 310);
INSERT INTO ITEMPED VALUES (2143, 78, 198);
INSERT INTO ITEMPED VALUES (2143, 13, 256);
INSERT INTO ITEMPED VALUES (2143, 22, 56);
INSERT INTO ITEMPED VALUES (2143, 25, 26);
INSERT INTO ITEMPED VALUES (2143, 31, 232);
INSERT INTO ITEMPED VALUES (2143, 45, 68);
INSERT INTO PEDIDO VALUES (2144, 20, 20, 209);
INSERT INTO ITEMPED VALUES (2144, 22, 266);
INSERT INTO ITEMPED VALUES (2144, 25, 137);
INSERT INTO ITEMPED VALUES (2144, 31, 83);
INSERT INTO PEDIDO VALUES (2145, 60, 260, 240);
INSERT INTO ITEMPED VALUES (2145, 13, 193);
INSERT INTO ITEMPED VALUES (2145, 22, 60);
INSERT INTO ITEMPED VALUES (2145, 25, 108);
INSERT INTO ITEMPED VALUES (2145, 31, 301);
INSERT INTO PEDIDO VALUES (2146, 45, 290, 111);
INSERT INTO ITEMPED VALUES (2146, 25, 28);
INSERT INTO ITEMPED VALUES (2146, 31, 254);
INSERT INTO ITEMPED VALUES (2146, 45, 226);
INSERT INTO ITEMPED VALUES (2146, 53, 155);
INSERT INTO PEDIDO VALUES (2147, 60, 20, 310);
INSERT INTO ITEMPED VALUES (2147, 22, 38);
INSERT INTO ITEMPED VALUES (2147, 25, 238);
INSERT INTO ITEMPED VALUES (2147, 31, 7);
INSERT INTO PEDIDO VALUES (2148, 45, 290, 720);
INSERT INTO ITEMPED VALUES (2148, 53, 143);
INSERT INTO ITEMPED VALUES (2148, 77, 53);
INSERT INTO ITEMPED VALUES (2148, 78, 69);
INSERT INTO ITEMPED VALUES (2148, 13, 11);
INSERT INTO PEDIDO VALUES (2149, 60, 20, 240);
INSERT INTO ITEMPED VALUES (2149, 77, 143);
INSERT INTO ITEMPED VALUES (2149, 78, 83);
INSERT INTO ITEMPED VALUES (2149, 13, 89);
INSERT INTO ITEMPED VALUES (2149, 22, 201);
INSERT INTO PEDIDO VALUES (2150, 20, 260, 11);
INSERT INTO ITEMPED VALUES (2150, 22, 75);
INSERT INTO ITEMPED VALUES (2150, 25, 52);
INSERT INTO ITEMPED VALUES (2150, 31, 205);
INSERT INTO ITEMPED VALUES (2150, 45, 223);
INSERT INTO ITEMPED VALUES (2150, 53, 260);
INSERT INTO PEDIDO VALUES (2151, 30, 110, 209);
INSERT INTO ITEMPED VALUES (2151, 53, 87);
INSERT INTO PEDIDO VALUES (2152, 45, 390, 720);
INSERT INTO ITEMPED VALUES (2152, 13, 30);
INSERT INTO PEDIDO VALUES (2153, 30, 110, 250);
INSERT INTO ITEMPED VALUES (2153, 78, 225);
INSERT INTO ITEMPED VALUES (2153, 13, 229);
INSERT INTO ITEMPED VALUES (2153, 22, 255);
INSERT INTO ITEMPED VALUES (2153, 25, 235);
INSERT INTO PEDIDO VALUES (2154, 10, 830, 111);
INSERT INTO ITEMPED VALUES (2154, 53, 291);
INSERT INTO PEDIDO VALUES (2155, 60, 110, 213);
INSERT INTO ITEMPED VALUES (2155, 45, 85);
INSERT INTO ITEMPED VALUES (2155, 53, 76);
INSERT INTO ITEMPED VALUES (2155, 77, 63);
INSERT INTO ITEMPED VALUES (2155, 78, 274);
INSERT INTO ITEMPED VALUES (2155, 13, 293);
INSERT INTO PEDIDO VALUES (2156, 20, 390, 111);
INSERT INTO ITEMPED VALUES (2156, 77, 24);
INSERT INTO ITEMPED VALUES (2156, 78, 226);
INSERT INTO PEDIDO VALUES (2157, 45, 260, 310);
INSERT INTO ITEMPED VALUES (2157, 13, 225);
INSERT INTO ITEMPED VALUES (2157, 22, 40);
INSERT INTO ITEMPED VALUES (2157, 25, 27);
INSERT INTO ITEMPED VALUES (2157, 31, 172);
INSERT INTO ITEMPED VALUES (2157, 45, 51);
INSERT INTO PEDIDO VALUES (2158, 60, 830, 101);
INSERT INTO ITEMPED VALUES (2158, 77, 46);
INSERT INTO ITEMPED VALUES (2158, 78, 68);
INSERT INTO ITEMPED VALUES (2158, 13, 139);
INSERT INTO PEDIDO VALUES (2159, 30, 390, 209);
INSERT INTO ITEMPED VALUES (2159, 45, 32);
INSERT INTO ITEMPED VALUES (2159, 53, 73);
INSERT INTO ITEMPED VALUES (2159, 77, 193);
INSERT INTO PEDIDO VALUES (2160, 20, 110, 213);
INSERT INTO ITEMPED VALUES (2160, 78, 105);
INSERT INTO ITEMPED VALUES (2160, 13, 223);
INSERT INTO PEDIDO VALUES (2161, 60, 720, 240);
INSERT INTO ITEMPED VALUES (2161, 13, 196);
INSERT INTO ITEMPED VALUES (2161, 22, 192);
INSERT INTO PEDIDO VALUES (2162, 30, 410, 720);
INSERT INTO ITEMPED VALUES (2162, 31, 195);
INSERT INTO ITEMPED VALUES (2162, 45, 133);
INSERT INTO PEDIDO VALUES (2163, 60, 290, 213);
INSERT INTO ITEMPED VALUES (2163, 77, 97);
INSERT INTO ITEMPED VALUES (2163, 78, 276);
INSERT INTO ITEMPED VALUES (2163, 13, 3);
INSERT INTO ITEMPED VALUES (2163, 22, 229);
INSERT INTO PEDIDO VALUES (2164, 20, 20, 101);
INSERT INTO ITEMPED VALUES (2164, 53, 124);
INSERT INTO ITEMPED VALUES (2164, 77, 169);
INSERT INTO ITEMPED VALUES (2164, 78, 8);
INSERT INTO ITEMPED VALUES (2164, 13, 146);
INSERT INTO PEDIDO VALUES (2165, 60, 260, 250);
INSERT INTO ITEMPED VALUES (2165, 78, 249);
INSERT INTO PEDIDO VALUES (2166, 45, 290, 310);
INSERT INTO ITEMPED VALUES (2166, 13, 35);
INSERT INTO ITEMPED VALUES (2166, 22, 133);
INSERT INTO ITEMPED VALUES (2166, 25, 123);
INSERT INTO PEDIDO VALUES (2167, 30, 410, 11);
INSERT INTO ITEMPED VALUES (2167, 45, 209);
INSERT INTO ITEMPED VALUES (2167, 53, 137);
INSERT INTO ITEMPED VALUES (2167, 77, 198);
INSERT INTO ITEMPED VALUES (2167, 78, 45);
INSERT INTO ITEMPED VALUES (2167, 13, 296);
INSERT INTO PEDIDO VALUES (2168, 10, 260, 310);
INSERT INTO ITEMPED VALUES (2168, 22, 220);
INSERT INTO ITEMPED VALUES (2168, 25, 212);
INSERT INTO ITEMPED VALUES (2168, 31, 104);
INSERT INTO ITEMPED VALUES (2168, 45, 8);
INSERT INTO ITEMPED VALUES (2168, 53, 264);
INSERT INTO PEDIDO VALUES (2169, 45, 870, 111);
INSERT INTO ITEMPED VALUES (2169, 77, 48);
INSERT INTO ITEMPED VALUES (2169, 78, 207);
INSERT INTO PEDIDO VALUES (2170, 30, 20, 240);
INSERT INTO ITEMPED VALUES (2170, 78, 146);
INSERT INTO ITEMPED VALUES (2170, 13, 5);
INSERT INTO ITEMPED VALUES (2170, 22, 258);
INSERT INTO ITEMPED VALUES (2170, 25, 141);
INSERT INTO PEDIDO VALUES (2171, 20, 720, 111);
INSERT INTO ITEMPED VALUES (2171, 25, 297);
INSERT INTO ITEMPED VALUES (2171, 31, 224);
INSERT INTO ITEMPED VALUES (2171, 45, 273);
INSERT INTO ITEMPED VALUES (2171, 53, 125);
INSERT INTO PEDIDO VALUES (2172, 60, 20, 240);
INSERT INTO ITEMPED VALUES (2172, 13, 82);
INSERT INTO ITEMPED VALUES (2172, 22, 282);
INSERT INTO ITEMPED VALUES (2172, 25, 50);
INSERT INTO ITEMPED VALUES (2172, 31, 289);
INSERT INTO ITEMPED VALUES (2172, 45, 230);
INSERT INTO PEDIDO VALUES (2173, 20, 870, 310);
INSERT INTO ITEMPED VALUES (2173, 22, 81);
INSERT INTO PEDIDO VALUES (2174, 60, 290, 209);
INSERT INTO ITEMPED VALUES (2174, 13, 136);
INSERT INTO ITEMPED VALUES (2174, 22, 288);
INSERT INTO PEDIDO VALUES (2175, 30, 870, 250);
INSERT INTO ITEMPED VALUES (2175, 78, 102);
INSERT INTO PEDIDO VALUES (2176, 45, 830, 11);
INSERT INTO ITEMPED VALUES (2176, 13, 200);
INSERT INTO PEDIDO VALUES (2177, 20, 390, 240);
INSERT INTO ITEMPED VALUES (2177, 77, 207);
INSERT INTO PEDIDO VALUES (2178, 45, 110, 11);
INSERT INTO ITEMPED VALUES (2178, 78, 87);
INSERT INTO ITEMPED VALUES (2178, 13, 172);
INSERT INTO ITEMPED VALUES (2178, 22, 27);
INSERT INTO ITEMPED VALUES (2178, 25, 277);
INSERT INTO ITEMPED VALUES (2178, 31, 222);
INSERT INTO ITEMPED VALUES (2178, 45, 147);
INSERT INTO PEDIDO VALUES (2179, 60, 20, 209);
INSERT INTO ITEMPED VALUES (2179, 31, 220);
INSERT INTO ITEMPED VALUES (2179, 45, 78);
INSERT INTO ITEMPED VALUES (2179, 53, 118);
INSERT INTO ITEMPED VALUES (2179, 77, 145);
INSERT INTO ITEMPED VALUES (2179, 78, 115);
INSERT INTO PEDIDO VALUES (2180, 10, 830, 11);
INSERT INTO ITEMPED VALUES (2180, 53, 182);
INSERT INTO ITEMPED VALUES (2180, 77, 124);
INSERT INTO ITEMPED VALUES (2180, 78, 14);
INSERT INTO PEDIDO VALUES (2181, 45, 260, 720);
INSERT INTO ITEMPED VALUES (2181, 78, 221);
INSERT INTO ITEMPED VALUES (2181, 13, 254);
INSERT INTO ITEMPED VALUES (2181, 22, 74);
INSERT INTO ITEMPED VALUES (2181, 25, 276);
INSERT INTO ITEMPED VALUES (2181, 31, 242);
INSERT INTO PEDIDO VALUES (2182, 60, 410, 11);
INSERT INTO ITEMPED VALUES (2182, 45, 21);
INSERT INTO ITEMPED VALUES (2182, 53, 185);
INSERT INTO PEDIDO VALUES (2183, 10, 870, 310);
INSERT INTO ITEMPED VALUES (2183, 53, 187);
INSERT INTO PEDIDO VALUES (2184, 20, 871, 240);
INSERT INTO ITEMPED VALUES (2184, 78, 3);
INSERT INTO PEDIDO VALUES (2185, 45, 180, 209);
INSERT INTO ITEMPED VALUES (2185, 13, 287);
INSERT INTO ITEMPED VALUES (2185, 22, 294);
INSERT INTO ITEMPED VALUES (2185, 25, 151);
INSERT INTO ITEMPED VALUES (2185, 31, 28);
INSERT INTO ITEMPED VALUES (2185, 45, 142);
INSERT INTO PEDIDO VALUES (2186, 10, 720, 101);
INSERT INTO ITEMPED VALUES (2186, 78, 229);
INSERT INTO ITEMPED VALUES (2186, 13, 124);
INSERT INTO ITEMPED VALUES (2186, 22, 83);
INSERT INTO ITEMPED VALUES (2186, 25, 162);
INSERT INTO PEDIDO VALUES (2187, 60, 871, 209);
INSERT INTO ITEMPED VALUES (2187, 53, 245);
INSERT INTO PEDIDO VALUES (2188, 20, 870, 310);
INSERT INTO ITEMPED VALUES (2188, 25, 260);
INSERT INTO ITEMPED VALUES (2188, 31, 12);
INSERT INTO PEDIDO VALUES (2189, 10, 830, 11);
INSERT INTO ITEMPED VALUES (2189, 22, 84);
INSERT INTO ITEMPED VALUES (2189, 25, 42);
INSERT INTO ITEMPED VALUES (2189, 31, 245);
INSERT INTO ITEMPED VALUES (2189, 45, 33);
INSERT INTO PEDIDO VALUES (2190, 20, 871, 250);
INSERT INTO ITEMPED VALUES (2190, 45, 206);
INSERT INTO PEDIDO VALUES (2191, 30, 410, 209);
INSERT INTO ITEMPED VALUES (2191, 53, 176);
INSERT INTO ITEMPED VALUES (2191, 77, 8);
INSERT INTO PEDIDO VALUES (2192, 10, 870, 11);
INSERT INTO ITEMPED VALUES (2192, 25, 227);
INSERT INTO PEDIDO VALUES (2193, 20, 720, 213);
INSERT INTO ITEMPED VALUES (2193, 45, 53);
INSERT INTO ITEMPED VALUES (2193, 53, 195);
INSERT INTO ITEMPED VALUES (2193, 77, 198);
INSERT INTO ITEMPED VALUES (2193, 78, 134);
INSERT INTO ITEMPED VALUES (2193, 13, 130);
INSERT INTO ITEMPED VALUES (2193, 22, 242);
INSERT INTO PEDIDO VALUES (2194, 10, 20, 101);
INSERT INTO ITEMPED VALUES (2194, 13, 53);
INSERT INTO ITEMPED VALUES (2194, 22, 213);
INSERT INTO PEDIDO VALUES (2195, 60, 180, 209);
INSERT INTO ITEMPED VALUES (2195, 78, 160);
INSERT INTO ITEMPED VALUES (2195, 13, 272);
INSERT INTO ITEMPED VALUES (2195, 22, 229);
INSERT INTO ITEMPED VALUES (2195, 25, 126);
INSERT INTO PEDIDO VALUES (2196, 10, 260, 310);
INSERT INTO ITEMPED VALUES (2196, 53, 251);
INSERT INTO ITEMPED VALUES (2196, 77, 102);
INSERT INTO PEDIDO VALUES (2197, 60, 180, 250);
INSERT INTO ITEMPED VALUES (2197, 13, 274);
INSERT INTO ITEMPED VALUES (2197, 22, 42);
INSERT INTO ITEMPED VALUES (2197, 25, 266);
INSERT INTO ITEMPED VALUES (2197, 31, 15);
INSERT INTO ITEMPED VALUES (2197, 45, 13);
INSERT INTO PEDIDO VALUES (2198, 45, 110, 11);
INSERT INTO ITEMPED VALUES (2198, 31, 17);
INSERT INTO ITEMPED VALUES (2198, 45, 227);
INSERT INTO PEDIDO VALUES (2199, 60, 390, 310);
INSERT INTO ITEMPED VALUES (2199, 77, 251);
INSERT INTO ITEMPED VALUES (2199, 78, 21);
INSERT INTO ITEMPED VALUES (2199, 13, 277);
INSERT INTO ITEMPED VALUES (2199, 22, 231);
INSERT INTO ITEMPED VALUES (2199, 25, 244);
INSERT INTO PEDIDO VALUES (2200, 45, 870, 11);
INSERT INTO ITEMPED VALUES (2200, 45, 26);
INSERT INTO ITEMPED VALUES (2200, 53, 77);
INSERT INTO PEDIDO VALUES (2201, 20, 260, 310);
INSERT INTO ITEMPED VALUES (2201, 78, 45);
INSERT INTO ITEMPED VALUES (2201, 13, 239);
INSERT INTO ITEMPED VALUES (2201, 22, 281);
INSERT INTO ITEMPED VALUES (2201, 25, 84);
INSERT INTO ITEMPED VALUES (2201, 31, 192);
INSERT INTO PEDIDO VALUES (2202, 10, 870, 720);
INSERT INTO ITEMPED VALUES (2202, 45, 118);
INSERT INTO PEDIDO VALUES (2203, 30, 871, 310);
INSERT INTO ITEMPED VALUES (2203, 53, 40);
INSERT INTO ITEMPED VALUES (2203, 77, 255);
INSERT INTO PEDIDO VALUES (2204, 20, 830, 250);
INSERT INTO ITEMPED VALUES (2204, 13, 217);
INSERT INTO ITEMPED VALUES (2204, 22, 264);
INSERT INTO ITEMPED VALUES (2204, 25, 4);
INSERT INTO ITEMPED VALUES (2204, 31, 190);
INSERT INTO ITEMPED VALUES (2204, 45, 207);
INSERT INTO PEDIDO VALUES (2205, 10, 410, 720);
INSERT INTO ITEMPED VALUES (2205, 22, 187);
INSERT INTO ITEMPED VALUES (2205, 25, 271);
INSERT INTO ITEMPED VALUES (2205, 31, 201);
INSERT INTO ITEMPED VALUES (2205, 45, 196);
INSERT INTO ITEMPED VALUES (2205, 53, 178);
INSERT INTO PEDIDO VALUES (2206, 30, 20, 310);
INSERT INTO ITEMPED VALUES (2206, 78, 40);
INSERT INTO ITEMPED VALUES (2206, 13, 80);
INSERT INTO ITEMPED VALUES (2206, 22, 96);
INSERT INTO ITEMPED VALUES (2206, 25, 129);
INSERT INTO ITEMPED VALUES (2206, 31, 241);
INSERT INTO PEDIDO VALUES (2207, 10, 390, 101);
INSERT INTO ITEMPED VALUES (2207, 13, 251);
INSERT INTO ITEMPED VALUES (2207, 22, 39);
INSERT INTO ITEMPED VALUES (2207, 25, 132);
INSERT INTO ITEMPED VALUES (2207, 31, 248);
INSERT INTO PEDIDO VALUES (2208, 20, 410, 111);
INSERT INTO ITEMPED VALUES (2208, 31, 113);
INSERT INTO ITEMPED VALUES (2208, 45, 177);
INSERT INTO ITEMPED VALUES (2208, 53, 248);
INSERT INTO ITEMPED VALUES (2208, 77, 254);
INSERT INTO ITEMPED VALUES (2208, 78, 69);
INSERT INTO ITEMPED VALUES (2208, 13, 233);
INSERT INTO PEDIDO VALUES (2209, 30, 180, 240);
INSERT INTO ITEMPED VALUES (2209, 25, 195);
INSERT INTO PEDIDO VALUES (2210, 10, 290, 209);
INSERT INTO ITEMPED VALUES (2210, 13, 155);
INSERT INTO ITEMPED VALUES (2210, 22, 127);
INSERT INTO ITEMPED VALUES (2210, 25, 253);
INSERT INTO ITEMPED VALUES (2210, 31, 302);
INSERT INTO ITEMPED VALUES (2210, 45, 177);
INSERT INTO PEDIDO VALUES (2211, 30, 260, 111);
INSERT INTO ITEMPED VALUES (2211, 45, 223);
INSERT INTO PEDIDO VALUES (2212, 10, 410, 310);
INSERT INTO ITEMPED VALUES (2212, 25, 272);
INSERT INTO PEDIDO VALUES (2213, 45, 871, 213);
INSERT INTO ITEMPED VALUES (2213, 78, 5);
INSERT INTO ITEMPED VALUES (2213, 13, 275);
INSERT INTO ITEMPED VALUES (2213, 22, 183);
INSERT INTO PEDIDO VALUES (2214, 60, 720, 250);
INSERT INTO ITEMPED VALUES (2214, 22, 236);
INSERT INTO ITEMPED VALUES (2214, 25, 274);
INSERT INTO ITEMPED VALUES (2214, 31, 27);
INSERT INTO PEDIDO VALUES (2215, 10, 290, 209);
INSERT INTO ITEMPED VALUES (2215, 53, 245);
INSERT INTO ITEMPED VALUES (2215, 77, 63);
INSERT INTO ITEMPED VALUES (2215, 78, 115);
INSERT INTO ITEMPED VALUES (2215, 13, 117);
INSERT INTO ITEMPED VALUES (2215, 22, 218);
INSERT INTO ITEMPED VALUES (2215, 25, 165);
INSERT INTO PEDIDO VALUES (2216, 30, 830, 11);
INSERT INTO ITEMPED VALUES (2216, 77, 22);
INSERT INTO PEDIDO VALUES (2217, 60, 290, 209);
INSERT INTO ITEMPED VALUES (2217, 78, 12);
INSERT INTO ITEMPED VALUES (2217, 13, 46);
INSERT INTO PEDIDO VALUES (2218, 20, 870, 240);
INSERT INTO ITEMPED VALUES (2218, 22, 170);
INSERT INTO PEDIDO VALUES (2219, 60, 290, 101);
INSERT INTO ITEMPED VALUES (2219, 45, 44);
INSERT INTO PEDIDO VALUES (2220, 20, 720, 250);
INSERT INTO ITEMPED VALUES (2220, 13, 267);
INSERT INTO ITEMPED VALUES (2220, 22, 261);
INSERT INTO ITEMPED VALUES (2220, 25, 156);
INSERT INTO ITEMPED VALUES (2220, 31, 261);
INSERT INTO ITEMPED VALUES (2220, 45, 302);
INSERT INTO ITEMPED VALUES (2220, 53, 148);
INSERT INTO PEDIDO VALUES (2221, 60, 20, 720);
INSERT INTO ITEMPED VALUES (2221, 45, 116);
INSERT INTO ITEMPED VALUES (2221, 53, 140);
INSERT INTO ITEMPED VALUES (2221, 77, 4);
INSERT INTO PEDIDO VALUES (2222, 10, 390, 310);
INSERT INTO ITEMPED VALUES (2222, 22, 101);
INSERT INTO ITEMPED VALUES (2222, 25, 189);
INSERT INTO PEDIDO VALUES (2223, 45, 290, 250);
INSERT INTO ITEMPED VALUES (2223, 53, 295);
INSERT INTO ITEMPED VALUES (2223, 77, 10);
INSERT INTO ITEMPED VALUES (2223, 78, 234);
INSERT INTO PEDIDO VALUES (2224, 20, 870, 240);
INSERT INTO ITEMPED VALUES (2224, 77, 227);
INSERT INTO ITEMPED VALUES (2224, 78, 85);
INSERT INTO ITEMPED VALUES (2224, 13, 147);
INSERT INTO ITEMPED VALUES (2224, 22, 159);
INSERT INTO ITEMPED VALUES (2224, 25, 232);
INSERT INTO PEDIDO VALUES (2225, 45, 720, 720);
INSERT INTO ITEMPED VALUES (2225, 13, 294);
INSERT INTO PEDIDO VALUES (2226, 20, 830, 240);
INSERT INTO ITEMPED VALUES (2226, 77, 78);
INSERT INTO ITEMPED VALUES (2226, 78, 15);
INSERT INTO ITEMPED VALUES (2226, 13, 82);
INSERT INTO ITEMPED VALUES (2226, 22, 189);
INSERT INTO ITEMPED VALUES (2226, 25, 26);
INSERT INTO PEDIDO VALUES (2227, 45, 260, 111);
INSERT INTO ITEMPED VALUES (2227, 13, 149);
INSERT INTO PEDIDO VALUES (2228, 60, 180, 310);
INSERT INTO ITEMPED VALUES (2228, 45, 148);
INSERT INTO ITEMPED VALUES (2228, 53, 79);
INSERT INTO PEDIDO VALUES (2229, 45, 290, 209);
INSERT INTO ITEMPED VALUES (2229, 25, 137);
INSERT INTO ITEMPED VALUES (2229, 31, 272);
INSERT INTO ITEMPED VALUES (2229, 45, 31);
INSERT INTO ITEMPED VALUES (2229, 53, 218);
INSERT INTO PEDIDO VALUES (2230, 60, 260, 101);
INSERT INTO ITEMPED VALUES (2230, 45, 239);
INSERT INTO ITEMPED VALUES (2230, 53, 34);
INSERT INTO ITEMPED VALUES (2230, 77, 36);
INSERT INTO ITEMPED VALUES (2230, 78, 131);
INSERT INTO PEDIDO VALUES (2231, 10, 180, 111);
INSERT INTO ITEMPED VALUES (2231, 31, 86);
INSERT INTO PEDIDO VALUES (2232, 30, 870, 213);
INSERT INTO ITEMPED VALUES (2232, 22, 244);
INSERT INTO PEDIDO VALUES (2233, 10, 830, 111);
INSERT INTO ITEMPED VALUES (2233, 31, 119);
INSERT INTO ITEMPED VALUES (2233, 45, 32);
INSERT INTO ITEMPED VALUES (2233, 53, 228);
INSERT INTO ITEMPED VALUES (2233, 77, 211);
INSERT INTO PEDIDO VALUES (2234, 45, 871, 11);
INSERT INTO ITEMPED VALUES (2234, 13, 65);
INSERT INTO PEDIDO VALUES (2235, 30, 410, 240);
INSERT INTO ITEMPED VALUES (2235, 22, 197);
INSERT INTO ITEMPED VALUES (2235, 25, 271);
INSERT INTO ITEMPED VALUES (2235, 31, 221);
INSERT INTO PEDIDO VALUES (2236, 20, 871, 720);
INSERT INTO ITEMPED VALUES (2236, 77, 247);
INSERT INTO ITEMPED VALUES (2236, 78, 90);
INSERT INTO ITEMPED VALUES (2236, 13, 189);
INSERT INTO PEDIDO VALUES (2237, 45, 410, 101);
INSERT INTO ITEMPED VALUES (2237, 53, 245);
INSERT INTO ITEMPED VALUES (2237, 77, 242);
INSERT INTO PEDIDO VALUES (2238, 10, 260, 11);
INSERT INTO ITEMPED VALUES (2238, 77, 242);
INSERT INTO ITEMPED VALUES (2238, 78, 29);
INSERT INTO PEDIDO VALUES (2239, 45, 720, 111);
INSERT INTO ITEMPED VALUES (2239, 13, 147);
INSERT INTO ITEMPED VALUES (2239, 22, 185);
INSERT INTO PEDIDO VALUES (2240, 30, 871, 101);
INSERT INTO ITEMPED VALUES (2240, 45, 257);
INSERT INTO ITEMPED VALUES (2240, 53, 34);
INSERT INTO ITEMPED VALUES (2240, 77, 77);
INSERT INTO PEDIDO VALUES (2241, 20, 390, 111);
INSERT INTO ITEMPED VALUES (2241, 22, 123);
INSERT INTO ITEMPED VALUES (2241, 25, 205);
INSERT INTO ITEMPED VALUES (2241, 31, 16);
INSERT INTO ITEMPED VALUES (2241, 45, 20);
INSERT INTO ITEMPED VALUES (2241, 53, 146);
INSERT INTO ITEMPED VALUES (2241, 77, 226);
INSERT INTO PEDIDO VALUES (2242, 45, 830, 240);
INSERT INTO ITEMPED VALUES (2242, 53, 210);
INSERT INTO ITEMPED VALUES (2242, 77, 264);
INSERT INTO ITEMPED VALUES (2242, 78, 66);
INSERT INTO ITEMPED VALUES (2242, 13, 69);
INSERT INTO ITEMPED VALUES (2242, 22, 109);
INSERT INTO ITEMPED VALUES (2242, 25, 10);
INSERT INTO PEDIDO VALUES (2243, 30, 180, 209);
INSERT INTO ITEMPED VALUES (2243, 31, 32);
INSERT INTO ITEMPED VALUES (2243, 45, 227);
INSERT INTO ITEMPED VALUES (2243, 53, 192);
INSERT INTO ITEMPED VALUES (2243, 77, 104);
INSERT INTO PEDIDO VALUES (2244, 10, 870, 101);
INSERT INTO ITEMPED VALUES (2244, 13, 146);
INSERT INTO ITEMPED VALUES (2244, 22, 231);
INSERT INTO ITEMPED VALUES (2244, 25, 291);
INSERT INTO ITEMPED VALUES (2244, 31, 42);
INSERT INTO ITEMPED VALUES (2244, 45, 6);
INSERT INTO PEDIDO VALUES (2245, 60, 410, 250);
INSERT INTO ITEMPED VALUES (2245, 22, 99);
INSERT INTO ITEMPED VALUES (2245, 25, 144);
INSERT INTO PEDIDO VALUES (2246, 45, 290, 310);
INSERT INTO ITEMPED VALUES (2246, 53, 21);
INSERT INTO ITEMPED VALUES (2246, 77, 134);
INSERT INTO PEDIDO VALUES (2247, 30, 871, 213);
INSERT INTO ITEMPED VALUES (2247, 31, 54);
INSERT INTO ITEMPED VALUES (2247, 45, 172);
INSERT INTO PEDIDO VALUES (2248, 45, 830, 11);
INSERT INTO ITEMPED VALUES (2248, 77, 240);
INSERT INTO ITEMPED VALUES (2248, 78, 165);
INSERT INTO ITEMPED VALUES (2248, 13, 73);
INSERT INTO ITEMPED VALUES (2248, 22, 258);
INSERT INTO PEDIDO VALUES (2249, 30, 870, 209);
INSERT INTO ITEMPED VALUES (2249, 22, 253);
INSERT INTO ITEMPED VALUES (2249, 25, 103);
INSERT INTO PEDIDO VALUES (2250, 60, 180, 111);
INSERT INTO ITEMPED VALUES (2250, 13, 255);
INSERT INTO ITEMPED VALUES (2250, 22, 3);
INSERT INTO ITEMPED VALUES (2250, 25, 233);
INSERT INTO ITEMPED VALUES (2250, 31, 222);
INSERT INTO ITEMPED VALUES (2250, 45, 70);
INSERT INTO PEDIDO VALUES (2251, 30, 260, 213);
INSERT INTO ITEMPED VALUES (2251, 45, 51);
INSERT INTO ITEMPED VALUES (2251, 53, 25);
INSERT INTO ITEMPED VALUES (2251, 77, 236);
INSERT INTO ITEMPED VALUES (2251, 78, 82);
INSERT INTO PEDIDO VALUES (2252, 20, 871, 111);
INSERT INTO ITEMPED VALUES (2252, 13, 76);
INSERT INTO ITEMPED VALUES (2252, 22, 126);
INSERT INTO ITEMPED VALUES (2252, 25, 16);
INSERT INTO ITEMPED VALUES (2252, 31, 29);
INSERT INTO ITEMPED VALUES (2252, 45, 21);
INSERT INTO ITEMPED VALUES (2252, 53, 112);
INSERT INTO PEDIDO VALUES (2253, 45, 720, 240);
INSERT INTO ITEMPED VALUES (2253, 31, 83);
INSERT INTO ITEMPED VALUES (2253, 45, 120);
INSERT INTO PEDIDO VALUES (2254, 30, 830, 250);
INSERT INTO ITEMPED VALUES (2254, 77, 268);
INSERT INTO ITEMPED VALUES (2254, 78, 23);
INSERT INTO ITEMPED VALUES (2254, 13, 184);
INSERT INTO ITEMPED VALUES (2254, 22, 104);
INSERT INTO ITEMPED VALUES (2254, 25, 93);
INSERT INTO ITEMPED VALUES (2254, 31, 156);
INSERT INTO PEDIDO VALUES (2255, 20, 871, 101);
INSERT INTO ITEMPED VALUES (2255, 45, 176);
INSERT INTO PEDIDO VALUES (2256, 45, 180, 11);
INSERT INTO ITEMPED VALUES (2256, 25, 256);
INSERT INTO ITEMPED VALUES (2256, 31, 78);
INSERT INTO ITEMPED VALUES (2256, 45, 69);
INSERT INTO ITEMPED VALUES (2256, 53, 212);
INSERT INTO ITEMPED VALUES (2256, 77, 32);
INSERT INTO ITEMPED VALUES (2256, 78, 199);
INSERT INTO PEDIDO VALUES (2257, 60, 870, 240);
INSERT INTO ITEMPED VALUES (2257, 77, 79);
INSERT INTO ITEMPED VALUES (2257, 78, 290);
INSERT INTO PEDIDO VALUES (2258, 30, 260, 11);
INSERT INTO ITEMPED VALUES (2258, 22, 177);
INSERT INTO ITEMPED VALUES (2258, 25, 255);
INSERT INTO ITEMPED VALUES (2258, 31, 110);
INSERT INTO ITEMPED VALUES (2258, 45, 99);
INSERT INTO PEDIDO VALUES (2259, 60, 871, 111);
INSERT INTO ITEMPED VALUES (2259, 53, 77);
INSERT INTO ITEMPED VALUES (2259, 77, 38);
INSERT INTO PEDIDO VALUES (2260, 10, 290, 720);
INSERT INTO ITEMPED VALUES (2260, 45, 23);
INSERT INTO PEDIDO VALUES (2261, 30, 390, 213);
INSERT INTO ITEMPED VALUES (2261, 31, 122);
INSERT INTO ITEMPED VALUES (2261, 45, 181);
INSERT INTO ITEMPED VALUES (2261, 53, 202);
INSERT INTO PEDIDO VALUES (2262, 45, 20, 11);
INSERT INTO ITEMPED VALUES (2262, 53, 162);
INSERT INTO ITEMPED VALUES (2262, 77, 79);
INSERT INTO ITEMPED VALUES (2262, 78, 114);
INSERT INTO PEDIDO VALUES (2263, 30, 110, 209);
INSERT INTO ITEMPED VALUES (2263, 25, 73);
INSERT INTO ITEMPED VALUES (2263, 31, 230);
INSERT INTO ITEMPED VALUES (2263, 45, 119);
INSERT INTO PEDIDO VALUES (2264, 20, 180, 101);
INSERT INTO ITEMPED VALUES (2264, 53, 187);
INSERT INTO ITEMPED VALUES (2264, 77, 182);
INSERT INTO ITEMPED VALUES (2264, 78, 145);
INSERT INTO ITEMPED VALUES (2264, 13, 143);
INSERT INTO ITEMPED VALUES (2264, 22, 227);
INSERT INTO PEDIDO VALUES (2265, 30, 20, 250);
INSERT INTO ITEMPED VALUES (2265, 22, 271);
INSERT INTO ITEMPED VALUES (2265, 25, 282);
INSERT INTO ITEMPED VALUES (2265, 31, 122);
INSERT INTO ITEMPED VALUES (2265, 45, 48);
INSERT INTO ITEMPED VALUES (2265, 53, 53);
INSERT INTO PEDIDO VALUES (2266, 20, 180, 101);
INSERT INTO ITEMPED VALUES (2266, 25, 77);
INSERT INTO ITEMPED VALUES (2266, 31, 192);
INSERT INTO ITEMPED VALUES (2266, 45, 170);
INSERT INTO PEDIDO VALUES (2267, 45, 720, 209);
INSERT INTO ITEMPED VALUES (2267, 77, 169);
INSERT INTO ITEMPED VALUES (2267, 78, 58);
INSERT INTO ITEMPED VALUES (2267, 13, 147);
INSERT INTO PEDIDO VALUES (2268, 60, 830, 240);
INSERT INTO ITEMPED VALUES (2268, 22, 250);
INSERT INTO ITEMPED VALUES (2268, 25, 150);
INSERT INTO ITEMPED VALUES (2268, 31, 45);
INSERT INTO PEDIDO VALUES (2269, 10, 720, 209);
INSERT INTO ITEMPED VALUES (2269, 45, 39);
INSERT INTO ITEMPED VALUES (2269, 53, 251);
INSERT INTO ITEMPED VALUES (2269, 77, 221);
INSERT INTO ITEMPED VALUES (2269, 78, 69);
INSERT INTO PEDIDO VALUES (2270, 30, 260, 111);
INSERT INTO ITEMPED VALUES (2270, 25, 229);
INSERT INTO ITEMPED VALUES (2270, 31, 269);
INSERT INTO ITEMPED VALUES (2270, 45, 36);
INSERT INTO ITEMPED VALUES (2270, 53, 113);
INSERT INTO ITEMPED VALUES (2270, 77, 134);
INSERT INTO PEDIDO VALUES (2271, 20, 390, 209);
INSERT INTO ITEMPED VALUES (2271, 22, 268);
INSERT INTO ITEMPED VALUES (2271, 25, 107);
INSERT INTO ITEMPED VALUES (2271, 31, 79);
INSERT INTO ITEMPED VALUES (2271, 45, 234);
INSERT INTO ITEMPED VALUES (2271, 53, 292);
INSERT INTO PEDIDO VALUES (2272, 60, 180, 213);
INSERT INTO ITEMPED VALUES (2272, 13, 61);
INSERT INTO ITEMPED VALUES (2272, 22, 186);
INSERT INTO PEDIDO VALUES (2273, 45, 870, 240);
INSERT INTO ITEMPED VALUES (2273, 22, 15);
INSERT INTO ITEMPED VALUES (2273, 25, 254);
INSERT INTO ITEMPED VALUES (2273, 31, 38);
INSERT INTO ITEMPED VALUES (2273, 45, 25);
INSERT INTO ITEMPED VALUES (2273, 53, 206);
INSERT INTO PEDIDO VALUES (2274, 60, 410, 720);
INSERT INTO ITEMPED VALUES (2274, 77, 12);
INSERT INTO ITEMPED VALUES (2274, 78, 156);
INSERT INTO ITEMPED VALUES (2274, 13, 214);
INSERT INTO PEDIDO VALUES (2275, 10, 720, 250);
INSERT INTO ITEMPED VALUES (2275, 25, 264);
INSERT INTO ITEMPED VALUES (2275, 31, 257);
INSERT INTO PEDIDO VALUES (2276, 60, 390, 11);
INSERT INTO ITEMPED VALUES (2276, 22, 110);
INSERT INTO ITEMPED VALUES (2276, 25, 66);
INSERT INTO ITEMPED VALUES (2276, 31, 277);
INSERT INTO ITEMPED VALUES (2276, 45, 161);
INSERT INTO PEDIDO VALUES (2277, 20, 260, 213);
INSERT INTO ITEMPED VALUES (2277, 13, 193);
INSERT INTO PEDIDO VALUES (2278, 60, 410, 310);
INSERT INTO ITEMPED VALUES (2278, 77, 141);
INSERT INTO ITEMPED VALUES (2278, 78, 203);
INSERT INTO ITEMPED VALUES (2278, 13, 264);
INSERT INTO ITEMPED VALUES (2278, 22, 146);
INSERT INTO ITEMPED VALUES (2278, 25, 148);
INSERT INTO ITEMPED VALUES (2278, 31, 181);
INSERT INTO PEDIDO VALUES (2279, 10, 110, 11);
INSERT INTO ITEMPED VALUES (2279, 78, 5);
INSERT INTO ITEMPED VALUES (2279, 13, 102);
INSERT INTO ITEMPED VALUES (2279, 22, 178);
INSERT INTO ITEMPED VALUES (2279, 25, 42);
INSERT INTO PEDIDO VALUES (2280, 20, 390, 250);
INSERT INTO ITEMPED VALUES (2280, 45, 53);
INSERT INTO ITEMPED VALUES (2280, 53, 86);
INSERT INTO PEDIDO VALUES (2281, 30, 410, 111);
INSERT INTO ITEMPED VALUES (2281, 25, 146);
INSERT INTO ITEMPED VALUES (2281, 31, 242);
INSERT INTO PEDIDO VALUES (2282, 60, 720, 11);
INSERT INTO ITEMPED VALUES (2282, 77, 38);
INSERT INTO ITEMPED VALUES (2282, 78, 252);
INSERT INTO ITEMPED VALUES (2282, 13, 161);
INSERT INTO PEDIDO VALUES (2283, 20, 830, 310);
INSERT INTO ITEMPED VALUES (2283, 31, 172);
INSERT INTO PEDIDO VALUES (2284, 30, 260, 240);
INSERT INTO ITEMPED VALUES (2284, 25, 194);
INSERT INTO ITEMPED VALUES (2284, 31, 256);
INSERT INTO ITEMPED VALUES (2284, 45, 288);
INSERT INTO ITEMPED VALUES (2284, 53, 119);
INSERT INTO PEDIDO VALUES (2285, 60, 180, 11);
INSERT INTO ITEMPED VALUES (2285, 53, 276);
INSERT INTO PEDIDO VALUES (2286, 10, 871, 250);
INSERT INTO ITEMPED VALUES (2286, 13, 39);
INSERT INTO ITEMPED VALUES (2286, 22, 293);
INSERT INTO PEDIDO VALUES (2287, 30, 260, 11);
INSERT INTO ITEMPED VALUES (2287, 22, 288);
INSERT INTO ITEMPED VALUES (2287, 25, 230);
INSERT INTO ITEMPED VALUES (2287, 31, 292);
INSERT INTO ITEMPED VALUES (2287, 45, 170);
INSERT INTO ITEMPED VALUES (2287, 53, 235);
INSERT INTO ITEMPED VALUES (2287, 77, 5);
INSERT INTO PEDIDO VALUES (2288, 60, 871, 213);
INSERT INTO ITEMPED VALUES (2288, 25, 211);
INSERT INTO PEDIDO VALUES (2289, 20, 20, 240);
INSERT INTO ITEMPED VALUES (2289, 13, 6);
INSERT INTO PEDIDO VALUES (2290, 10, 180, 101);
INSERT INTO ITEMPED VALUES (2290, 77, 28);
INSERT INTO PEDIDO VALUES (2291, 45, 410, 240);
INSERT INTO ITEMPED VALUES (2291, 13, 207);
INSERT INTO ITEMPED VALUES (2291, 22, 173);
INSERT INTO PEDIDO VALUES (2292, 60, 830, 101);
INSERT INTO ITEMPED VALUES (2292, 25, 266);
INSERT INTO ITEMPED VALUES (2292, 31, 266);
INSERT INTO PEDIDO VALUES (2293, 45, 260, 310);
INSERT INTO ITEMPED VALUES (2293, 78, 283);
INSERT INTO ITEMPED VALUES (2293, 13, 74);
INSERT INTO PEDIDO VALUES (2294, 30, 410, 720);
INSERT INTO ITEMPED VALUES (2294, 77, 65);
INSERT INTO ITEMPED VALUES (2294, 78, 17);
INSERT INTO ITEMPED VALUES (2294, 13, 42);
INSERT INTO PEDIDO VALUES (2295, 20, 260, 213);
INSERT INTO ITEMPED VALUES (2295, 78, 211);
INSERT INTO ITEMPED VALUES (2295, 13, 124);
INSERT INTO PEDIDO VALUES (2296, 10, 110, 111);
INSERT INTO ITEMPED VALUES (2296, 77, 290);
INSERT INTO ITEMPED VALUES (2296, 78, 65);
INSERT INTO ITEMPED VALUES (2296, 13, 161);
INSERT INTO ITEMPED VALUES (2296, 22, 244);
INSERT INTO ITEMPED VALUES (2296, 25, 147);
INSERT INTO ITEMPED VALUES (2296, 31, 129);
INSERT INTO PEDIDO VALUES (2297, 20, 290, 720);
INSERT INTO ITEMPED VALUES (2297, 22, 235);
INSERT INTO ITEMPED VALUES (2297, 25, 238);
INSERT INTO ITEMPED VALUES (2297, 31, 275);
INSERT INTO PEDIDO VALUES (2298, 10, 390, 250);
INSERT INTO ITEMPED VALUES (2298, 25, 63);
INSERT INTO ITEMPED VALUES (2298, 31, 126);
INSERT INTO PEDIDO VALUES (2299, 60, 871, 720);
INSERT INTO ITEMPED VALUES (2299, 78, 282);
INSERT INTO ITEMPED VALUES (2299, 13, 186);
INSERT INTO ITEMPED VALUES (2299, 22, 244);
INSERT INTO PEDIDO VALUES (2300, 10, 260, 111);
INSERT INTO ITEMPED VALUES (2300, 53, 243);
INSERT INTO ITEMPED VALUES (2300, 77, 226);
INSERT INTO ITEMPED VALUES (2300, 78, 32);
INSERT INTO ITEMPED VALUES (2300, 13, 262);
INSERT INTO ITEMPED VALUES (2300, 22, 223);
INSERT INTO PEDIDO VALUES (2301, 20, 870, 101);
INSERT INTO ITEMPED VALUES (2301, 31, 43);
INSERT INTO ITEMPED VALUES (2301, 45, 185);
INSERT INTO ITEMPED VALUES (2301, 53, 144);
INSERT INTO ITEMPED VALUES (2301, 77, 95);
INSERT INTO ITEMPED VALUES (2301, 78, 65);
INSERT INTO PEDIDO VALUES (2302, 45, 110, 111);
INSERT INTO ITEMPED VALUES (2302, 13, 54);
INSERT INTO ITEMPED VALUES (2302, 22, 223);
INSERT INTO PEDIDO VALUES (2303, 60, 180, 101);
INSERT INTO ITEMPED VALUES (2303, 78, 142);
INSERT INTO PEDIDO VALUES (2304, 10, 720, 213);
INSERT INTO ITEMPED VALUES (2304, 13, 167);
INSERT INTO ITEMPED VALUES (2304, 22, 132);
INSERT INTO ITEMPED VALUES (2304, 25, 263);
INSERT INTO ITEMPED VALUES (2304, 31, 242);
INSERT INTO ITEMPED VALUES (2304, 45, 22);
INSERT INTO ITEMPED VALUES (2304, 53, 15);
INSERT INTO PEDIDO VALUES (2305, 45, 260, 250);
INSERT INTO ITEMPED VALUES (2305, 78, 278);
INSERT INTO ITEMPED VALUES (2305, 13, 296);
INSERT INTO ITEMPED VALUES (2305, 22, 296);
INSERT INTO ITEMPED VALUES (2305, 25, 91);
INSERT INTO ITEMPED VALUES (2305, 31, 42);
INSERT INTO ITEMPED VALUES (2305, 45, 66);
INSERT INTO PEDIDO VALUES (2306, 30, 870, 11);
INSERT INTO ITEMPED VALUES (2306, 45, 95);
INSERT INTO ITEMPED VALUES (2306, 53, 96);
INSERT INTO ITEMPED VALUES (2306, 77, 39);
INSERT INTO ITEMPED VALUES (2306, 78, 117);
INSERT INTO ITEMPED VALUES (2306, 13, 241);
INSERT INTO ITEMPED VALUES (2306, 22, 187);
INSERT INTO PEDIDO VALUES (2307, 45, 20, 101);
INSERT INTO ITEMPED VALUES (2307, 25, 157);
INSERT INTO ITEMPED VALUES (2307, 31, 276);
INSERT INTO PEDIDO VALUES (2308, 20, 260, 209);
INSERT INTO ITEMPED VALUES (2308, 13, 17);
INSERT INTO ITEMPED VALUES (2308, 22, 272);
INSERT INTO PEDIDO VALUES (2309, 30, 871, 111);
INSERT INTO ITEMPED VALUES (2309, 77, 100);
INSERT INTO ITEMPED VALUES (2309, 78, 262);
INSERT INTO ITEMPED VALUES (2309, 13, 272);
INSERT INTO ITEMPED VALUES (2309, 22, 165);
INSERT INTO PEDIDO VALUES (2310, 45, 180, 720);
INSERT INTO ITEMPED VALUES (2310, 22, 164);
INSERT INTO PEDIDO VALUES (2311, 60, 110, 213);
INSERT INTO ITEMPED VALUES (2311, 31, 228);
INSERT INTO ITEMPED VALUES (2311, 45, 243);
INSERT INTO PEDIDO VALUES (2312, 45, 720, 720);
INSERT INTO ITEMPED VALUES (2312, 22, 294);
INSERT INTO ITEMPED VALUES (2312, 25, 238);
INSERT INTO ITEMPED VALUES (2312, 31, 15);
INSERT INTO ITEMPED VALUES (2312, 45, 162);
INSERT INTO ITEMPED VALUES (2312, 53, 126);
INSERT INTO PEDIDO VALUES (2313, 60, 110, 111);
INSERT INTO ITEMPED VALUES (2313, 25, 189);
INSERT INTO ITEMPED VALUES (2313, 31, 43);
INSERT INTO ITEMPED VALUES (2313, 45, 233);
INSERT INTO ITEMPED VALUES (2313, 53, 238);
INSERT INTO PEDIDO VALUES (2314, 10, 20, 310);
INSERT INTO ITEMPED VALUES (2314, 77, 74);
INSERT INTO ITEMPED VALUES (2314, 78, 204);
INSERT INTO PEDIDO VALUES (2315, 30, 871, 209);
INSERT INTO ITEMPED VALUES (2315, 31, 104);
INSERT INTO ITEMPED VALUES (2315, 45, 207);
INSERT INTO ITEMPED VALUES (2315, 53, 108);
INSERT INTO ITEMPED VALUES (2315, 77, 141);
INSERT INTO ITEMPED VALUES (2315, 78, 289);
INSERT INTO PEDIDO VALUES (2316, 10, 180, 310);
INSERT INTO ITEMPED VALUES (2316, 53, 292);
INSERT INTO ITEMPED VALUES (2316, 77, 162);
INSERT INTO ITEMPED VALUES (2316, 78, 226);
INSERT INTO ITEMPED VALUES (2316, 13, 94);
INSERT INTO PEDIDO VALUES (2317, 60, 390, 240);
INSERT INTO ITEMPED VALUES (2317, 78, 232);
INSERT INTO ITEMPED VALUES (2317, 13, 131);
INSERT INTO PEDIDO VALUES (2318, 45, 410, 11);
INSERT INTO ITEMPED VALUES (2318, 45, 119);
INSERT INTO ITEMPED VALUES (2318, 53, 117);
INSERT INTO ITEMPED VALUES (2318, 77, 195);
INSERT INTO ITEMPED VALUES (2318, 78, 129);
INSERT INTO ITEMPED VALUES (2318, 13, 64);
INSERT INTO PEDIDO VALUES (2319, 20, 870, 209);
INSERT INTO ITEMPED VALUES (2319, 78, 66);
INSERT INTO ITEMPED VALUES (2319, 13, 157);
INSERT INTO ITEMPED VALUES (2319, 22, 17);
INSERT INTO ITEMPED VALUES (2319, 25, 87);
INSERT INTO PEDIDO VALUES (2320, 60, 390, 250);
INSERT INTO ITEMPED VALUES (2320, 77, 19);
INSERT INTO ITEMPED VALUES (2320, 78, 53);
INSERT INTO ITEMPED VALUES (2320, 13, 174);
INSERT INTO PEDIDO VALUES (2321, 45, 410, 310);
INSERT INTO ITEMPED VALUES (2321, 22, 165);
INSERT INTO ITEMPED VALUES (2321, 25, 147);
INSERT INTO ITEMPED VALUES (2321, 31, 109);
INSERT INTO ITEMPED VALUES (2321, 45, 252);
INSERT INTO ITEMPED VALUES (2321, 53, 302);
INSERT INTO PEDIDO VALUES (2322, 10, 870, 101);
INSERT INTO ITEMPED VALUES (2322, 31, 58);
INSERT INTO PEDIDO VALUES (2323, 60, 290, 240);
INSERT INTO ITEMPED VALUES (2323, 13, 257);
INSERT INTO ITEMPED VALUES (2323, 22, 272);
INSERT INTO ITEMPED VALUES (2323, 25, 46);
INSERT INTO ITEMPED VALUES (2323, 31, 90);
INSERT INTO ITEMPED VALUES (2323, 45, 14);
INSERT INTO PEDIDO VALUES (2324, 30, 870, 213);
INSERT INTO ITEMPED VALUES (2324, 25, 214);
INSERT INTO ITEMPED VALUES (2324, 31, 77);
INSERT INTO ITEMPED VALUES (2324, 45, 193);
INSERT INTO ITEMPED VALUES (2324, 53, 196);
INSERT INTO PEDIDO VALUES (2325, 10, 720, 250);
INSERT INTO ITEMPED VALUES (2325, 77, 166);
INSERT INTO ITEMPED VALUES (2325, 78, 9);
INSERT INTO PEDIDO VALUES (2326, 60, 290, 720);
INSERT INTO ITEMPED VALUES (2326, 31, 151);
INSERT INTO ITEMPED VALUES (2326, 45, 181);
INSERT INTO ITEMPED VALUES (2326, 53, 139);
INSERT INTO PEDIDO VALUES (2327, 30, 871, 213);
INSERT INTO ITEMPED VALUES (2327, 45, 201);
INSERT INTO ITEMPED VALUES (2327, 53, 284);
INSERT INTO ITEMPED VALUES (2327, 77, 188);
INSERT INTO PEDIDO VALUES (2328, 45, 720, 240);
INSERT INTO ITEMPED VALUES (2328, 53, 286);
INSERT INTO ITEMPED VALUES (2328, 77, 277);
INSERT INTO ITEMPED VALUES (2328, 78, 143);
INSERT INTO ITEMPED VALUES (2328, 13, 6);
INSERT INTO ITEMPED VALUES (2328, 22, 260);
INSERT INTO PEDIDO VALUES (2329, 60, 20, 213);
INSERT INTO ITEMPED VALUES (2329, 13, 253);
INSERT INTO ITEMPED VALUES (2329, 22, 221);
INSERT INTO ITEMPED VALUES (2329, 25, 154);
INSERT INTO ITEMPED VALUES (2329, 31, 130);
INSERT INTO ITEMPED VALUES (2329, 45, 174);
INSERT INTO ITEMPED VALUES (2329, 53, 284);
INSERT INTO PEDIDO VALUES (2330, 10, 870, 250);
INSERT INTO ITEMPED VALUES (2330, 78, 16);
INSERT INTO ITEMPED VALUES (2330, 13, 217);
INSERT INTO ITEMPED VALUES (2330, 22, 96);
INSERT INTO ITEMPED VALUES (2330, 25, 300);
INSERT INTO PEDIDO VALUES (2331, 20, 830, 101);
INSERT INTO ITEMPED VALUES (2331, 13, 86);
INSERT INTO ITEMPED VALUES (2331, 22, 44);
INSERT INTO ITEMPED VALUES (2331, 25, 174);
INSERT INTO PEDIDO VALUES (2332, 45, 290, 240);
INSERT INTO ITEMPED VALUES (2332, 22, 23);
INSERT INTO ITEMPED VALUES (2332, 25, 122);
INSERT INTO PEDIDO VALUES (2333, 20, 870, 213);
INSERT INTO ITEMPED VALUES (2333, 45, 31);
INSERT INTO ITEMPED VALUES (2333, 53, 232);
INSERT INTO ITEMPED VALUES (2333, 77, 119);
INSERT INTO ITEMPED VALUES (2333, 78, 221);
INSERT INTO ITEMPED VALUES (2333, 13, 275);
INSERT INTO ITEMPED VALUES (2333, 22, 114);
INSERT INTO PEDIDO VALUES (2334, 30, 871, 310);
INSERT INTO ITEMPED VALUES (2334, 78, 299);
INSERT INTO ITEMPED VALUES (2334, 13, 94);
INSERT INTO ITEMPED VALUES (2334, 22, 111);
INSERT INTO ITEMPED VALUES (2334, 25, 147);
INSERT INTO ITEMPED VALUES (2334, 31, 107);
INSERT INTO PEDIDO VALUES (2335, 10, 720, 240);
INSERT INTO ITEMPED VALUES (2335, 25, 139);
INSERT INTO ITEMPED VALUES (2335, 31, 198);
INSERT INTO ITEMPED VALUES (2335, 45, 162);
INSERT INTO ITEMPED VALUES (2335, 53, 163);
INSERT INTO PEDIDO VALUES (2336, 20, 180, 111);
INSERT INTO ITEMPED VALUES (2336, 45, 161);
INSERT INTO PEDIDO VALUES (2337, 10, 870, 240);
INSERT INTO ITEMPED VALUES (2337, 77, 296);
INSERT INTO ITEMPED VALUES (2337, 78, 26);
INSERT INTO PEDIDO VALUES (2338, 30, 110, 213);
INSERT INTO ITEMPED VALUES (2338, 78, 12);
INSERT INTO ITEMPED VALUES (2338, 13, 177);
INSERT INTO ITEMPED VALUES (2338, 22, 122);
INSERT INTO ITEMPED VALUES (2338, 25, 175);
INSERT INTO ITEMPED VALUES (2338, 31, 278);
INSERT INTO PEDIDO VALUES (2339, 10, 290, 111);
INSERT INTO ITEMPED VALUES (2339, 45, 94);
INSERT INTO PEDIDO VALUES (2340, 60, 390, 213);
INSERT INTO ITEMPED VALUES (2340, 22, 298);
INSERT INTO ITEMPED VALUES (2340, 25, 50);
INSERT INTO ITEMPED VALUES (2340, 31, 105);
INSERT INTO ITEMPED VALUES (2340, 45, 84);
INSERT INTO ITEMPED VALUES (2340, 53, 275);
INSERT INTO ITEMPED VALUES (2340, 77, 78);
INSERT INTO PEDIDO VALUES (2341, 10, 720, 720);
INSERT INTO ITEMPED VALUES (2341, 31, 72);
INSERT INTO ITEMPED VALUES (2341, 45, 60);
INSERT INTO ITEMPED VALUES (2341, 53, 77);
INSERT INTO PEDIDO VALUES (2342, 30, 20, 209);
INSERT INTO ITEMPED VALUES (2342, 77, 220);
INSERT INTO ITEMPED VALUES (2342, 78, 247);
INSERT INTO ITEMPED VALUES (2342, 13, 286);
INSERT INTO ITEMPED VALUES (2342, 22, 121);
INSERT INTO ITEMPED VALUES (2342, 25, 285);
INSERT INTO PEDIDO VALUES (2343, 20, 180, 310);
INSERT INTO ITEMPED VALUES (2343, 22, 168);
INSERT INTO ITEMPED VALUES (2343, 25, 157);
INSERT INTO PEDIDO VALUES (2344, 60, 260, 720);
INSERT INTO ITEMPED VALUES (2344, 53, 225);
INSERT INTO PEDIDO VALUES (2345, 10, 390, 101);
INSERT INTO ITEMPED VALUES (2345, 45, 73);
INSERT INTO ITEMPED VALUES (2345, 53, 233);
INSERT INTO ITEMPED VALUES (2345, 77, 35);
INSERT INTO ITEMPED VALUES (2345, 78, 75);
INSERT INTO PEDIDO VALUES (2346, 45, 410, 240);
INSERT INTO ITEMPED VALUES (2346, 22, 201);
INSERT INTO ITEMPED VALUES (2346, 25, 106);
INSERT INTO ITEMPED VALUES (2346, 31, 302);
INSERT INTO ITEMPED VALUES (2346, 45, 71);
INSERT INTO PEDIDO VALUES (2347, 10, 390, 720);
INSERT INTO ITEMPED VALUES (2347, 77, 152);
INSERT INTO ITEMPED VALUES (2347, 78, 72);
INSERT INTO ITEMPED VALUES (2347, 13, 43);
INSERT INTO PEDIDO VALUES (2348, 30, 110, 111);
INSERT INTO ITEMPED VALUES (2348, 13, 106);
INSERT INTO ITEMPED VALUES (2348, 22, 193);
INSERT INTO ITEMPED VALUES (2348, 25, 61);
INSERT INTO ITEMPED VALUES (2348, 31, 114);
INSERT INTO ITEMPED VALUES (2348, 45, 205);
INSERT INTO PEDIDO VALUES (2349, 10, 830, 240);
INSERT INTO ITEMPED VALUES (2349, 25, 54);
INSERT INTO ITEMPED VALUES (2349, 31, 136);
INSERT INTO ITEMPED VALUES (2349, 45, 147);
INSERT INTO ITEMPED VALUES (2349, 53, 82);
INSERT INTO PEDIDO VALUES (2350, 60, 720, 111);
INSERT INTO ITEMPED VALUES (2350, 31, 88);
INSERT INTO ITEMPED VALUES (2350, 45, 23);
INSERT INTO ITEMPED VALUES (2350, 53, 267);
INSERT INTO ITEMPED VALUES (2350, 77, 258);
INSERT INTO ITEMPED VALUES (2350, 78, 212);
INSERT INTO PEDIDO VALUES (2351, 20, 260, 101);
INSERT INTO ITEMPED VALUES (2351, 45, 111);
INSERT INTO ITEMPED VALUES (2351, 53, 114);
INSERT INTO ITEMPED VALUES (2351, 77, 23);
INSERT INTO PEDIDO VALUES (2352, 10, 410, 250);
INSERT INTO ITEMPED VALUES (2352, 77, 161);
INSERT INTO ITEMPED VALUES (2352, 78, 230);
INSERT INTO ITEMPED VALUES (2352, 13, 178);
INSERT INTO PEDIDO VALUES (2353, 30, 830, 240);
INSERT INTO ITEMPED VALUES (2353, 53, 286);
INSERT INTO ITEMPED VALUES (2353, 77, 266);
INSERT INTO ITEMPED VALUES (2353, 78, 149);
INSERT INTO ITEMPED VALUES (2353, 13, 37);
INSERT INTO ITEMPED VALUES (2353, 22, 281);
INSERT INTO PEDIDO VALUES (2354, 10, 870, 111);
INSERT INTO ITEMPED VALUES (2354, 78, 193);
INSERT INTO ITEMPED VALUES (2354, 13, 231);
INSERT INTO ITEMPED VALUES (2354, 22, 93);
INSERT INTO ITEMPED VALUES (2354, 25, 270);
INSERT INTO PEDIDO VALUES (2355, 60, 390, 101);
INSERT INTO ITEMPED VALUES (2355, 53, 128);
INSERT INTO ITEMPED VALUES (2355, 77, 146);
INSERT INTO PEDIDO VALUES (2356, 30, 720, 11);
INSERT INTO ITEMPED VALUES (2356, 22, 120);
INSERT INTO ITEMPED VALUES (2356, 25, 110);
INSERT INTO ITEMPED VALUES (2356, 31, 100);
INSERT INTO ITEMPED VALUES (2356, 45, 192);
INSERT INTO ITEMPED VALUES (2356, 53, 147);
INSERT INTO PEDIDO VALUES (2357, 10, 830, 209);
INSERT INTO ITEMPED VALUES (2357, 78, 302);
INSERT INTO ITEMPED VALUES (2357, 13, 146);
INSERT INTO ITEMPED VALUES (2357, 22, 30);
INSERT INTO ITEMPED VALUES (2357, 25, 246);
INSERT INTO ITEMPED VALUES (2357, 31, 20);
INSERT INTO ITEMPED VALUES (2357, 45, 160);
INSERT INTO PEDIDO VALUES (2358, 30, 871, 720);
INSERT INTO ITEMPED VALUES (2358, 77, 49);
INSERT INTO ITEMPED VALUES (2358, 78, 153);
INSERT INTO ITEMPED VALUES (2358, 13, 216);
INSERT INTO PEDIDO VALUES (2359, 10, 20, 111);
INSERT INTO ITEMPED VALUES (2359, 25, 63);
INSERT INTO ITEMPED VALUES (2359, 31, 166);
INSERT INTO ITEMPED VALUES (2359, 45, 30);
INSERT INTO ITEMPED VALUES (2359, 53, 110);
INSERT INTO ITEMPED VALUES (2359, 77, 217);
INSERT INTO ITEMPED VALUES (2359, 78, 132);
INSERT INTO PEDIDO VALUES (2360, 30, 290, 250);
INSERT INTO ITEMPED VALUES (2360, 77, 131);
INSERT INTO ITEMPED VALUES (2360, 78, 254);
INSERT INTO ITEMPED VALUES (2360, 13, 102);
INSERT INTO PEDIDO VALUES (2361, 20, 870, 310);
INSERT INTO ITEMPED VALUES (2361, 31, 256);
INSERT INTO ITEMPED VALUES (2361, 45, 30);
INSERT INTO ITEMPED VALUES (2361, 53, 140);
INSERT INTO ITEMPED VALUES (2361, 77, 215);
INSERT INTO ITEMPED VALUES (2361, 78, 289);
INSERT INTO ITEMPED VALUES (2361, 13, 292);
INSERT INTO PEDIDO VALUES (2362, 60, 290, 11);
INSERT INTO ITEMPED VALUES (2362, 45, 189);
INSERT INTO ITEMPED VALUES (2362, 53, 158);
INSERT INTO ITEMPED VALUES (2362, 77, 109);
INSERT INTO ITEMPED VALUES (2362, 78, 223);
INSERT INTO ITEMPED VALUES (2362, 13, 15);
INSERT INTO PEDIDO VALUES (2363, 20, 720, 240);
INSERT INTO ITEMPED VALUES (2363, 22, 94);
INSERT INTO ITEMPED VALUES (2363, 25, 64);
INSERT INTO ITEMPED VALUES (2363, 31, 27);
INSERT INTO ITEMPED VALUES (2363, 45, 226);
INSERT INTO ITEMPED VALUES (2363, 53, 249);
INSERT INTO PEDIDO VALUES (2364, 30, 180, 209);
INSERT INTO ITEMPED VALUES (2364, 25, 169);
INSERT INTO ITEMPED VALUES (2364, 31, 30);
INSERT INTO ITEMPED VALUES (2364, 45, 12);
INSERT INTO ITEMPED VALUES (2364, 53, 189);
INSERT INTO ITEMPED VALUES (2364, 77, 150);
INSERT INTO PEDIDO VALUES (2365, 20, 720, 111);
INSERT INTO ITEMPED VALUES (2365, 13, 190);
INSERT INTO ITEMPED VALUES (2365, 22, 148);
INSERT INTO ITEMPED VALUES (2365, 25, 86);
INSERT INTO ITEMPED VALUES (2365, 31, 180);
INSERT INTO PEDIDO VALUES (2366, 45, 830, 11);
INSERT INTO ITEMPED VALUES (2366, 22, 290);
INSERT INTO ITEMPED VALUES (2366, 25, 104);
INSERT INTO ITEMPED VALUES (2366, 31, 28);
INSERT INTO ITEMPED VALUES (2366, 45, 29);
INSERT INTO ITEMPED VALUES (2366, 53, 248);
INSERT INTO PEDIDO VALUES (2367, 20, 720, 213);
INSERT INTO ITEMPED VALUES (2367, 13, 81);
INSERT INTO PEDIDO VALUES (2368, 10, 870, 111);
INSERT INTO ITEMPED VALUES (2368, 78, 253);
INSERT INTO ITEMPED VALUES (2368, 13, 241);
INSERT INTO ITEMPED VALUES (2368, 22, 290);
INSERT INTO ITEMPED VALUES (2368, 25, 243);
INSERT INTO ITEMPED VALUES (2368, 31, 251);
INSERT INTO ITEMPED VALUES (2368, 45, 15);
INSERT INTO PEDIDO VALUES (2369, 60, 260, 209);
INSERT INTO ITEMPED VALUES (2369, 25, 163);
INSERT INTO ITEMPED VALUES (2369, 31, 263);
INSERT INTO ITEMPED VALUES (2369, 45, 116);
INSERT INTO ITEMPED VALUES (2369, 53, 205);
INSERT INTO ITEMPED VALUES (2369, 77, 218);
INSERT INTO ITEMPED VALUES (2369, 78, 117);
INSERT INTO PEDIDO VALUES (2370, 10, 180, 101);
INSERT INTO ITEMPED VALUES (2370, 45, 58);
INSERT INTO ITEMPED VALUES (2370, 53, 46);
INSERT INTO PEDIDO VALUES (2371, 60, 260, 240);
INSERT INTO ITEMPED VALUES (2371, 77, 149);
INSERT INTO ITEMPED VALUES (2371, 78, 163);
INSERT INTO PEDIDO VALUES (2372, 45, 830, 209);
INSERT INTO ITEMPED VALUES (2372, 13, 268);
INSERT INTO ITEMPED VALUES (2372, 22, 8);
INSERT INTO ITEMPED VALUES (2372, 25, 212);
INSERT INTO ITEMPED VALUES (2372, 31, 13);
INSERT INTO PEDIDO VALUES (2373, 10, 870, 720);
INSERT INTO ITEMPED VALUES (2373, 25, 21);
INSERT INTO ITEMPED VALUES (2373, 31, 180);
INSERT INTO ITEMPED VALUES (2373, 45, 216);
INSERT INTO PEDIDO VALUES (2374, 20, 260, 240);
INSERT INTO ITEMPED VALUES (2374, 22, 243);
INSERT INTO PEDIDO VALUES (2375, 30, 720, 11);
INSERT INTO ITEMPED VALUES (2375, 25, 130);
INSERT INTO ITEMPED VALUES (2375, 31, 255);
INSERT INTO ITEMPED VALUES (2375, 45, 51);
INSERT INTO ITEMPED VALUES (2375, 53, 216);
INSERT INTO PEDIDO VALUES (2376, 10, 390, 111);
INSERT INTO ITEMPED VALUES (2376, 13, 281);
INSERT INTO ITEMPED VALUES (2376, 22, 265);
INSERT INTO ITEMPED VALUES (2376, 25, 187);
INSERT INTO ITEMPED VALUES (2376, 31, 276);
INSERT INTO ITEMPED VALUES (2376, 45, 94);
INSERT INTO ITEMPED VALUES (2376, 53, 36);
INSERT INTO PEDIDO VALUES (2377, 20, 870, 720);
INSERT INTO ITEMPED VALUES (2377, 77, 143);
INSERT INTO ITEMPED VALUES (2377, 78, 207);
INSERT INTO ITEMPED VALUES (2377, 13, 205);
INSERT INTO ITEMPED VALUES (2377, 22, 52);
INSERT INTO PEDIDO VALUES (2378, 10, 720, 209);
INSERT INTO ITEMPED VALUES (2378, 25, 273);
INSERT INTO ITEMPED VALUES (2378, 31, 145);
INSERT INTO ITEMPED VALUES (2378, 45, 156);
INSERT INTO ITEMPED VALUES (2378, 53, 55);
INSERT INTO PEDIDO VALUES (2379, 20, 830, 240);
INSERT INTO ITEMPED VALUES (2379, 45, 108);
INSERT INTO ITEMPED VALUES (2379, 53, 161);
INSERT INTO PEDIDO VALUES (2380, 10, 870, 250);
INSERT INTO ITEMPED VALUES (2380, 53, 64);
INSERT INTO ITEMPED VALUES (2380, 77, 238);
INSERT INTO ITEMPED VALUES (2380, 78, 215);
INSERT INTO ITEMPED VALUES (2380, 13, 33);
INSERT INTO PEDIDO VALUES (2381, 30, 290, 11);
INSERT INTO ITEMPED VALUES (2381, 22, 247);
INSERT INTO ITEMPED VALUES (2381, 25, 173);
INSERT INTO ITEMPED VALUES (2381, 31, 116);
INSERT INTO ITEMPED VALUES (2381, 45, 38);
INSERT INTO ITEMPED VALUES (2381, 53, 115);
INSERT INTO PEDIDO VALUES (2382, 60, 110, 240);
INSERT INTO ITEMPED VALUES (2382, 31, 178);
INSERT INTO ITEMPED VALUES (2382, 45, 41);
INSERT INTO ITEMPED VALUES (2382, 53, 32);
INSERT INTO ITEMPED VALUES (2382, 77, 60);
INSERT INTO PEDIDO VALUES (2383, 30, 20, 209);
INSERT INTO ITEMPED VALUES (2383, 53, 84);
INSERT INTO ITEMPED VALUES (2383, 77, 199);
INSERT INTO ITEMPED VALUES (2383, 78, 130);
INSERT INTO PEDIDO VALUES (2384, 45, 390, 11);
INSERT INTO ITEMPED VALUES (2384, 77, 68);
INSERT INTO ITEMPED VALUES (2384, 78, 271);
INSERT INTO PEDIDO VALUES (2385, 10, 260, 213);
INSERT INTO ITEMPED VALUES (2385, 31, 108);
INSERT INTO ITEMPED VALUES (2385, 45, 51);
INSERT INTO ITEMPED VALUES (2385, 53, 46);
INSERT INTO ITEMPED VALUES (2385, 77, 151);
INSERT INTO ITEMPED VALUES (2385, 78, 233);
INSERT INTO ITEMPED VALUES (2385, 13, 96);
INSERT INTO PEDIDO VALUES (2386, 30, 20, 111);
INSERT INTO ITEMPED VALUES (2386, 53, 203);
INSERT INTO ITEMPED VALUES (2386, 77, 287);
INSERT INTO PEDIDO VALUES (2387, 60, 110, 720);
INSERT INTO ITEMPED VALUES (2387, 31, 110);
INSERT INTO ITEMPED VALUES (2387, 45, 257);
INSERT INTO ITEMPED VALUES (2387, 53, 199);
INSERT INTO ITEMPED VALUES (2387, 77, 150);
INSERT INTO ITEMPED VALUES (2387, 78, 81);
INSERT INTO ITEMPED VALUES (2387, 13, 221);
INSERT INTO PEDIDO VALUES (2388, 30, 290, 209);
INSERT INTO ITEMPED VALUES (2388, 25, 279);
INSERT INTO ITEMPED VALUES (2388, 31, 232);
INSERT INTO ITEMPED VALUES (2388, 45, 247);
INSERT INTO ITEMPED VALUES (2388, 53, 131);
INSERT INTO ITEMPED VALUES (2388, 77, 20);
INSERT INTO ITEMPED VALUES (2388, 78, 23);
INSERT INTO PEDIDO VALUES (2389, 60, 390, 250);
INSERT INTO ITEMPED VALUES (2389, 13, 59);
INSERT INTO ITEMPED VALUES (2389, 22, 156);
INSERT INTO PEDIDO VALUES (2390, 45, 720, 209);
INSERT INTO ITEMPED VALUES (2390, 22, 271);
INSERT INTO ITEMPED VALUES (2390, 25, 184);
INSERT INTO ITEMPED VALUES (2390, 31, 224);
INSERT INTO ITEMPED VALUES (2390, 45, 224);
INSERT INTO PEDIDO VALUES (2391, 20, 871, 11);
INSERT INTO ITEMPED VALUES (2391, 53, 138);
INSERT INTO ITEMPED VALUES (2391, 77, 26);
INSERT INTO ITEMPED VALUES (2391, 78, 16);
INSERT INTO ITEMPED VALUES (2391, 13, 63);
INSERT INTO PEDIDO VALUES (2392, 10, 290, 720);
INSERT INTO ITEMPED VALUES (2392, 78, 22);
INSERT INTO ITEMPED VALUES (2392, 13, 128);
INSERT INTO ITEMPED VALUES (2392, 22, 204);
INSERT INTO PEDIDO VALUES (2393, 30, 180, 310);
INSERT INTO ITEMPED VALUES (2393, 53, 84);
INSERT INTO ITEMPED VALUES (2393, 77, 131);
INSERT INTO ITEMPED VALUES (2393, 78, 49);
INSERT INTO PEDIDO VALUES (2394, 60, 870, 11);
INSERT INTO ITEMPED VALUES (2394, 45, 89);
INSERT INTO ITEMPED VALUES (2394, 53, 135);
INSERT INTO ITEMPED VALUES (2394, 77, 51);
INSERT INTO ITEMPED VALUES (2394, 78, 67);
INSERT INTO PEDIDO VALUES (2395, 10, 871, 213);
INSERT INTO ITEMPED VALUES (2395, 77, 93);
INSERT INTO ITEMPED VALUES (2395, 78, 111);
INSERT INTO PEDIDO VALUES (2396, 45, 180, 720);
INSERT INTO ITEMPED VALUES (2396, 13, 183);
INSERT INTO ITEMPED VALUES (2396, 22, 173);
INSERT INTO PEDIDO VALUES (2397, 10, 871, 310);
INSERT INTO ITEMPED VALUES (2397, 22, 135);
INSERT INTO ITEMPED VALUES (2397, 25, 21);
INSERT INTO ITEMPED VALUES (2397, 31, 27);
INSERT INTO ITEMPED VALUES (2397, 45, 192);
INSERT INTO ITEMPED VALUES (2397, 53, 258);
INSERT INTO PEDIDO VALUES (2398, 60, 110, 213);
INSERT INTO ITEMPED VALUES (2398, 77, 197);
INSERT INTO PEDIDO VALUES (2399, 30, 390, 209);
INSERT INTO ITEMPED VALUES (2399, 31, 47);
INSERT INTO ITEMPED VALUES (2399, 45, 245);
INSERT INTO ITEMPED VALUES (2399, 53, 118);
INSERT INTO ITEMPED VALUES (2399, 77, 268);
INSERT INTO PEDIDO VALUES (2400, 20, 720, 240);
INSERT INTO ITEMPED VALUES (2400, 45, 47);
INSERT INTO ITEMPED VALUES (2400, 53, 40);
INSERT INTO ITEMPED VALUES (2400, 77, 35);
INSERT INTO PEDIDO VALUES (2401, 60, 110, 310);
INSERT INTO ITEMPED VALUES (2401, 53, 180);
INSERT INTO ITEMPED VALUES (2401, 77, 55);
INSERT INTO ITEMPED VALUES (2401, 78, 71);
INSERT INTO ITEMPED VALUES (2401, 13, 214);
INSERT INTO PEDIDO VALUES (2402, 30, 180, 209);
INSERT INTO ITEMPED VALUES (2402, 31, 207);
INSERT INTO ITEMPED VALUES (2402, 45, 166);
INSERT INTO ITEMPED VALUES (2402, 53, 31);
INSERT INTO ITEMPED VALUES (2402, 77, 77);
INSERT INTO PEDIDO VALUES (2403, 10, 290, 720);
INSERT INTO ITEMPED VALUES (2403, 53, 263);
INSERT INTO ITEMPED VALUES (2403, 77, 35);
INSERT INTO ITEMPED VALUES (2403, 78, 140);
INSERT INTO ITEMPED VALUES (2403, 13, 95);
INSERT INTO ITEMPED VALUES (2403, 22, 152);
INSERT INTO PEDIDO VALUES (2404, 20, 720, 213);
INSERT INTO ITEMPED VALUES (2404, 78, 232);
INSERT INTO ITEMPED VALUES (2404, 13, 91);
INSERT INTO PEDIDO VALUES (2405, 60, 180, 209);
INSERT INTO ITEMPED VALUES (2405, 45, 291);
INSERT INTO ITEMPED VALUES (2405, 53, 27);
INSERT INTO PEDIDO VALUES (2406, 45, 260, 250);
INSERT INTO ITEMPED VALUES (2406, 53, 29);
INSERT INTO ITEMPED VALUES (2406, 77, 300);
INSERT INTO PEDIDO VALUES (2407, 10, 290, 310);
INSERT INTO ITEMPED VALUES (2407, 77, 238);
INSERT INTO ITEMPED VALUES (2407, 78, 6);
INSERT INTO ITEMPED VALUES (2407, 13, 4);
INSERT INTO ITEMPED VALUES (2407, 22, 14);
INSERT INTO ITEMPED VALUES (2407, 25, 112);
INSERT INTO ITEMPED VALUES (2407, 31, 121);
INSERT INTO PEDIDO VALUES (2408, 45, 720, 11);
INSERT INTO ITEMPED VALUES (2408, 13, 206);
INSERT INTO ITEMPED VALUES (2408, 22, 139);
INSERT INTO ITEMPED VALUES (2408, 25, 272);
INSERT INTO ITEMPED VALUES (2408, 31, 212);
INSERT INTO ITEMPED VALUES (2408, 45, 123);
INSERT INTO PEDIDO VALUES (2409, 10, 290, 310);
INSERT INTO ITEMPED VALUES (2409, 77, 168);
INSERT INTO PEDIDO VALUES (2410, 60, 830, 111);
INSERT INTO ITEMPED VALUES (2410, 22, 232);
INSERT INTO PEDIDO VALUES (2411, 30, 180, 209);
INSERT INTO ITEMPED VALUES (2411, 77, 23);
INSERT INTO ITEMPED VALUES (2411, 78, 111);
INSERT INTO ITEMPED VALUES (2411, 13, 200);
INSERT INTO PEDIDO VALUES (2412, 10, 260, 111);
INSERT INTO ITEMPED VALUES (2412, 13, 140);
INSERT INTO ITEMPED VALUES (2412, 22, 208);
INSERT INTO ITEMPED VALUES (2412, 25, 204);
INSERT INTO PEDIDO VALUES (2413, 30, 290, 240);
INSERT INTO ITEMPED VALUES (2413, 53, 30);
INSERT INTO ITEMPED VALUES (2413, 77, 296);
INSERT INTO ITEMPED VALUES (2413, 78, 301);
INSERT INTO ITEMPED VALUES (2413, 13, 93);
INSERT INTO ITEMPED VALUES (2413, 22, 31);
INSERT INTO ITEMPED VALUES (2413, 25, 216);
INSERT INTO PEDIDO VALUES (2414, 10, 390, 213);
INSERT INTO ITEMPED VALUES (2414, 31, 188);
INSERT INTO ITEMPED VALUES (2414, 45, 126);
INSERT INTO ITEMPED VALUES (2414, 53, 149);
INSERT INTO ITEMPED VALUES (2414, 77, 6);
INSERT INTO PEDIDO VALUES (2415, 60, 870, 720);
INSERT INTO ITEMPED VALUES (2415, 53, 236);
INSERT INTO ITEMPED VALUES (2415, 77, 192);
INSERT INTO PEDIDO VALUES (2416, 30, 390, 213);
INSERT INTO ITEMPED VALUES (2416, 77, 22);
INSERT INTO ITEMPED VALUES (2416, 78, 39);
INSERT INTO ITEMPED VALUES (2416, 13, 23);
INSERT INTO ITEMPED VALUES (2416, 22, 204);
INSERT INTO ITEMPED VALUES (2416, 25, 84);
INSERT INTO ITEMPED VALUES (2416, 31, 68);
INSERT INTO PEDIDO VALUES (2417, 45, 871, 101);
INSERT INTO ITEMPED VALUES (2417, 78, 4);
INSERT INTO PEDIDO VALUES (2418, 30, 870, 720);
INSERT INTO ITEMPED VALUES (2418, 45, 112);
INSERT INTO ITEMPED VALUES (2418, 53, 38);
INSERT INTO ITEMPED VALUES (2418, 77, 270);
INSERT INTO ITEMPED VALUES (2418, 78, 41);
INSERT INTO PEDIDO VALUES (2419, 20, 410, 213);
INSERT INTO ITEMPED VALUES (2419, 77, 152);
INSERT INTO ITEMPED VALUES (2419, 78, 158);
INSERT INTO PEDIDO VALUES (2420, 30, 110, 720);
INSERT INTO ITEMPED VALUES (2420, 45, 89);
INSERT INTO ITEMPED VALUES (2420, 53, 177);
INSERT INTO ITEMPED VALUES (2420, 77, 51);
INSERT INTO PEDIDO VALUES (2421, 20, 290, 213);
INSERT INTO ITEMPED VALUES (2421, 13, 155);
INSERT INTO ITEMPED VALUES (2421, 22, 5);
INSERT INTO ITEMPED VALUES (2421, 25, 68);
INSERT INTO ITEMPED VALUES (2421, 31, 184);
INSERT INTO ITEMPED VALUES (2421, 45, 254);
INSERT INTO PEDIDO VALUES (2422, 30, 870, 240);
INSERT INTO ITEMPED VALUES (2422, 53, 186);
INSERT INTO ITEMPED VALUES (2422, 77, 108);
INSERT INTO ITEMPED VALUES (2422, 78, 84);
INSERT INTO ITEMPED VALUES (2422, 13, 171);
INSERT INTO PEDIDO VALUES (2423, 60, 410, 250);
INSERT INTO ITEMPED VALUES (2423, 77, 53);
INSERT INTO ITEMPED VALUES (2423, 78, 180);
INSERT INTO ITEMPED VALUES (2423, 13, 277);
INSERT INTO ITEMPED VALUES (2423, 22, 297);
INSERT INTO PEDIDO VALUES (2424, 10, 871, 213);
INSERT INTO ITEMPED VALUES (2424, 78, 272);
INSERT INTO ITEMPED VALUES (2424, 13, 271);
INSERT INTO ITEMPED VALUES (2424, 22, 268);
INSERT INTO ITEMPED VALUES (2424, 25, 79);
INSERT INTO ITEMPED VALUES (2424, 31, 153);
INSERT INTO ITEMPED VALUES (2424, 45, 115);
INSERT INTO PEDIDO VALUES (2425, 20, 180, 111);
INSERT INTO ITEMPED VALUES (2425, 31, 288);
INSERT INTO ITEMPED VALUES (2425, 45, 250);
INSERT INTO ITEMPED VALUES (2425, 53, 12);
INSERT INTO PEDIDO VALUES (2426, 60, 260, 310);
INSERT INTO ITEMPED VALUES (2426, 13, 99);
INSERT INTO ITEMPED VALUES (2426, 22, 104);
INSERT INTO ITEMPED VALUES (2426, 25, 26);
INSERT INTO ITEMPED VALUES (2426, 31, 41);
INSERT INTO PEDIDO VALUES (2427, 10, 110, 11);
INSERT INTO ITEMPED VALUES (2427, 22, 148);
INSERT INTO ITEMPED VALUES (2427, 25, 44);
INSERT INTO ITEMPED VALUES (2427, 31, 156);
INSERT INTO ITEMPED VALUES (2427, 45, 100);
INSERT INTO PEDIDO VALUES (2428, 20, 260, 720);
INSERT INTO ITEMPED VALUES (2428, 53, 34);
INSERT INTO ITEMPED VALUES (2428, 77, 214);
INSERT INTO ITEMPED VALUES (2428, 78, 18);
INSERT INTO ITEMPED VALUES (2428, 13, 87);
INSERT INTO ITEMPED VALUES (2428, 22, 180);
INSERT INTO ITEMPED VALUES (2428, 25, 257);
INSERT INTO PEDIDO VALUES (2429, 45, 20, 101);
INSERT INTO ITEMPED VALUES (2429, 25, 166);
INSERT INTO ITEMPED VALUES (2429, 31, 170);
INSERT INTO ITEMPED VALUES (2429, 45, 27);
INSERT INTO ITEMPED VALUES (2429, 53, 95);
INSERT INTO ITEMPED VALUES (2429, 77, 159);
INSERT INTO PEDIDO VALUES (2430, 60, 720, 213);
INSERT INTO ITEMPED VALUES (2430, 31, 242);
INSERT INTO ITEMPED VALUES (2430, 45, 230);
INSERT INTO ITEMPED VALUES (2430, 53, 251);
INSERT INTO ITEMPED VALUES (2430, 77, 10);
INSERT INTO ITEMPED VALUES (2430, 78, 48);
INSERT INTO PEDIDO VALUES (2431, 45, 260, 310);
INSERT INTO ITEMPED VALUES (2431, 13, 273);
INSERT INTO ITEMPED VALUES (2431, 22, 200);
INSERT INTO ITEMPED VALUES (2431, 25, 78);
INSERT INTO PEDIDO VALUES (2432, 20, 110, 720);
INSERT INTO ITEMPED VALUES (2432, 53, 125);
INSERT INTO PEDIDO VALUES (2433, 60, 390, 310);
INSERT INTO ITEMPED VALUES (2433, 25, 301);
INSERT INTO ITEMPED VALUES (2433, 31, 139);
INSERT INTO ITEMPED VALUES (2433, 45, 178);
INSERT INTO ITEMPED VALUES (2433, 53, 169);
INSERT INTO PEDIDO VALUES (2434, 20, 110, 240);
INSERT INTO ITEMPED VALUES (2434, 31, 152);
INSERT INTO ITEMPED VALUES (2434, 45, 223);
INSERT INTO ITEMPED VALUES (2434, 53, 38);
INSERT INTO ITEMPED VALUES (2434, 77, 96);
INSERT INTO PEDIDO VALUES (2435, 30, 410, 310);
INSERT INTO ITEMPED VALUES (2435, 78, 81);
INSERT INTO ITEMPED VALUES (2435, 13, 46);
INSERT INTO ITEMPED VALUES (2435, 22, 289);
INSERT INTO ITEMPED VALUES (2435, 25, 271);
INSERT INTO PEDIDO VALUES (2436, 10, 390, 209);
INSERT INTO ITEMPED VALUES (2436, 45, 250);
INSERT INTO ITEMPED VALUES (2436, 53, 29);
INSERT INTO ITEMPED VALUES (2436, 77, 251);
INSERT INTO PEDIDO VALUES (2437, 45, 20, 720);
INSERT INTO ITEMPED VALUES (2437, 78, 101);
INSERT INTO ITEMPED VALUES (2437, 13, 181);
INSERT INTO ITEMPED VALUES (2437, 22, 167);
INSERT INTO PEDIDO VALUES (2438, 10, 110, 213);
INSERT INTO ITEMPED VALUES (2438, 45, 50);
INSERT INTO ITEMPED VALUES (2438, 53, 216);
INSERT INTO ITEMPED VALUES (2438, 77, 292);
INSERT INTO ITEMPED VALUES (2438, 78, 296);
INSERT INTO PEDIDO VALUES (2439, 60, 20, 101);
INSERT INTO ITEMPED VALUES (2439, 31, 186);
INSERT INTO ITEMPED VALUES (2439, 45, 223);
INSERT INTO ITEMPED VALUES (2439, 53, 41);
INSERT INTO ITEMPED VALUES (2439, 77, 116);
INSERT INTO PEDIDO VALUES (2440, 10, 180, 209);
INSERT INTO ITEMPED VALUES (2440, 25, 244);
INSERT INTO ITEMPED VALUES (2440, 31, 158);
INSERT INTO ITEMPED VALUES (2440, 45, 190);
INSERT INTO ITEMPED VALUES (2440, 53, 110);
INSERT INTO PEDIDO VALUES (2441, 30, 290, 111);
INSERT INTO ITEMPED VALUES (2441, 31, 170);
INSERT INTO ITEMPED VALUES (2441, 45, 116);
INSERT INTO ITEMPED VALUES (2441, 53, 165);
INSERT INTO ITEMPED VALUES (2441, 77, 47);
INSERT INTO ITEMPED VALUES (2441, 78, 190);
INSERT INTO ITEMPED VALUES (2441, 13, 160);
INSERT INTO PEDIDO VALUES (2442, 20, 260, 720);
INSERT INTO ITEMPED VALUES (2442, 13, 153);
INSERT INTO ITEMPED VALUES (2442, 22, 40);
INSERT INTO ITEMPED VALUES (2442, 25, 117);
INSERT INTO PEDIDO VALUES (2443, 45, 870, 213);
INSERT INTO ITEMPED VALUES (2443, 77, 90);
INSERT INTO ITEMPED VALUES (2443, 78, 195);
INSERT INTO ITEMPED VALUES (2443, 13, 45);
INSERT INTO ITEMPED VALUES (2443, 22, 50);
INSERT INTO ITEMPED VALUES (2443, 25, 270);
INSERT INTO PEDIDO VALUES (2444, 30, 410, 101);
INSERT INTO ITEMPED VALUES (2444, 22, 172);
INSERT INTO ITEMPED VALUES (2444, 25, 265);
INSERT INTO ITEMPED VALUES (2444, 31, 47);
INSERT INTO ITEMPED VALUES (2444, 45, 252);
INSERT INTO PEDIDO VALUES (2445, 10, 110, 240);
INSERT INTO ITEMPED VALUES (2445, 53, 287);
INSERT INTO ITEMPED VALUES (2445, 77, 255);
INSERT INTO ITEMPED VALUES (2445, 78, 70);
INSERT INTO ITEMPED VALUES (2445, 13, 293);
INSERT INTO ITEMPED VALUES (2445, 22, 6);
INSERT INTO ITEMPED VALUES (2445, 25, 240);
INSERT INTO PEDIDO VALUES (2446, 60, 720, 720);
INSERT INTO ITEMPED VALUES (2446, 25, 12);
INSERT INTO ITEMPED VALUES (2446, 31, 282);
INSERT INTO ITEMPED VALUES (2446, 45, 72);
INSERT INTO ITEMPED VALUES (2446, 53, 38);
INSERT INTO PEDIDO VALUES (2447, 45, 110, 310);
INSERT INTO ITEMPED VALUES (2447, 77, 230);
INSERT INTO ITEMPED VALUES (2447, 78, 78);
INSERT INTO PEDIDO VALUES (2448, 20, 871, 209);
INSERT INTO ITEMPED VALUES (2448, 31, 272);
INSERT INTO ITEMPED VALUES (2448, 45, 76);
INSERT INTO ITEMPED VALUES (2448, 53, 36);
INSERT INTO ITEMPED VALUES (2448, 77, 293);
INSERT INTO ITEMPED VALUES (2448, 78, 216);
INSERT INTO ITEMPED VALUES (2448, 13, 59);
INSERT INTO PEDIDO VALUES (2449, 60, 180, 213);
INSERT INTO ITEMPED VALUES (2449, 13, 255);
INSERT INTO ITEMPED VALUES (2449, 22, 247);
INSERT INTO PEDIDO VALUES (2450, 45, 290, 111);
INSERT INTO ITEMPED VALUES (2450, 78, 15);
INSERT INTO ITEMPED VALUES (2450, 13, 279);
INSERT INTO ITEMPED VALUES (2450, 22, 202);
INSERT INTO ITEMPED VALUES (2450, 25, 102);
INSERT INTO ITEMPED VALUES (2450, 31, 110);
INSERT INTO PEDIDO VALUES (2451, 30, 871, 11);
INSERT INTO ITEMPED VALUES (2451, 45, 265);
INSERT INTO ITEMPED VALUES (2451, 53, 108);
INSERT INTO ITEMPED VALUES (2451, 77, 90);
INSERT INTO ITEMPED VALUES (2451, 78, 285);
INSERT INTO ITEMPED VALUES (2451, 13, 99);
INSERT INTO PEDIDO VALUES (2452, 60, 260, 101);
INSERT INTO ITEMPED VALUES (2452, 25, 219);
INSERT INTO ITEMPED VALUES (2452, 31, 221);
INSERT INTO ITEMPED VALUES (2452, 45, 27);
INSERT INTO ITEMPED VALUES (2452, 53, 266);
INSERT INTO PEDIDO VALUES (2453, 20, 390, 720);
INSERT INTO ITEMPED VALUES (2453, 31, 129);
INSERT INTO ITEMPED VALUES (2453, 45, 56);
INSERT INTO PEDIDO VALUES (2454, 45, 870, 209);
INSERT INTO ITEMPED VALUES (2454, 53, 20);
INSERT INTO PEDIDO VALUES (2455, 60, 410, 250);
INSERT INTO ITEMPED VALUES (2455, 77, 48);
INSERT INTO ITEMPED VALUES (2455, 78, 51);
INSERT INTO ITEMPED VALUES (2455, 13, 255);
INSERT INTO ITEMPED VALUES (2455, 22, 163);
INSERT INTO ITEMPED VALUES (2455, 25, 177);
INSERT INTO ITEMPED VALUES (2455, 31, 248);
INSERT INTO PEDIDO VALUES (2456, 45, 720, 101);
INSERT INTO ITEMPED VALUES (2456, 53, 153);
INSERT INTO ITEMPED VALUES (2456, 77, 86);
INSERT INTO ITEMPED VALUES (2456, 78, 4);
INSERT INTO PEDIDO VALUES (2457, 60, 290, 720);
INSERT INTO ITEMPED VALUES (2457, 13, 291);
INSERT INTO ITEMPED VALUES (2457, 22, 283);
INSERT INTO ITEMPED VALUES (2457, 25, 300);
INSERT INTO ITEMPED VALUES (2457, 31, 19);
INSERT INTO ITEMPED VALUES (2457, 45, 159);
INSERT INTO PEDIDO VALUES (2458, 20, 110, 213);
INSERT INTO ITEMPED VALUES (2458, 31, 290);
INSERT INTO ITEMPED VALUES (2458, 45, 74);
INSERT INTO ITEMPED VALUES (2458, 53, 218);
INSERT INTO ITEMPED VALUES (2458, 77, 65);
INSERT INTO ITEMPED VALUES (2458, 78, 105);
INSERT INTO PEDIDO VALUES (2459, 30, 410, 209);
INSERT INTO ITEMPED VALUES (2459, 25, 185);
INSERT INTO ITEMPED VALUES (2459, 31, 170);
INSERT INTO ITEMPED VALUES (2459, 45, 263);
INSERT INTO ITEMPED VALUES (2459, 53, 235);
INSERT INTO PEDIDO VALUES (2460, 60, 290, 720);
INSERT INTO ITEMPED VALUES (2460, 53, 133);
INSERT INTO ITEMPED VALUES (2460, 77, 52);
INSERT INTO ITEMPED VALUES (2460, 78, 219);
INSERT INTO ITEMPED VALUES (2460, 13, 298);
INSERT INTO ITEMPED VALUES (2460, 22, 6);
INSERT INTO ITEMPED VALUES (2460, 25, 271);
INSERT INTO PEDIDO VALUES (2461, 20, 390, 240);
INSERT INTO ITEMPED VALUES (2461, 13, 124);
INSERT INTO PEDIDO VALUES (2462, 30, 720, 209);
INSERT INTO ITEMPED VALUES (2462, 53, 21);
INSERT INTO ITEMPED VALUES (2462, 77, 204);
INSERT INTO ITEMPED VALUES (2462, 78, 161);
INSERT INTO ITEMPED VALUES (2462, 13, 258);
INSERT INTO PEDIDO VALUES (2463, 60, 410, 213);
INSERT INTO ITEMPED VALUES (2463, 45, 15);
INSERT INTO ITEMPED VALUES (2463, 53, 131);
INSERT INTO ITEMPED VALUES (2463, 77, 235);
INSERT INTO ITEMPED VALUES (2463, 78, 105);
INSERT INTO ITEMPED VALUES (2463, 13, 5);
INSERT INTO PEDIDO VALUES (2464, 30, 390, 240);
INSERT INTO ITEMPED VALUES (2464, 13, 45);
INSERT INTO PEDIDO VALUES (2465, 10, 830, 11);
INSERT INTO ITEMPED VALUES (2465, 53, 220);
INSERT INTO PEDIDO VALUES (2466, 60, 390, 250);
INSERT INTO ITEMPED VALUES (2466, 22, 231);
INSERT INTO ITEMPED VALUES (2466, 25, 170);
INSERT INTO ITEMPED VALUES (2466, 31, 210);
INSERT INTO ITEMPED VALUES (2466, 45, 54);
INSERT INTO ITEMPED VALUES (2466, 53, 37);
INSERT INTO ITEMPED VALUES (2466, 77, 285);
INSERT INTO PEDIDO VALUES (2467, 45, 871, 310);
INSERT INTO ITEMPED VALUES (2467, 45, 274);
INSERT INTO ITEMPED VALUES (2467, 53, 91);
INSERT INTO ITEMPED VALUES (2467, 77, 93);
INSERT INTO ITEMPED VALUES (2467, 78, 22);
INSERT INTO ITEMPED VALUES (2467, 13, 207);
INSERT INTO ITEMPED VALUES (2467, 22, 173);
INSERT INTO PEDIDO VALUES (2468, 60, 180, 720);
INSERT INTO ITEMPED VALUES (2468, 31, 118);
INSERT INTO ITEMPED VALUES (2468, 45, 143);
INSERT INTO ITEMPED VALUES (2468, 53, 34);
INSERT INTO PEDIDO VALUES (2469, 10, 290, 101);
INSERT INTO ITEMPED VALUES (2469, 25, 87);
INSERT INTO ITEMPED VALUES (2469, 31, 19);
INSERT INTO PEDIDO VALUES (2470, 20, 870, 111);
INSERT INTO ITEMPED VALUES (2470, 78, 235);
INSERT INTO PEDIDO VALUES (2471, 45, 290, 209);
INSERT INTO ITEMPED VALUES (2471, 22, 14);
INSERT INTO ITEMPED VALUES (2471, 25, 78);
INSERT INTO ITEMPED VALUES (2471, 31, 211);
INSERT INTO ITEMPED VALUES (2471, 45, 213);
INSERT INTO PEDIDO VALUES (2472, 10, 180, 240);
INSERT INTO ITEMPED VALUES (2472, 13, 174);
INSERT INTO ITEMPED VALUES (2472, 22, 171);
INSERT INTO PEDIDO VALUES (2473, 30, 260, 310);
INSERT INTO ITEMPED VALUES (2473, 45, 106);
INSERT INTO PEDIDO VALUES (2474, 10, 180, 209);
INSERT INTO ITEMPED VALUES (2474, 53, 10);
INSERT INTO ITEMPED VALUES (2474, 77, 91);
INSERT INTO ITEMPED VALUES (2474, 78, 112);
INSERT INTO ITEMPED VALUES (2474, 13, 247);
INSERT INTO ITEMPED VALUES (2474, 22, 50);
INSERT INTO PEDIDO VALUES (2475, 45, 870, 720);
INSERT INTO ITEMPED VALUES (2475, 78, 8);
INSERT INTO ITEMPED VALUES (2475, 13, 135);
INSERT INTO ITEMPED VALUES (2475, 22, 283);
INSERT INTO ITEMPED VALUES (2475, 25, 221);
INSERT INTO ITEMPED VALUES (2475, 31, 63);
INSERT INTO PEDIDO VALUES (2476, 30, 390, 250);
INSERT INTO ITEMPED VALUES (2476, 53, 52);
INSERT INTO ITEMPED VALUES (2476, 77, 260);
INSERT INTO PEDIDO VALUES (2477, 10, 180, 101);
INSERT INTO ITEMPED VALUES (2477, 25, 297);
INSERT INTO ITEMPED VALUES (2477, 31, 104);
INSERT INTO ITEMPED VALUES (2477, 45, 282);
INSERT INTO PEDIDO VALUES (2478, 45, 830, 213);
INSERT INTO ITEMPED VALUES (2478, 53, 126);
INSERT INTO ITEMPED VALUES (2478, 77, 300);
INSERT INTO PEDIDO VALUES (2479, 20, 871, 240);
INSERT INTO ITEMPED VALUES (2479, 25, 48);
INSERT INTO ITEMPED VALUES (2479, 31, 262);
INSERT INTO PEDIDO VALUES (2480, 10, 20, 720);
INSERT INTO ITEMPED VALUES (2480, 13, 72);
INSERT INTO ITEMPED VALUES (2480, 22, 53);
INSERT INTO PEDIDO VALUES (2481, 30, 870, 209);
INSERT INTO ITEMPED VALUES (2481, 53, 156);
INSERT INTO ITEMPED VALUES (2481, 77, 263);
INSERT INTO ITEMPED VALUES (2481, 78, 94);
INSERT INTO ITEMPED VALUES (2481, 13, 217);
INSERT INTO ITEMPED VALUES (2481, 22, 290);
INSERT INTO PEDIDO VALUES (2482, 45, 390, 250);
INSERT INTO ITEMPED VALUES (2482, 45, 116);
INSERT INTO ITEMPED VALUES (2482, 53, 86);
INSERT INTO ITEMPED VALUES (2482, 77, 161);
INSERT INTO ITEMPED VALUES (2482, 78, 66);
INSERT INTO ITEMPED VALUES (2482, 13, 231);
INSERT INTO PEDIDO VALUES (2483, 20, 720, 101);
INSERT INTO ITEMPED VALUES (2483, 78, 43);
INSERT INTO PEDIDO VALUES (2484, 45, 410, 310);
INSERT INTO ITEMPED VALUES (2484, 22, 193);
INSERT INTO ITEMPED VALUES (2484, 25, 208);
INSERT INTO ITEMPED VALUES (2484, 31, 116);
INSERT INTO ITEMPED VALUES (2484, 45, 289);
INSERT INTO PEDIDO VALUES (2485, 60, 830, 720);
INSERT INTO ITEMPED VALUES (2485, 78, 4);
INSERT INTO PEDIDO VALUES (2486, 20, 290, 213);
INSERT INTO ITEMPED VALUES (2486, 22, 19);
INSERT INTO ITEMPED VALUES (2486, 25, 41);
INSERT INTO ITEMPED VALUES (2486, 31, 126);
INSERT INTO ITEMPED VALUES (2486, 45, 57);
INSERT INTO ITEMPED VALUES (2486, 53, 63);
INSERT INTO PEDIDO VALUES (2487, 45, 260, 310);
INSERT INTO ITEMPED VALUES (2487, 78, 48);
INSERT INTO PEDIDO VALUES (2488, 20, 390, 111);
INSERT INTO ITEMPED VALUES (2488, 77, 96);
INSERT INTO ITEMPED VALUES (2488, 78, 59);
INSERT INTO ITEMPED VALUES (2488, 13, 295);
INSERT INTO ITEMPED VALUES (2488, 22, 57);
INSERT INTO ITEMPED VALUES (2488, 25, 256);
INSERT INTO ITEMPED VALUES (2488, 31, 171);
INSERT INTO PEDIDO VALUES (2489, 10, 720, 209);
INSERT INTO ITEMPED VALUES (2489, 22, 301);
INSERT INTO ITEMPED VALUES (2489, 25, 25);
INSERT INTO ITEMPED VALUES (2489, 31, 10);
INSERT INTO ITEMPED VALUES (2489, 45, 287);
INSERT INTO ITEMPED VALUES (2489, 53, 173);
INSERT INTO ITEMPED VALUES (2489, 77, 162);
INSERT INTO PEDIDO VALUES (2490, 30, 870, 240);
INSERT INTO ITEMPED VALUES (2490, 77, 110);
INSERT INTO ITEMPED VALUES (2490, 78, 273);
INSERT INTO PEDIDO VALUES (2491, 45, 390, 101);
INSERT INTO ITEMPED VALUES (2491, 53, 96);
INSERT INTO ITEMPED VALUES (2491, 77, 247);
INSERT INTO ITEMPED VALUES (2491, 78, 93);
INSERT INTO PEDIDO VALUES (2492, 10, 110, 111);
INSERT INTO ITEMPED VALUES (2492, 13, 233);
INSERT INTO ITEMPED VALUES (2492, 22, 112);
INSERT INTO ITEMPED VALUES (2492, 25, 117);
INSERT INTO ITEMPED VALUES (2492, 31, 203);
INSERT INTO ITEMPED VALUES (2492, 45, 71);
INSERT INTO ITEMPED VALUES (2492, 53, 253);
INSERT INTO PEDIDO VALUES (2493, 20, 410, 209);
INSERT INTO ITEMPED VALUES (2493, 31, 204);
INSERT INTO ITEMPED VALUES (2493, 45, 110);
INSERT INTO ITEMPED VALUES (2493, 53, 58);
INSERT INTO ITEMPED VALUES (2493, 77, 14);
INSERT INTO ITEMPED VALUES (2493, 78, 276);
INSERT INTO ITEMPED VALUES (2493, 13, 184);
INSERT INTO PEDIDO VALUES (2494, 45, 871, 213);
INSERT INTO ITEMPED VALUES (2494, 22, 262);
INSERT INTO PEDIDO VALUES (2495, 10, 110, 720);
INSERT INTO ITEMPED VALUES (2495, 31, 129);
INSERT INTO PEDIDO VALUES (2496, 45, 180, 250);
INSERT INTO ITEMPED VALUES (2496, 25, 105);
INSERT INTO ITEMPED VALUES (2496, 31, 40);
INSERT INTO ITEMPED VALUES (2496, 45, 79);
INSERT INTO ITEMPED VALUES (2496, 53, 127);
INSERT INTO ITEMPED VALUES (2496, 77, 274);
INSERT INTO ITEMPED VALUES (2496, 78, 42);
INSERT INTO PEDIDO VALUES (2497, 20, 290, 111);
INSERT INTO ITEMPED VALUES (2497, 13, 118);
INSERT INTO ITEMPED VALUES (2497, 22, 127);
INSERT INTO ITEMPED VALUES (2497, 25, 124);
INSERT INTO ITEMPED VALUES (2497, 31, 127);
INSERT INTO ITEMPED VALUES (2497, 45, 139);
INSERT INTO ITEMPED VALUES (2497, 53, 168);
INSERT INTO PEDIDO VALUES (2498, 10, 830, 209);
INSERT INTO ITEMPED VALUES (2498, 53, 266);
INSERT INTO ITEMPED VALUES (2498, 77, 104);
INSERT INTO ITEMPED VALUES (2498, 78, 66);
INSERT INTO ITEMPED VALUES (2498, 13, 198);
INSERT INTO ITEMPED VALUES (2498, 22, 223);
INSERT INTO ITEMPED VALUES (2498, 25, 210);
INSERT INTO PEDIDO VALUES (2499, 45, 20, 720);
INSERT INTO ITEMPED VALUES (2499, 13, 263);
INSERT INTO ITEMPED VALUES (2499, 22, 234);
INSERT INTO ITEMPED VALUES (2499, 25, 187);
INSERT INTO PEDIDO VALUES (2500, 60, 260, 111);
INSERT INTO ITEMPED VALUES (2500, 45, 275);
INSERT INTO ITEMPED VALUES (2500, 53, 73);
INSERT INTO PEDIDO VALUES (2501, 45, 180, 11);
INSERT INTO ITEMPED VALUES (2501, 53, 208);
INSERT INTO ITEMPED VALUES (2501, 77, 229);
INSERT INTO ITEMPED VALUES (2501, 78, 9);
INSERT INTO ITEMPED VALUES (2501, 13, 157);
INSERT INTO ITEMPED VALUES (2501, 22, 66);
INSERT INTO ITEMPED VALUES (2501, 25, 215);
INSERT INTO PEDIDO VALUES (2502, 30, 870, 213);
INSERT INTO ITEMPED VALUES (2502, 45, 31);
INSERT INTO ITEMPED VALUES (2502, 53, 200);
INSERT INTO ITEMPED VALUES (2502, 77, 96);
INSERT INTO ITEMPED VALUES (2502, 78, 212);
INSERT INTO PEDIDO VALUES (2503, 45, 260, 111);
INSERT INTO ITEMPED VALUES (2503, 22, 196);
INSERT INTO PEDIDO VALUES (2504, 20, 110, 240);
INSERT INTO ITEMPED VALUES (2504, 25, 107);
INSERT INTO ITEMPED VALUES (2504, 31, 50);
INSERT INTO ITEMPED VALUES (2504, 45, 83);
INSERT INTO ITEMPED VALUES (2504, 53, 291);
INSERT INTO PEDIDO VALUES (2505, 10, 290, 111);
INSERT INTO ITEMPED VALUES (2505, 45, 25);
INSERT INTO ITEMPED VALUES (2505, 53, 29);
INSERT INTO ITEMPED VALUES (2505, 77, 66);
INSERT INTO ITEMPED VALUES (2505, 78, 124);
INSERT INTO PEDIDO VALUES (2506, 45, 871, 209);
INSERT INTO ITEMPED VALUES (2506, 53, 205);
INSERT INTO ITEMPED VALUES (2506, 77, 130);
INSERT INTO ITEMPED VALUES (2506, 78, 226);
INSERT INTO ITEMPED VALUES (2506, 13, 266);
INSERT INTO ITEMPED VALUES (2506, 22, 262);
INSERT INTO PEDIDO VALUES (2507, 30, 830, 213);
INSERT INTO ITEMPED VALUES (2507, 45, 270);
INSERT INTO PEDIDO VALUES (2508, 45, 390, 310);
INSERT INTO ITEMPED VALUES (2508, 31, 283);
INSERT INTO PEDIDO VALUES (2509, 60, 870, 101);
INSERT INTO ITEMPED VALUES (2509, 22, 238);
INSERT INTO ITEMPED VALUES (2509, 25, 143);
INSERT INTO PEDIDO VALUES (2510, 30, 410, 11);
INSERT INTO ITEMPED VALUES (2510, 77, 72);
INSERT INTO ITEMPED VALUES (2510, 78, 294);
INSERT INTO ITEMPED VALUES (2510, 13, 87);
INSERT INTO PEDIDO VALUES (2511, 10, 390, 209);
INSERT INTO ITEMPED VALUES (2511, 78, 48);
INSERT INTO ITEMPED VALUES (2511, 13, 168);
INSERT INTO ITEMPED VALUES (2511, 22, 14);
INSERT INTO ITEMPED VALUES (2511, 25, 251);
INSERT INTO ITEMPED VALUES (2511, 31, 10);
INSERT INTO ITEMPED VALUES (2511, 45, 67);
INSERT INTO PEDIDO VALUES (2512, 30, 870, 111);
INSERT INTO ITEMPED VALUES (2512, 45, 9);
INSERT INTO ITEMPED VALUES (2512, 53, 59);
INSERT INTO ITEMPED VALUES (2512, 77, 224);
INSERT INTO ITEMPED VALUES (2512, 78, 113);
INSERT INTO ITEMPED VALUES (2512, 13, 19);
INSERT INTO ITEMPED VALUES (2512, 22, 136);
INSERT INTO PEDIDO VALUES (2513, 60, 20, 213);
INSERT INTO ITEMPED VALUES (2513, 25, 48);
INSERT INTO ITEMPED VALUES (2513, 31, 33);
INSERT INTO ITEMPED VALUES (2513, 45, 236);
INSERT INTO ITEMPED VALUES (2513, 53, 114);
INSERT INTO ITEMPED VALUES (2513, 77, 42);
INSERT INTO PEDIDO VALUES (2514, 30, 390, 240);
INSERT INTO ITEMPED VALUES (2514, 45, 109);
INSERT INTO ITEMPED VALUES (2514, 53, 154);
INSERT INTO PEDIDO VALUES (2515, 60, 870, 209);
INSERT INTO ITEMPED VALUES (2515, 22, 83);
INSERT INTO ITEMPED VALUES (2515, 25, 142);
INSERT INTO ITEMPED VALUES (2515, 31, 228);
INSERT INTO ITEMPED VALUES (2515, 45, 89);
INSERT INTO ITEMPED VALUES (2515, 53, 81);
INSERT INTO PEDIDO VALUES (2516, 30, 871, 310);
INSERT INTO ITEMPED VALUES (2516, 25, 140);
INSERT INTO ITEMPED VALUES (2516, 31, 211);
INSERT INTO ITEMPED VALUES (2516, 45, 256);
INSERT INTO ITEMPED VALUES (2516, 53, 41);
INSERT INTO ITEMPED VALUES (2516, 77, 277);
INSERT INTO PEDIDO VALUES (2517, 10, 410, 213);
INSERT INTO ITEMPED VALUES (2517, 78, 38);
INSERT INTO ITEMPED VALUES (2517, 13, 12);
INSERT INTO ITEMPED VALUES (2517, 22, 233);
INSERT INTO ITEMPED VALUES (2517, 25, 285);
INSERT INTO ITEMPED VALUES (2517, 31, 297);
INSERT INTO ITEMPED VALUES (2517, 45, 34);
INSERT INTO PEDIDO VALUES (2518, 30, 110, 101);
INSERT INTO ITEMPED VALUES (2518, 31, 89);
INSERT INTO ITEMPED VALUES (2518, 45, 184);
INSERT INTO ITEMPED VALUES (2518, 53, 74);
INSERT INTO ITEMPED VALUES (2518, 77, 178);
INSERT INTO PEDIDO VALUES (2519, 60, 290, 310);
INSERT INTO ITEMPED VALUES (2519, 13, 133);
INSERT INTO ITEMPED VALUES (2519, 22, 119);
INSERT INTO ITEMPED VALUES (2519, 25, 113);
INSERT INTO PEDIDO VALUES (2520, 20, 871, 250);
INSERT INTO ITEMPED VALUES (2520, 53, 268);
INSERT INTO ITEMPED VALUES (2520, 77, 57);
INSERT INTO ITEMPED VALUES (2520, 78, 210);
INSERT INTO ITEMPED VALUES (2520, 13, 16);
INSERT INTO PEDIDO VALUES (2521, 60, 110, 720);
INSERT INTO ITEMPED VALUES (2521, 78, 253);
INSERT INTO ITEMPED VALUES (2521, 13, 89);
INSERT INTO ITEMPED VALUES (2521, 22, 283);
INSERT INTO PEDIDO VALUES (2522, 10, 410, 240);
INSERT INTO ITEMPED VALUES (2522, 53, 55);
INSERT INTO PEDIDO VALUES (2523, 20, 110, 11);
INSERT INTO ITEMPED VALUES (2523, 78, 29);
INSERT INTO ITEMPED VALUES (2523, 13, 157);
INSERT INTO ITEMPED VALUES (2523, 22, 54);
INSERT INTO ITEMPED VALUES (2523, 25, 104);
INSERT INTO PEDIDO VALUES (2524, 30, 390, 209);
INSERT INTO ITEMPED VALUES (2524, 77, 200);
INSERT INTO ITEMPED VALUES (2524, 78, 299);
INSERT INTO ITEMPED VALUES (2524, 13, 243);
INSERT INTO PEDIDO VALUES (2525, 60, 260, 240);
INSERT INTO ITEMPED VALUES (2525, 78, 237);
INSERT INTO ITEMPED VALUES (2525, 13, 151);
INSERT INTO ITEMPED VALUES (2525, 22, 255);
INSERT INTO ITEMPED VALUES (2525, 25, 246);
INSERT INTO PEDIDO VALUES (2526, 45, 410, 720);
INSERT INTO ITEMPED VALUES (2526, 22, 239);
INSERT INTO ITEMPED VALUES (2526, 25, 53);
INSERT INTO PEDIDO VALUES (2527, 60, 20, 310);
INSERT INTO ITEMPED VALUES (2527, 31, 51);
INSERT INTO PEDIDO VALUES (2528, 20, 870, 720);
INSERT INTO ITEMPED VALUES (2528, 45, 39);
INSERT INTO ITEMPED VALUES (2528, 53, 68);
INSERT INTO ITEMPED VALUES (2528, 77, 9);
INSERT INTO ITEMPED VALUES (2528, 78, 130);
INSERT INTO ITEMPED VALUES (2528, 13, 118);
INSERT INTO ITEMPED VALUES (2528, 22, 158);
INSERT INTO PEDIDO VALUES (2529, 10, 720, 209);
INSERT INTO ITEMPED VALUES (2529, 31, 130);
INSERT INTO PEDIDO VALUES (2530, 20, 830, 310);
INSERT INTO ITEMPED VALUES (2530, 13, 149);
INSERT INTO ITEMPED VALUES (2530, 22, 300);
INSERT INTO ITEMPED VALUES (2530, 25, 172);
INSERT INTO ITEMPED VALUES (2530, 31, 122);
INSERT INTO PEDIDO VALUES (2531, 45, 20, 240);
INSERT INTO ITEMPED VALUES (2531, 78, 202);
INSERT INTO ITEMPED VALUES (2531, 13, 197);
INSERT INTO ITEMPED VALUES (2531, 22, 193);
INSERT INTO ITEMPED VALUES (2531, 25, 81);
INSERT INTO ITEMPED VALUES (2531, 31, 148);
INSERT INTO ITEMPED VALUES (2531, 45, 79);
INSERT INTO PEDIDO VALUES (2532, 60, 180, 213);
INSERT INTO ITEMPED VALUES (2532, 77, 81);
INSERT INTO ITEMPED VALUES (2532, 78, 48);
INSERT INTO ITEMPED VALUES (2532, 13, 56);
INSERT INTO ITEMPED VALUES (2532, 22, 189);
INSERT INTO ITEMPED VALUES (2532, 25, 51);
INSERT INTO ITEMPED VALUES (2532, 31, 182);
INSERT INTO PEDIDO VALUES (2533, 20, 871, 111);
INSERT INTO ITEMPED VALUES (2533, 25, 56);
INSERT INTO PEDIDO VALUES (2534, 10, 720, 240);
INSERT INTO ITEMPED VALUES (2534, 77, 194);
INSERT INTO ITEMPED VALUES (2534, 78, 4);
INSERT INTO ITEMPED VALUES (2534, 13, 262);
INSERT INTO PEDIDO VALUES (2535, 60, 390, 310);
INSERT INTO ITEMPED VALUES (2535, 78, 164);
INSERT INTO ITEMPED VALUES (2535, 13, 199);
INSERT INTO ITEMPED VALUES (2535, 22, 123);
INSERT INTO ITEMPED VALUES (2535, 25, 98);
INSERT INTO ITEMPED VALUES (2535, 31, 215);
INSERT INTO ITEMPED VALUES (2535, 45, 82);
INSERT INTO PEDIDO VALUES (2536, 45, 871, 240);
INSERT INTO ITEMPED VALUES (2536, 25, 223);
INSERT INTO ITEMPED VALUES (2536, 31, 138);
INSERT INTO PEDIDO VALUES (2537, 60, 870, 720);
INSERT INTO ITEMPED VALUES (2537, 78, 125);
INSERT INTO ITEMPED VALUES (2537, 13, 222);
INSERT INTO ITEMPED VALUES (2537, 22, 17);
INSERT INTO ITEMPED VALUES (2537, 25, 190);
INSERT INTO ITEMPED VALUES (2537, 31, 161);
INSERT INTO ITEMPED VALUES (2537, 45, 201);
INSERT INTO PEDIDO VALUES (2538, 30, 180, 213);
INSERT INTO ITEMPED VALUES (2538, 45, 102);
INSERT INTO ITEMPED VALUES (2538, 53, 297);
INSERT INTO ITEMPED VALUES (2538, 77, 18);
INSERT INTO PEDIDO VALUES (2539, 45, 260, 11);
INSERT INTO ITEMPED VALUES (2539, 77, 80);
INSERT INTO ITEMPED VALUES (2539, 78, 158);
INSERT INTO ITEMPED VALUES (2539, 13, 239);
INSERT INTO PEDIDO VALUES (2540, 30, 871, 213);
INSERT INTO ITEMPED VALUES (2540, 53, 41);
INSERT INTO PEDIDO VALUES (2541, 20, 390, 240);
INSERT INTO ITEMPED VALUES (2541, 78, 100);
INSERT INTO ITEMPED VALUES (2541, 13, 295);
INSERT INTO ITEMPED VALUES (2541, 22, 282);
INSERT INTO ITEMPED VALUES (2541, 25, 233);
INSERT INTO ITEMPED VALUES (2541, 31, 158);
INSERT INTO ITEMPED VALUES (2541, 45, 140);
INSERT INTO PEDIDO VALUES (2542, 45, 870, 213);
INSERT INTO ITEMPED VALUES (2542, 25, 109);
INSERT INTO ITEMPED VALUES (2542, 31, 230);
INSERT INTO ITEMPED VALUES (2542, 45, 68);
INSERT INTO ITEMPED VALUES (2542, 53, 22);
INSERT INTO ITEMPED VALUES (2542, 77, 270);
INSERT INTO PEDIDO VALUES (2543, 30, 20, 11);
INSERT INTO ITEMPED VALUES (2543, 78, 215);
INSERT INTO ITEMPED VALUES (2543, 13, 69);
INSERT INTO ITEMPED VALUES (2543, 22, 147);
INSERT INTO ITEMPED VALUES (2543, 25, 96);
INSERT INTO ITEMPED VALUES (2543, 31, 118);
INSERT INTO ITEMPED VALUES (2543, 45, 40);
INSERT INTO PEDIDO VALUES (2544, 45, 260, 720);
INSERT INTO ITEMPED VALUES (2544, 77, 120);
INSERT INTO PEDIDO VALUES (2545, 10, 720, 209);
INSERT INTO ITEMPED VALUES (2545, 13, 204);
INSERT INTO PEDIDO VALUES (2546, 60, 180, 250);
INSERT INTO ITEMPED VALUES (2546, 31, 246);
INSERT INTO ITEMPED VALUES (2546, 45, 221);
INSERT INTO PEDIDO VALUES (2547, 45, 720, 11);
INSERT INTO ITEMPED VALUES (2547, 78, 44);
INSERT INTO PEDIDO VALUES (2548, 10, 390, 240);
INSERT INTO ITEMPED VALUES (2548, 53, 258);
INSERT INTO ITEMPED VALUES (2548, 77, 85);
INSERT INTO ITEMPED VALUES (2548, 78, 201);
INSERT INTO ITEMPED VALUES (2548, 13, 63);
INSERT INTO ITEMPED VALUES (2548, 22, 73);
INSERT INTO ITEMPED VALUES (2548, 25, 174);
INSERT INTO PEDIDO VALUES (2549, 60, 410, 250);
INSERT INTO ITEMPED VALUES (2549, 13, 229);
INSERT INTO ITEMPED VALUES (2549, 22, 57);
INSERT INTO ITEMPED VALUES (2549, 25, 261);
INSERT INTO ITEMPED VALUES (2549, 31, 29);
INSERT INTO ITEMPED VALUES (2549, 45, 143);
INSERT INTO PEDIDO VALUES (2550, 30, 180, 11);
INSERT INTO ITEMPED VALUES (2550, 78, 25);
INSERT INTO ITEMPED VALUES (2550, 13, 100);
INSERT INTO ITEMPED VALUES (2550, 22, 199);
INSERT INTO PEDIDO VALUES (2551, 60, 870, 209);
INSERT INTO ITEMPED VALUES (2551, 25, 14);
INSERT INTO ITEMPED VALUES (2551, 31, 67);
INSERT INTO ITEMPED VALUES (2551, 45, 152);
INSERT INTO ITEMPED VALUES (2551, 53, 55);
INSERT INTO PEDIDO VALUES (2552, 20, 20, 213);
INSERT INTO ITEMPED VALUES (2552, 45, 203);
INSERT INTO ITEMPED VALUES (2552, 53, 176);
INSERT INTO ITEMPED VALUES (2552, 77, 65);
INSERT INTO PEDIDO VALUES (2553, 10, 870, 240);
INSERT INTO ITEMPED VALUES (2553, 13, 75);
INSERT INTO ITEMPED VALUES (2553, 22, 166);
INSERT INTO PEDIDO VALUES (2554, 20, 20, 111);
INSERT INTO ITEMPED VALUES (2554, 22, 81);
INSERT INTO ITEMPED VALUES (2554, 25, 245);
INSERT INTO ITEMPED VALUES (2554, 31, 10);
INSERT INTO ITEMPED VALUES (2554, 45, 121);
INSERT INTO ITEMPED VALUES (2554, 53, 140);
INSERT INTO PEDIDO VALUES (2555, 45, 290, 250);
INSERT INTO ITEMPED VALUES (2555, 45, 46);
INSERT INTO ITEMPED VALUES (2555, 53, 265);
INSERT INTO PEDIDO VALUES (2556, 20, 20, 111);
INSERT INTO ITEMPED VALUES (2556, 22, 174);
INSERT INTO ITEMPED VALUES (2556, 25, 85);
INSERT INTO PEDIDO VALUES (2557, 30, 720, 310);
INSERT INTO ITEMPED VALUES (2557, 25, 136);
INSERT INTO ITEMPED VALUES (2557, 31, 154);
INSERT INTO ITEMPED VALUES (2557, 45, 27);
INSERT INTO ITEMPED VALUES (2557, 53, 20);
INSERT INTO PEDIDO VALUES (2558, 45, 830, 101);
INSERT INTO ITEMPED VALUES (2558, 31, 76);
INSERT INTO ITEMPED VALUES (2558, 45, 210);
INSERT INTO ITEMPED VALUES (2558, 53, 196);
INSERT INTO ITEMPED VALUES (2558, 77, 202);
INSERT INTO ITEMPED VALUES (2558, 78, 278);
INSERT INTO PEDIDO VALUES (2559, 60, 20, 310);
INSERT INTO ITEMPED VALUES (2559, 78, 52);
INSERT INTO PEDIDO VALUES (2560, 10, 180, 720);
INSERT INTO ITEMPED VALUES (2560, 25, 103);
INSERT INTO ITEMPED VALUES (2560, 31, 188);
INSERT INTO ITEMPED VALUES (2560, 45, 159);
INSERT INTO ITEMPED VALUES (2560, 53, 185);
INSERT INTO ITEMPED VALUES (2560, 77, 10);
INSERT INTO PEDIDO VALUES (2561, 20, 830, 213);
INSERT INTO ITEMPED VALUES (2561, 31, 231);
INSERT INTO ITEMPED VALUES (2561, 45, 190);
INSERT INTO ITEMPED VALUES (2561, 53, 216);
INSERT INTO ITEMPED VALUES (2561, 77, 239);
INSERT INTO ITEMPED VALUES (2561, 78, 252);
INSERT INTO ITEMPED VALUES (2561, 13, 18);
INSERT INTO PEDIDO VALUES (2562, 30, 290, 111);
INSERT INTO ITEMPED VALUES (2562, 25, 188);
INSERT INTO PEDIDO VALUES (2563, 10, 720, 11);
INSERT INTO ITEMPED VALUES (2563, 78, 215);
INSERT INTO ITEMPED VALUES (2563, 13, 83);
INSERT INTO PEDIDO VALUES (2564, 45, 871, 310);
INSERT INTO ITEMPED VALUES (2564, 22, 157);
INSERT INTO PEDIDO VALUES (2565, 60, 290, 250);
INSERT INTO ITEMPED VALUES (2565, 13, 106);
INSERT INTO ITEMPED VALUES (2565, 22, 232);
INSERT INTO ITEMPED VALUES (2565, 25, 88);
INSERT INTO ITEMPED VALUES (2565, 31, 133);
INSERT INTO PEDIDO VALUES (2566, 10, 20, 101);
INSERT INTO ITEMPED VALUES (2566, 22, 111);
INSERT INTO ITEMPED VALUES (2566, 25, 82);
INSERT INTO ITEMPED VALUES (2566, 31, 245);
INSERT INTO PEDIDO VALUES (2567, 45, 390, 209);
INSERT INTO ITEMPED VALUES (2567, 31, 169);
INSERT INTO ITEMPED VALUES (2567, 45, 183);
INSERT INTO ITEMPED VALUES (2567, 53, 120);
INSERT INTO ITEMPED VALUES (2567, 77, 61);
INSERT INTO ITEMPED VALUES (2567, 78, 282);
INSERT INTO PEDIDO VALUES (2568, 30, 720, 720);
INSERT INTO ITEMPED VALUES (2568, 53, 61);
INSERT INTO ITEMPED VALUES (2568, 77, 65);
INSERT INTO ITEMPED VALUES (2568, 78, 115);
INSERT INTO ITEMPED VALUES (2568, 13, 99);
INSERT INTO ITEMPED VALUES (2568, 22, 66);
INSERT INTO PEDIDO VALUES (2569, 60, 870, 250);
INSERT INTO ITEMPED VALUES (2569, 13, 241);
INSERT INTO ITEMPED VALUES (2569, 22, 274);
INSERT INTO ITEMPED VALUES (2569, 25, 197);
INSERT INTO ITEMPED VALUES (2569, 31, 200);
INSERT INTO ITEMPED VALUES (2569, 45, 292);
INSERT INTO ITEMPED VALUES (2569, 53, 248);
INSERT INTO PEDIDO VALUES (2570, 20, 260, 209);
INSERT INTO ITEMPED VALUES (2570, 53, 214);
INSERT INTO ITEMPED VALUES (2570, 77, 62);
INSERT INTO ITEMPED VALUES (2570, 78, 98);
INSERT INTO ITEMPED VALUES (2570, 13, 114);
INSERT INTO PEDIDO VALUES (2571, 30, 20, 720);
INSERT INTO ITEMPED VALUES (2571, 77, 109);
INSERT INTO ITEMPED VALUES (2571, 78, 178);
INSERT INTO ITEMPED VALUES (2571, 13, 126);
INSERT INTO ITEMPED VALUES (2571, 22, 114);
INSERT INTO PEDIDO VALUES (2572, 60, 110, 240);
INSERT INTO ITEMPED VALUES (2572, 31, 268);
INSERT INTO PEDIDO VALUES (2573, 10, 290, 11);
INSERT INTO ITEMPED VALUES (2573, 53, 141);
INSERT INTO ITEMPED VALUES (2573, 77, 217);
INSERT INTO ITEMPED VALUES (2573, 78, 80);
INSERT INTO ITEMPED VALUES (2573, 13, 58);
INSERT INTO ITEMPED VALUES (2573, 22, 13);
INSERT INTO ITEMPED VALUES (2573, 25, 150);
INSERT INTO PEDIDO VALUES (2574, 30, 180, 310);
INSERT INTO ITEMPED VALUES (2574, 45, 283);
INSERT INTO PEDIDO VALUES (2575, 45, 20, 250);
INSERT INTO ITEMPED VALUES (2575, 31, 298);
INSERT INTO ITEMPED VALUES (2575, 45, 290);
INSERT INTO PEDIDO VALUES (2576, 10, 830, 11);
INSERT INTO ITEMPED VALUES (2576, 77, 156);
INSERT INTO ITEMPED VALUES (2576, 78, 153);
INSERT INTO PEDIDO VALUES (2577, 20, 410, 720);
INSERT INTO ITEMPED VALUES (2577, 78, 300);
INSERT INTO ITEMPED VALUES (2577, 13, 219);
INSERT INTO ITEMPED VALUES (2577, 22, 69);
INSERT INTO ITEMPED VALUES (2577, 25, 248);
INSERT INTO ITEMPED VALUES (2577, 31, 293);
INSERT INTO PEDIDO VALUES (2578, 60, 870, 11);
INSERT INTO ITEMPED VALUES (2578, 22, 82);
INSERT INTO ITEMPED VALUES (2578, 25, 263);
INSERT INTO ITEMPED VALUES (2578, 31, 267);
INSERT INTO ITEMPED VALUES (2578, 45, 70);
INSERT INTO ITEMPED VALUES (2578, 53, 49);
INSERT INTO ITEMPED VALUES (2578, 77, 283);
INSERT INTO PEDIDO VALUES (2579, 10, 180, 111);
INSERT INTO ITEMPED VALUES (2579, 53, 29);
INSERT INTO ITEMPED VALUES (2579, 77, 212);
INSERT INTO ITEMPED VALUES (2579, 78, 6);
INSERT INTO ITEMPED VALUES (2579, 13, 247);
INSERT INTO ITEMPED VALUES (2579, 22, 31);
INSERT INTO PEDIDO VALUES (2580, 60, 871, 11);
INSERT INTO ITEMPED VALUES (2580, 22, 173);
INSERT INTO PEDIDO VALUES (2581, 45, 20, 250);
INSERT INTO ITEMPED VALUES (2581, 77, 17);
INSERT INTO ITEMPED VALUES (2581, 78, 219);
INSERT INTO ITEMPED VALUES (2581, 13, 210);
INSERT INTO ITEMPED VALUES (2581, 22, 218);
INSERT INTO ITEMPED VALUES (2581, 25, 277);
INSERT INTO PEDIDO VALUES (2582, 60, 390, 240);
INSERT INTO ITEMPED VALUES (2582, 22, 249);
INSERT INTO PEDIDO VALUES (2583, 10, 410, 250);
INSERT INTO ITEMPED VALUES (2583, 53, 237);
INSERT INTO ITEMPED VALUES (2583, 77, 200);
INSERT INTO ITEMPED VALUES (2583, 78, 148);
INSERT INTO ITEMPED VALUES (2583, 13, 272);
INSERT INTO PEDIDO VALUES (2584, 45, 110, 101);
INSERT INTO ITEMPED VALUES (2584, 25, 277);
INSERT INTO PEDIDO VALUES (2585, 60, 830, 111);
INSERT INTO ITEMPED VALUES (2585, 45, 245);
INSERT INTO ITEMPED VALUES (2585, 53, 26);
INSERT INTO ITEMPED VALUES (2585, 77, 18);
INSERT INTO ITEMPED VALUES (2585, 78, 245);
INSERT INTO ITEMPED VALUES (2585, 13, 39);
INSERT INTO PEDIDO VALUES (2586, 20, 20, 240);
INSERT INTO ITEMPED VALUES (2586, 77, 121);
INSERT INTO ITEMPED VALUES (2586, 78, 163);
INSERT INTO PEDIDO VALUES (2587, 10, 871, 720);
INSERT INTO ITEMPED VALUES (2587, 25, 153);
INSERT INTO ITEMPED VALUES (2587, 31, 100);
INSERT INTO ITEMPED VALUES (2587, 45, 34);
INSERT INTO ITEMPED VALUES (2587, 53, 251);
INSERT INTO ITEMPED VALUES (2587, 77, 16);
INSERT INTO ITEMPED VALUES (2587, 78, 30);
INSERT INTO PEDIDO VALUES (2588, 45, 720, 213);
INSERT INTO ITEMPED VALUES (2588, 53, 276);
INSERT INTO ITEMPED VALUES (2588, 77, 103);
INSERT INTO ITEMPED VALUES (2588, 78, 270);
INSERT INTO ITEMPED VALUES (2588, 13, 232);
INSERT INTO PEDIDO VALUES (2589, 30, 870, 209);
INSERT INTO ITEMPED VALUES (2589, 45, 163);
INSERT INTO ITEMPED VALUES (2589, 53, 90);
INSERT INTO ITEMPED VALUES (2589, 77, 83);
INSERT INTO ITEMPED VALUES (2589, 78, 180);
INSERT INTO ITEMPED VALUES (2589, 13, 105);
INSERT INTO PEDIDO VALUES (2590, 60, 180, 101);
INSERT INTO ITEMPED VALUES (2590, 78, 145);
INSERT INTO ITEMPED VALUES (2590, 13, 100);
INSERT INTO PEDIDO VALUES (2591, 30, 871, 11);
INSERT INTO ITEMPED VALUES (2591, 45, 113);
INSERT INTO ITEMPED VALUES (2591, 53, 105);
INSERT INTO ITEMPED VALUES (2591, 77, 235);
INSERT INTO ITEMPED VALUES (2591, 78, 4);
INSERT INTO ITEMPED VALUES (2591, 13, 19);
INSERT INTO PEDIDO VALUES (2592, 10, 720, 209);
INSERT INTO ITEMPED VALUES (2592, 53, 248);
INSERT INTO ITEMPED VALUES (2592, 77, 185);
INSERT INTO ITEMPED VALUES (2592, 78, 135);
INSERT INTO PEDIDO VALUES (2593, 20, 260, 720);
INSERT INTO ITEMPED VALUES (2593, 78, 108);
INSERT INTO ITEMPED VALUES (2593, 13, 229);
INSERT INTO ITEMPED VALUES (2593, 22, 242);
INSERT INTO ITEMPED VALUES (2593, 25, 21);
INSERT INTO ITEMPED VALUES (2593, 31, 135);
INSERT INTO PEDIDO VALUES (2594, 10, 20, 111);
INSERT INTO ITEMPED VALUES (2594, 31, 161);
INSERT INTO ITEMPED VALUES (2594, 45, 126);
INSERT INTO ITEMPED VALUES (2594, 53, 3);
INSERT INTO ITEMPED VALUES (2594, 77, 209);
INSERT INTO ITEMPED VALUES (2594, 78, 282);
INSERT INTO PEDIDO VALUES (2595, 20, 870, 101);
INSERT INTO ITEMPED VALUES (2595, 78, 273);
INSERT INTO ITEMPED VALUES (2595, 13, 180);
INSERT INTO PEDIDO VALUES (2596, 60, 260, 240);
INSERT INTO ITEMPED VALUES (2596, 31, 260);
INSERT INTO ITEMPED VALUES (2596, 45, 179);
INSERT INTO ITEMPED VALUES (2596, 53, 81);
INSERT INTO ITEMPED VALUES (2596, 77, 267);
INSERT INTO PEDIDO VALUES (2597, 20, 410, 250);
INSERT INTO ITEMPED VALUES (2597, 78, 154);
INSERT INTO ITEMPED VALUES (2597, 13, 262);
INSERT INTO ITEMPED VALUES (2597, 22, 219);
INSERT INTO ITEMPED VALUES (2597, 25, 273);
INSERT INTO PEDIDO VALUES (2598, 45, 720, 111);
INSERT INTO ITEMPED VALUES (2598, 25, 133);
INSERT INTO ITEMPED VALUES (2598, 31, 220);
INSERT INTO ITEMPED VALUES (2598, 45, 117);
INSERT INTO ITEMPED VALUES (2598, 53, 268);
INSERT INTO PEDIDO VALUES (2599, 10, 180, 209);
INSERT INTO ITEMPED VALUES (2599, 31, 277);
INSERT INTO ITEMPED VALUES (2599, 45, 205);
INSERT INTO ITEMPED VALUES (2599, 53, 220);
INSERT INTO ITEMPED VALUES (2599, 77, 23);
INSERT INTO ITEMPED VALUES (2599, 78, 290);
INSERT INTO PEDIDO VALUES (2600, 60, 20, 240);
INSERT INTO ITEMPED VALUES (2600, 13, 301);
INSERT INTO PEDIDO VALUES (2601, 20, 830, 111);
INSERT INTO ITEMPED VALUES (2601, 25, 187);
INSERT INTO ITEMPED VALUES (2601, 31, 146);
INSERT INTO ITEMPED VALUES (2601, 45, 70);
INSERT INTO ITEMPED VALUES (2601, 53, 164);
INSERT INTO ITEMPED VALUES (2601, 77, 294);
INSERT INTO PEDIDO VALUES (2602, 45, 720, 250);
INSERT INTO ITEMPED VALUES (2602, 78, 129);
INSERT INTO ITEMPED VALUES (2602, 13, 204);
INSERT INTO PEDIDO VALUES (2603, 30, 110, 11);
INSERT INTO ITEMPED VALUES (2603, 25, 126);
INSERT INTO ITEMPED VALUES (2603, 31, 67);
INSERT INTO PEDIDO VALUES (2604, 10, 871, 310);
INSERT INTO ITEMPED VALUES (2604, 77, 284);
INSERT INTO ITEMPED VALUES (2604, 78, 213);
INSERT INTO PEDIDO VALUES (2605, 30, 110, 209);
INSERT INTO ITEMPED VALUES (2605, 25, 176);
INSERT INTO ITEMPED VALUES (2605, 31, 178);
INSERT INTO PEDIDO VALUES (2606, 20, 830, 111);
INSERT INTO ITEMPED VALUES (2606, 22, 24);
INSERT INTO ITEMPED VALUES (2606, 25, 271);
INSERT INTO PEDIDO VALUES (2607, 60, 260, 240);
INSERT INTO ITEMPED VALUES (2607, 13, 259);
INSERT INTO ITEMPED VALUES (2607, 22, 3);
INSERT INTO ITEMPED VALUES (2607, 25, 155);
INSERT INTO ITEMPED VALUES (2607, 31, 249);
INSERT INTO ITEMPED VALUES (2607, 45, 45);
INSERT INTO PEDIDO VALUES (2608, 10, 830, 101);
INSERT INTO ITEMPED VALUES (2608, 45, 245);
INSERT INTO PEDIDO VALUES (2609, 45, 110, 720);
INSERT INTO ITEMPED VALUES (2609, 31, 212);
INSERT INTO ITEMPED VALUES (2609, 45, 99);
INSERT INTO ITEMPED VALUES (2609, 53, 296);
INSERT INTO ITEMPED VALUES (2609, 77, 222);
INSERT INTO ITEMPED VALUES (2609, 78, 172);
INSERT INTO ITEMPED VALUES (2609, 13, 176);
INSERT INTO PEDIDO VALUES (2610, 10, 260, 240);
INSERT INTO ITEMPED VALUES (2610, 13, 219);
INSERT INTO ITEMPED VALUES (2610, 22, 247);
INSERT INTO PEDIDO VALUES (2611, 45, 830, 111);
INSERT INTO ITEMPED VALUES (2611, 78, 120);
INSERT INTO ITEMPED VALUES (2611, 13, 292);
INSERT INTO ITEMPED VALUES (2611, 22, 294);
INSERT INTO ITEMPED VALUES (2611, 25, 274);
INSERT INTO PEDIDO VALUES (2612, 20, 110, 720);
INSERT INTO ITEMPED VALUES (2612, 25, 87);
INSERT INTO ITEMPED VALUES (2612, 31, 155);
INSERT INTO ITEMPED VALUES (2612, 45, 206);
INSERT INTO ITEMPED VALUES (2612, 53, 44);
INSERT INTO ITEMPED VALUES (2612, 77, 204);
INSERT INTO ITEMPED VALUES (2612, 78, 239);
INSERT INTO PEDIDO VALUES (2613, 30, 390, 111);
INSERT INTO ITEMPED VALUES (2613, 13, 237);
INSERT INTO ITEMPED VALUES (2613, 22, 218);
INSERT INTO ITEMPED VALUES (2613, 25, 6);
INSERT INTO PEDIDO VALUES (2614, 45, 110, 310);
INSERT INTO ITEMPED VALUES (2614, 25, 59);
INSERT INTO ITEMPED VALUES (2614, 31, 87);
INSERT INTO ITEMPED VALUES (2614, 45, 141);
INSERT INTO ITEMPED VALUES (2614, 53, 260);
INSERT INTO ITEMPED VALUES (2614, 77, 82);
INSERT INTO PEDIDO VALUES (2615, 20, 260, 209);
INSERT INTO ITEMPED VALUES (2615, 53, 229);
INSERT INTO ITEMPED VALUES (2615, 77, 29);
INSERT INTO ITEMPED VALUES (2615, 78, 110);
INSERT INTO ITEMPED VALUES (2615, 13, 168);
INSERT INTO ITEMPED VALUES (2615, 22, 157);
INSERT INTO ITEMPED VALUES (2615, 25, 188);
INSERT INTO PEDIDO VALUES (2616, 60, 871, 250);
INSERT INTO ITEMPED VALUES (2616, 77, 128);
INSERT INTO ITEMPED VALUES (2616, 78, 225);
INSERT INTO ITEMPED VALUES (2616, 13, 75);
INSERT INTO PEDIDO VALUES (2617, 30, 180, 209);
INSERT INTO ITEMPED VALUES (2617, 31, 91);
INSERT INTO PEDIDO VALUES (2618, 45, 110, 111);
INSERT INTO ITEMPED VALUES (2618, 25, 32);
INSERT INTO ITEMPED VALUES (2618, 31, 18);
INSERT INTO ITEMPED VALUES (2618, 45, 291);
INSERT INTO PEDIDO VALUES (2619, 30, 20, 720);
INSERT INTO ITEMPED VALUES (2619, 53, 237);
INSERT INTO ITEMPED VALUES (2619, 77, 192);
INSERT INTO ITEMPED VALUES (2619, 78, 11);
INSERT INTO PEDIDO VALUES (2620, 10, 720, 11);
INSERT INTO ITEMPED VALUES (2620, 22, 161);
INSERT INTO ITEMPED VALUES (2620, 25, 65);
INSERT INTO ITEMPED VALUES (2620, 31, 227);
INSERT INTO PEDIDO VALUES (2621, 60, 290, 250);
INSERT INTO ITEMPED VALUES (2621, 53, 285);
INSERT INTO ITEMPED VALUES (2621, 77, 128);
INSERT INTO PEDIDO VALUES (2622, 30, 870, 11);
INSERT INTO ITEMPED VALUES (2622, 22, 154);
INSERT INTO ITEMPED VALUES (2622, 25, 13);
INSERT INTO PEDIDO VALUES (2623, 10, 871, 111);
INSERT INTO ITEMPED VALUES (2623, 31, 34);
INSERT INTO PEDIDO VALUES (2624, 20, 260, 209);
INSERT INTO ITEMPED VALUES (2624, 53, 194);
INSERT INTO ITEMPED VALUES (2624, 77, 84);
INSERT INTO PEDIDO VALUES (2625, 45, 870, 240);
INSERT INTO ITEMPED VALUES (2625, 77, 20);
INSERT INTO PEDIDO VALUES (2626, 10, 290, 11);
INSERT INTO ITEMPED VALUES (2626, 13, 80);
INSERT INTO PEDIDO VALUES (2627, 20, 720, 213);
INSERT INTO ITEMPED VALUES (2627, 77, 260);
INSERT INTO ITEMPED VALUES (2627, 78, 172);
INSERT INTO ITEMPED VALUES (2627, 13, 209);
INSERT INTO PEDIDO VALUES (2628, 30, 870, 240);
INSERT INTO ITEMPED VALUES (2628, 53, 51);
INSERT INTO PEDIDO VALUES (2629, 45, 390, 250);
INSERT INTO ITEMPED VALUES (2629, 25, 144);
INSERT INTO ITEMPED VALUES (2629, 31, 39);
INSERT INTO ITEMPED VALUES (2629, 45, 188);
INSERT INTO PEDIDO VALUES (2630, 10, 260, 213);
INSERT INTO ITEMPED VALUES (2630, 78, 280);
INSERT INTO PEDIDO VALUES (2631, 20, 830, 310);
INSERT INTO ITEMPED VALUES (2631, 53, 149);
INSERT INTO ITEMPED VALUES (2631, 77, 49);
INSERT INTO PEDIDO VALUES (2632, 10, 260, 209);
INSERT INTO ITEMPED VALUES (2632, 77, 194);
INSERT INTO ITEMPED VALUES (2632, 78, 114);
INSERT INTO ITEMPED VALUES (2632, 13, 291);
INSERT INTO ITEMPED VALUES (2632, 22, 118);
INSERT INTO ITEMPED VALUES (2632, 25, 147);
INSERT INTO ITEMPED VALUES (2632, 31, 187);
INSERT INTO PEDIDO VALUES (2633, 60, 870, 213);
INSERT INTO ITEMPED VALUES (2633, 31, 289);
INSERT INTO ITEMPED VALUES (2633, 45, 84);
INSERT INTO PEDIDO VALUES (2634, 10, 410, 209);
INSERT INTO ITEMPED VALUES (2634, 22, 65);
INSERT INTO ITEMPED VALUES (2634, 25, 15);
INSERT INTO ITEMPED VALUES (2634, 31, 299);
INSERT INTO ITEMPED VALUES (2634, 45, 121);
INSERT INTO ITEMPED VALUES (2634, 53, 296);
INSERT INTO PEDIDO VALUES (2635, 45, 110, 111);
INSERT INTO ITEMPED VALUES (2635, 25, 5);
INSERT INTO ITEMPED VALUES (2635, 31, 284);
INSERT INTO ITEMPED VALUES (2635, 45, 302);
INSERT INTO ITEMPED VALUES (2635, 53, 132);
INSERT INTO PEDIDO VALUES (2636, 60, 180, 213);
INSERT INTO ITEMPED VALUES (2636, 78, 258);
INSERT INTO ITEMPED VALUES (2636, 13, 257);
INSERT INTO ITEMPED VALUES (2636, 22, 76);
INSERT INTO ITEMPED VALUES (2636, 25, 238);
INSERT INTO PEDIDO VALUES (2637, 30, 260, 310);
INSERT INTO ITEMPED VALUES (2637, 22, 42);
INSERT INTO ITEMPED VALUES (2637, 25, 141);
INSERT INTO ITEMPED VALUES (2637, 31, 30);
INSERT INTO ITEMPED VALUES (2637, 45, 44);
INSERT INTO ITEMPED VALUES (2637, 53, 228);
INSERT INTO ITEMPED VALUES (2637, 77, 203);
INSERT INTO PEDIDO VALUES (2638, 10, 830, 240);
INSERT INTO ITEMPED VALUES (2638, 13, 183);
INSERT INTO ITEMPED VALUES (2638, 22, 131);
INSERT INTO ITEMPED VALUES (2638, 25, 193);
INSERT INTO ITEMPED VALUES (2638, 31, 236);
INSERT INTO PEDIDO VALUES (2639, 20, 410, 111);
INSERT INTO ITEMPED VALUES (2639, 45, 151);
INSERT INTO ITEMPED VALUES (2639, 53, 11);
INSERT INTO ITEMPED VALUES (2639, 77, 300);
INSERT INTO PEDIDO VALUES (2640, 45, 390, 240);
INSERT INTO ITEMPED VALUES (2640, 13, 206);
INSERT INTO ITEMPED VALUES (2640, 22, 182);
INSERT INTO PEDIDO VALUES (2641, 30, 110, 101);
INSERT INTO ITEMPED VALUES (2641, 31, 80);
INSERT INTO ITEMPED VALUES (2641, 45, 60);
INSERT INTO ITEMPED VALUES (2641, 53, 266);
INSERT INTO ITEMPED VALUES (2641, 77, 240);
INSERT INTO ITEMPED VALUES (2641, 78, 233);
INSERT INTO ITEMPED VALUES (2641, 13, 149);
INSERT INTO PEDIDO VALUES (2642, 60, 410, 720);
INSERT INTO ITEMPED VALUES (2642, 25, 173);
INSERT INTO ITEMPED VALUES (2642, 31, 160);
INSERT INTO ITEMPED VALUES (2642, 45, 50);
INSERT INTO ITEMPED VALUES (2642, 53, 269);
INSERT INTO ITEMPED VALUES (2642, 77, 191);
INSERT INTO ITEMPED VALUES (2642, 78, 198);
INSERT INTO PEDIDO VALUES (2643, 10, 20, 310);
INSERT INTO ITEMPED VALUES (2643, 13, 53);
INSERT INTO ITEMPED VALUES (2643, 22, 86);
INSERT INTO ITEMPED VALUES (2643, 25, 137);
INSERT INTO ITEMPED VALUES (2643, 31, 6);
INSERT INTO ITEMPED VALUES (2643, 45, 197);
INSERT INTO ITEMPED VALUES (2643, 53, 257);
INSERT INTO PEDIDO VALUES (2644, 30, 870, 11);
INSERT INTO ITEMPED VALUES (2644, 31, 30);
INSERT INTO ITEMPED VALUES (2644, 45, 140);
INSERT INTO ITEMPED VALUES (2644, 53, 11);
INSERT INTO ITEMPED VALUES (2644, 77, 14);
INSERT INTO PEDIDO VALUES (2645, 45, 20, 209);
INSERT INTO ITEMPED VALUES (2645, 25, 194);
INSERT INTO ITEMPED VALUES (2645, 31, 65);
INSERT INTO ITEMPED VALUES (2645, 45, 24);
INSERT INTO ITEMPED VALUES (2645, 53, 45);
INSERT INTO ITEMPED VALUES (2645, 77, 277);
INSERT INTO PEDIDO VALUES (2646, 60, 290, 111);
INSERT INTO ITEMPED VALUES (2646, 53, 117);
INSERT INTO ITEMPED VALUES (2646, 77, 264);
INSERT INTO ITEMPED VALUES (2646, 78, 148);
INSERT INTO ITEMPED VALUES (2646, 13, 105);
INSERT INTO ITEMPED VALUES (2646, 22, 124);
INSERT INTO ITEMPED VALUES (2646, 25, 215);
INSERT INTO PEDIDO VALUES (2647, 30, 260, 310);
INSERT INTO ITEMPED VALUES (2647, 45, 85);
INSERT INTO PEDIDO VALUES (2648, 20, 20, 101);
INSERT INTO ITEMPED VALUES (2648, 22, 215);
INSERT INTO PEDIDO VALUES (2649, 60, 390, 240);
INSERT INTO ITEMPED VALUES (2649, 53, 49);
INSERT INTO ITEMPED VALUES (2649, 77, 164);
INSERT INTO PEDIDO VALUES (2650, 20, 871, 250);
INSERT INTO ITEMPED VALUES (2650, 31, 195);
INSERT INTO ITEMPED VALUES (2650, 45, 86);
INSERT INTO ITEMPED VALUES (2650, 53, 51);
INSERT INTO PEDIDO VALUES (2651, 60, 290, 213);
INSERT INTO ITEMPED VALUES (2651, 78, 187);
INSERT INTO ITEMPED VALUES (2651, 13, 93);
INSERT INTO PEDIDO VALUES (2652, 20, 870, 720);
INSERT INTO ITEMPED VALUES (2652, 31, 37);
INSERT INTO ITEMPED VALUES (2652, 45, 7);
INSERT INTO PEDIDO VALUES (2653, 30, 290, 310);
INSERT INTO ITEMPED VALUES (2653, 78, 218);
INSERT INTO ITEMPED VALUES (2653, 13, 75);
INSERT INTO ITEMPED VALUES (2653, 22, 261);
INSERT INTO PEDIDO VALUES (2654, 45, 830, 101);
INSERT INTO ITEMPED VALUES (2654, 77, 67);
INSERT INTO ITEMPED VALUES (2654, 78, 136);
INSERT INTO ITEMPED VALUES (2654, 13, 97);
INSERT INTO ITEMPED VALUES (2654, 22, 21);
INSERT INTO ITEMPED VALUES (2654, 25, 70);
INSERT INTO PEDIDO VALUES (2655, 20, 110, 209);
INSERT INTO ITEMPED VALUES (2655, 31, 82);
INSERT INTO ITEMPED VALUES (2655, 45, 226);
INSERT INTO ITEMPED VALUES (2655, 53, 80);
INSERT INTO PEDIDO VALUES (2656, 10, 290, 11);
INSERT INTO ITEMPED VALUES (2656, 53, 226);
INSERT INTO ITEMPED VALUES (2656, 77, 197);
INSERT INTO ITEMPED VALUES (2656, 78, 99);
INSERT INTO ITEMPED VALUES (2656, 13, 149);
INSERT INTO ITEMPED VALUES (2656, 22, 132);
INSERT INTO ITEMPED VALUES (2656, 25, 31);
INSERT INTO PEDIDO VALUES (2657, 30, 390, 111);
INSERT INTO ITEMPED VALUES (2657, 45, 275);
INSERT INTO ITEMPED VALUES (2657, 53, 239);
INSERT INTO ITEMPED VALUES (2657, 77, 185);
INSERT INTO ITEMPED VALUES (2657, 78, 97);
INSERT INTO PEDIDO VALUES (2658, 45, 871, 250);
INSERT INTO ITEMPED VALUES (2658, 53, 242);
INSERT INTO ITEMPED VALUES (2658, 77, 269);
INSERT INTO ITEMPED VALUES (2658, 78, 178);
INSERT INTO ITEMPED VALUES (2658, 13, 180);
INSERT INTO ITEMPED VALUES (2658, 22, 187);
INSERT INTO PEDIDO VALUES (2659, 20, 830, 101);
INSERT INTO ITEMPED VALUES (2659, 77, 81);
INSERT INTO ITEMPED VALUES (2659, 78, 84);
INSERT INTO ITEMPED VALUES (2659, 13, 155);
INSERT INTO ITEMPED VALUES (2659, 22, 255);
INSERT INTO PEDIDO VALUES (2660, 45, 20, 209);
INSERT INTO ITEMPED VALUES (2660, 78, 172);
INSERT INTO ITEMPED VALUES (2660, 13, 105);
INSERT INTO ITEMPED VALUES (2660, 22, 256);
INSERT INTO ITEMPED VALUES (2660, 25, 13);
INSERT INTO ITEMPED VALUES (2660, 31, 147);
INSERT INTO PEDIDO VALUES (2661, 10, 390, 250);
INSERT INTO ITEMPED VALUES (2661, 77, 33);
INSERT INTO ITEMPED VALUES (2661, 78, 164);
INSERT INTO PEDIDO VALUES (2662, 45, 110, 240);
INSERT INTO ITEMPED VALUES (2662, 53, 190);
INSERT INTO ITEMPED VALUES (2662, 77, 266);
INSERT INTO ITEMPED VALUES (2662, 78, 180);
INSERT INTO ITEMPED VALUES (2662, 13, 69);
INSERT INTO ITEMPED VALUES (2662, 22, 5);
INSERT INTO PEDIDO VALUES (2663, 20, 410, 101);
INSERT INTO ITEMPED VALUES (2663, 77, 211);
INSERT INTO ITEMPED VALUES (2663, 78, 121);
INSERT INTO ITEMPED VALUES (2663, 13, 134);
INSERT INTO PEDIDO VALUES (2664, 45, 870, 209);
INSERT INTO ITEMPED VALUES (2664, 13, 167);
INSERT INTO ITEMPED VALUES (2664, 22, 41);
INSERT INTO ITEMPED VALUES (2664, 25, 168);
INSERT INTO PEDIDO VALUES (2665, 10, 180, 11);
INSERT INTO ITEMPED VALUES (2665, 31, 16);
INSERT INTO PEDIDO VALUES (2666, 20, 290, 310);
INSERT INTO ITEMPED VALUES (2666, 25, 146);
INSERT INTO PEDIDO VALUES (2667, 30, 720, 720);
INSERT INTO ITEMPED VALUES (2667, 22, 37);
INSERT INTO ITEMPED VALUES (2667, 25, 227);
INSERT INTO ITEMPED VALUES (2667, 31, 282);
INSERT INTO ITEMPED VALUES (2667, 45, 207);
INSERT INTO PEDIDO VALUES (2668, 10, 830, 213);
INSERT INTO ITEMPED VALUES (2668, 78, 103);
INSERT INTO ITEMPED VALUES (2668, 13, 154);
INSERT INTO ITEMPED VALUES (2668, 22, 67);
INSERT INTO ITEMPED VALUES (2668, 25, 300);
INSERT INTO ITEMPED VALUES (2668, 31, 182);
INSERT INTO PEDIDO VALUES (2669, 60, 390, 310);
INSERT INTO ITEMPED VALUES (2669, 13, 57);
INSERT INTO ITEMPED VALUES (2669, 22, 196);
INSERT INTO ITEMPED VALUES (2669, 25, 262);
INSERT INTO ITEMPED VALUES (2669, 31, 48);
INSERT INTO ITEMPED VALUES (2669, 45, 77);
INSERT INTO ITEMPED VALUES (2669, 53, 271);
INSERT INTO PEDIDO VALUES (2670, 30, 260, 11);
INSERT INTO ITEMPED VALUES (2670, 22, 59);
INSERT INTO ITEMPED VALUES (2670, 25, 218);
INSERT INTO ITEMPED VALUES (2670, 31, 282);
INSERT INTO PEDIDO VALUES (2671, 20, 390, 101);
INSERT INTO ITEMPED VALUES (2671, 77, 119);
INSERT INTO ITEMPED VALUES (2671, 78, 265);
INSERT INTO ITEMPED VALUES (2671, 13, 173);
INSERT INTO ITEMPED VALUES (2671, 22, 174);
INSERT INTO PEDIDO VALUES (2672, 30, 870, 213);
INSERT INTO ITEMPED VALUES (2672, 13, 254);
INSERT INTO ITEMPED VALUES (2672, 22, 31);
INSERT INTO ITEMPED VALUES (2672, 25, 50);
INSERT INTO ITEMPED VALUES (2672, 31, 206);
INSERT INTO ITEMPED VALUES (2672, 45, 250);
INSERT INTO PEDIDO VALUES (2673, 60, 290, 11);
INSERT INTO ITEMPED VALUES (2673, 53, 21);
INSERT INTO ITEMPED VALUES (2673, 77, 123);
INSERT INTO ITEMPED VALUES (2673, 78, 264);
INSERT INTO PEDIDO VALUES (2674, 20, 870, 720);
INSERT INTO ITEMPED VALUES (2674, 77, 44);
INSERT INTO ITEMPED VALUES (2674, 78, 235);
INSERT INTO ITEMPED VALUES (2674, 13, 190);
INSERT INTO ITEMPED VALUES (2674, 22, 131);
INSERT INTO PEDIDO VALUES (2675, 30, 260, 11);
INSERT INTO ITEMPED VALUES (2675, 78, 260);
INSERT INTO ITEMPED VALUES (2675, 13, 123);
INSERT INTO ITEMPED VALUES (2675, 22, 195);
INSERT INTO ITEMPED VALUES (2675, 25, 122);
INSERT INTO ITEMPED VALUES (2675, 31, 140);
INSERT INTO ITEMPED VALUES (2675, 45, 74);
INSERT INTO PEDIDO VALUES (2676, 60, 830, 209);
INSERT INTO ITEMPED VALUES (2676, 13, 209);
INSERT INTO ITEMPED VALUES (2676, 22, 254);
INSERT INTO ITEMPED VALUES (2676, 25, 245);
INSERT INTO ITEMPED VALUES (2676, 31, 131);
INSERT INTO ITEMPED VALUES (2676, 45, 109);
INSERT INTO ITEMPED VALUES (2676, 53, 225);
INSERT INTO PEDIDO VALUES (2677, 20, 410, 240);
INSERT INTO ITEMPED VALUES (2677, 77, 103);
INSERT INTO ITEMPED VALUES (2677, 78, 214);
INSERT INTO ITEMPED VALUES (2677, 13, 196);
INSERT INTO ITEMPED VALUES (2677, 22, 275);
INSERT INTO ITEMPED VALUES (2677, 25, 155);
INSERT INTO ITEMPED VALUES (2677, 31, 114);
INSERT INTO PEDIDO VALUES (2678, 10, 870, 111);
INSERT INTO ITEMPED VALUES (2678, 25, 50);
INSERT INTO ITEMPED VALUES (2678, 31, 80);
INSERT INTO ITEMPED VALUES (2678, 45, 291);
INSERT INTO ITEMPED VALUES (2678, 53, 291);
INSERT INTO ITEMPED VALUES (2678, 77, 96);
INSERT INTO ITEMPED VALUES (2678, 78, 96);
INSERT INTO PEDIDO VALUES (2679, 20, 720, 250);
INSERT INTO ITEMPED VALUES (2679, 77, 232);
INSERT INTO ITEMPED VALUES (2679, 78, 32);
INSERT INTO ITEMPED VALUES (2679, 13, 120);
INSERT INTO ITEMPED VALUES (2679, 22, 8);
INSERT INTO ITEMPED VALUES (2679, 25, 189);
INSERT INTO PEDIDO VALUES (2680, 30, 871, 720);
INSERT INTO ITEMPED VALUES (2680, 25, 46);
INSERT INTO ITEMPED VALUES (2680, 31, 123);
INSERT INTO ITEMPED VALUES (2680, 45, 147);
INSERT INTO PEDIDO VALUES (2681, 45, 180, 209);
INSERT INTO ITEMPED VALUES (2681, 78, 73);
INSERT INTO ITEMPED VALUES (2681, 13, 255);
INSERT INTO ITEMPED VALUES (2681, 22, 265);
INSERT INTO PEDIDO VALUES (2682, 10, 830, 213);
INSERT INTO ITEMPED VALUES (2682, 25, 272);
INSERT INTO ITEMPED VALUES (2682, 31, 33);
INSERT INTO PEDIDO VALUES (2683, 45, 20, 720);
INSERT INTO ITEMPED VALUES (2683, 45, 145);
INSERT INTO ITEMPED VALUES (2683, 53, 220);
INSERT INTO ITEMPED VALUES (2683, 77, 213);
INSERT INTO ITEMPED VALUES (2683, 78, 50);
INSERT INTO ITEMPED VALUES (2683, 13, 237);
INSERT INTO ITEMPED VALUES (2683, 22, 7);
INSERT INTO PEDIDO VALUES (2684, 60, 180, 310);
INSERT INTO ITEMPED VALUES (2684, 53, 88);
INSERT INTO PEDIDO VALUES (2685, 20, 390, 720);
INSERT INTO ITEMPED VALUES (2685, 78, 229);
INSERT INTO PEDIDO VALUES (2686, 60, 110, 209);
INSERT INTO ITEMPED VALUES (2686, 31, 246);
INSERT INTO PEDIDO VALUES (2687, 20, 720, 720);
INSERT INTO ITEMPED VALUES (2687, 25, 250);
INSERT INTO PEDIDO VALUES (2688, 30, 410, 310);
INSERT INTO ITEMPED VALUES (2688, 13, 296);
INSERT INTO ITEMPED VALUES (2688, 22, 224);
INSERT INTO ITEMPED VALUES (2688, 25, 120);
INSERT INTO ITEMPED VALUES (2688, 31, 198);
INSERT INTO ITEMPED VALUES (2688, 45, 254);
INSERT INTO PEDIDO VALUES (2689, 20, 20, 209);
INSERT INTO ITEMPED VALUES (2689, 78, 235);
INSERT INTO PEDIDO VALUES (2690, 10, 830, 101);
INSERT INTO ITEMPED VALUES (2690, 53, 180);
INSERT INTO ITEMPED VALUES (2690, 77, 291);
INSERT INTO ITEMPED VALUES (2690, 78, 179);
INSERT INTO ITEMPED VALUES (2690, 13, 104);
INSERT INTO ITEMPED VALUES (2690, 22, 38);
INSERT INTO PEDIDO VALUES (2691, 60, 20, 250);
INSERT INTO ITEMPED VALUES (2691, 13, 110);
INSERT INTO ITEMPED VALUES (2691, 22, 179);
INSERT INTO ITEMPED VALUES (2691, 25, 162);
INSERT INTO ITEMPED VALUES (2691, 31, 246);
INSERT INTO PEDIDO VALUES (2692, 10, 180, 720);
INSERT INTO ITEMPED VALUES (2692, 53, 191);
INSERT INTO PEDIDO VALUES (2693, 20, 290, 111);
INSERT INTO ITEMPED VALUES (2693, 45, 187);
INSERT INTO ITEMPED VALUES (2693, 53, 98);
INSERT INTO ITEMPED VALUES (2693, 77, 125);
INSERT INTO PEDIDO VALUES (2694, 45, 720, 720);
INSERT INTO ITEMPED VALUES (2694, 77, 144);
INSERT INTO ITEMPED VALUES (2694, 78, 42);
INSERT INTO ITEMPED VALUES (2694, 13, 212);
INSERT INTO ITEMPED VALUES (2694, 22, 289);
INSERT INTO ITEMPED VALUES (2694, 25, 212);
INSERT INTO PEDIDO VALUES (2695, 60, 871, 101);
INSERT INTO ITEMPED VALUES (2695, 53, 202);
INSERT INTO ITEMPED VALUES (2695, 77, 96);
INSERT INTO ITEMPED VALUES (2695, 78, 260);
INSERT INTO PEDIDO VALUES (2696, 30, 830, 250);
INSERT INTO ITEMPED VALUES (2696, 45, 299);
INSERT INTO ITEMPED VALUES (2696, 53, 85);
INSERT INTO ITEMPED VALUES (2696, 77, 28);
INSERT INTO ITEMPED VALUES (2696, 78, 164);
INSERT INTO ITEMPED VALUES (2696, 13, 231);
INSERT INTO ITEMPED VALUES (2696, 22, 233);
INSERT INTO PEDIDO VALUES (2697, 20, 260, 720);
INSERT INTO ITEMPED VALUES (2697, 77, 69);
INSERT INTO PEDIDO VALUES (2698, 10, 410, 213);
INSERT INTO ITEMPED VALUES (2698, 22, 260);
INSERT INTO ITEMPED VALUES (2698, 25, 232);
INSERT INTO ITEMPED VALUES (2698, 31, 245);
INSERT INTO PEDIDO VALUES (2699, 60, 390, 720);
INSERT INTO ITEMPED VALUES (2699, 77, 214);
INSERT INTO ITEMPED VALUES (2699, 78, 164);
INSERT INTO PEDIDO VALUES (2700, 10, 110, 310);
INSERT INTO ITEMPED VALUES (2700, 45, 152);
INSERT INTO PEDIDO VALUES (2701, 45, 180, 209);
INSERT INTO ITEMPED VALUES (2701, 13, 226);
INSERT INTO ITEMPED VALUES (2701, 22, 297);
INSERT INTO ITEMPED VALUES (2701, 25, 56);
INSERT INTO PEDIDO VALUES (2702, 30, 871, 213);
INSERT INTO ITEMPED VALUES (2702, 22, 205);
INSERT INTO ITEMPED VALUES (2702, 25, 90);
INSERT INTO ITEMPED VALUES (2702, 31, 162);
INSERT INTO ITEMPED VALUES (2702, 45, 298);
INSERT INTO PEDIDO VALUES (2703, 10, 290, 101);
INSERT INTO ITEMPED VALUES (2703, 25, 81);
INSERT INTO ITEMPED VALUES (2703, 31, 209);
INSERT INTO ITEMPED VALUES (2703, 45, 185);
INSERT INTO ITEMPED VALUES (2703, 53, 91);
INSERT INTO ITEMPED VALUES (2703, 77, 116);
INSERT INTO ITEMPED VALUES (2703, 78, 144);
INSERT INTO PEDIDO VALUES (2704, 45, 20, 720);
INSERT INTO ITEMPED VALUES (2704, 31, 135);
INSERT INTO PEDIDO VALUES (2705, 30, 260, 310);
INSERT INTO ITEMPED VALUES (2705, 53, 78);
INSERT INTO ITEMPED VALUES (2705, 77, 239);
INSERT INTO ITEMPED VALUES (2705, 78, 134);
INSERT INTO ITEMPED VALUES (2705, 13, 118);
INSERT INTO PEDIDO VALUES (2706, 60, 180, 213);
INSERT INTO ITEMPED VALUES (2706, 22, 45);
INSERT INTO PEDIDO VALUES (2707, 10, 410, 11);
INSERT INTO ITEMPED VALUES (2707, 31, 59);
INSERT INTO ITEMPED VALUES (2707, 45, 273);
INSERT INTO ITEMPED VALUES (2707, 53, 123);
INSERT INTO ITEMPED VALUES (2707, 77, 261);
INSERT INTO ITEMPED VALUES (2707, 78, 7);
INSERT INTO PEDIDO VALUES (2708, 30, 830, 240);
INSERT INTO ITEMPED VALUES (2708, 45, 35);
INSERT INTO PEDIDO VALUES (2709, 20, 720, 310);
INSERT INTO ITEMPED VALUES (2709, 13, 30);
INSERT INTO PEDIDO VALUES (2710, 60, 290, 240);
INSERT INTO ITEMPED VALUES (2710, 78, 52);
INSERT INTO ITEMPED VALUES (2710, 13, 200);
INSERT INTO ITEMPED VALUES (2710, 22, 46);
INSERT INTO ITEMPED VALUES (2710, 25, 256);
INSERT INTO ITEMPED VALUES (2710, 31, 22);
INSERT INTO PEDIDO VALUES (2711, 30, 720, 209);
INSERT INTO ITEMPED VALUES (2711, 77, 291);
INSERT INTO ITEMPED VALUES (2711, 78, 263);
INSERT INTO ITEMPED VALUES (2711, 13, 267);
INSERT INTO PEDIDO VALUES (2712, 10, 390, 101);
INSERT INTO ITEMPED VALUES (2712, 45, 46);
INSERT INTO ITEMPED VALUES (2712, 53, 34);
INSERT INTO ITEMPED VALUES (2712, 77, 257);
INSERT INTO ITEMPED VALUES (2712, 78, 268);
INSERT INTO ITEMPED VALUES (2712, 13, 240);
INSERT INTO ITEMPED VALUES (2712, 22, 298);
INSERT INTO PEDIDO VALUES (2713, 20, 830, 209);
INSERT INTO ITEMPED VALUES (2713, 25, 186);
INSERT INTO ITEMPED VALUES (2713, 31, 262);
INSERT INTO ITEMPED VALUES (2713, 45, 238);
INSERT INTO ITEMPED VALUES (2713, 53, 277);
INSERT INTO ITEMPED VALUES (2713, 77, 71);
INSERT INTO ITEMPED VALUES (2713, 78, 167);
INSERT INTO PEDIDO VALUES (2714, 45, 180, 101);
INSERT INTO ITEMPED VALUES (2714, 45, 286);
INSERT INTO ITEMPED VALUES (2714, 53, 102);
INSERT INTO ITEMPED VALUES (2714, 77, 78);
INSERT INTO ITEMPED VALUES (2714, 78, 228);
INSERT INTO ITEMPED VALUES (2714, 13, 255);
INSERT INTO ITEMPED VALUES (2714, 22, 74);
INSERT INTO PEDIDO VALUES (2715, 20, 870, 209);
INSERT INTO ITEMPED VALUES (2715, 31, 23);
INSERT INTO ITEMPED VALUES (2715, 45, 31);
INSERT INTO ITEMPED VALUES (2715, 53, 226);
INSERT INTO ITEMPED VALUES (2715, 77, 134);
INSERT INTO ITEMPED VALUES (2715, 78, 34);
INSERT INTO ITEMPED VALUES (2715, 13, 149);
INSERT INTO PEDIDO VALUES (2716, 45, 260, 310);
INSERT INTO ITEMPED VALUES (2716, 13, 300);
INSERT INTO ITEMPED VALUES (2716, 22, 180);
INSERT INTO PEDIDO VALUES (2717, 10, 410, 720);
INSERT INTO ITEMPED VALUES (2717, 22, 271);
INSERT INTO ITEMPED VALUES (2717, 25, 57);
INSERT INTO ITEMPED VALUES (2717, 31, 122);
INSERT INTO ITEMPED VALUES (2717, 45, 135);
INSERT INTO ITEMPED VALUES (2717, 53, 183);
INSERT INTO ITEMPED VALUES (2717, 77, 56);
INSERT INTO PEDIDO VALUES (2718, 60, 180, 111);
INSERT INTO ITEMPED VALUES (2718, 25, 151);
INSERT INTO ITEMPED VALUES (2718, 31, 149);
INSERT INTO ITEMPED VALUES (2718, 45, 192);
INSERT INTO ITEMPED VALUES (2718, 53, 195);
INSERT INTO ITEMPED VALUES (2718, 77, 111);
INSERT INTO ITEMPED VALUES (2718, 78, 84);
INSERT INTO PEDIDO VALUES (2719, 30, 110, 11);
INSERT INTO ITEMPED VALUES (2719, 45, 280);
INSERT INTO ITEMPED VALUES (2719, 53, 208);
INSERT INTO ITEMPED VALUES (2719, 77, 155);
INSERT INTO PEDIDO VALUES (2720, 10, 20, 213);
INSERT INTO ITEMPED VALUES (2720, 78, 240);
INSERT INTO PEDIDO VALUES (2721, 30, 720, 209);
INSERT INTO ITEMPED VALUES (2721, 25, 248);
INSERT INTO ITEMPED VALUES (2721, 31, 31);
INSERT INTO ITEMPED VALUES (2721, 45, 126);
INSERT INTO ITEMPED VALUES (2721, 53, 116);
INSERT INTO ITEMPED VALUES (2721, 77, 60);
INSERT INTO ITEMPED VALUES (2721, 78, 21);
INSERT INTO PEDIDO VALUES (2722, 60, 260, 250);
INSERT INTO ITEMPED VALUES (2722, 53, 95);
INSERT INTO ITEMPED VALUES (2722, 77, 87);
INSERT INTO ITEMPED VALUES (2722, 78, 224);
INSERT INTO PEDIDO VALUES (2723, 45, 110, 11);
INSERT INTO ITEMPED VALUES (2723, 77, 57);
INSERT INTO ITEMPED VALUES (2723, 78, 123);
INSERT INTO ITEMPED VALUES (2723, 13, 248);
INSERT INTO PEDIDO VALUES (2724, 20, 410, 209);
INSERT INTO ITEMPED VALUES (2724, 78, 224);
INSERT INTO ITEMPED VALUES (2724, 13, 172);
INSERT INTO PEDIDO VALUES (2725, 60, 110, 111);
INSERT INTO ITEMPED VALUES (2725, 25, 88);
INSERT INTO PEDIDO VALUES (2726, 30, 870, 250);
INSERT INTO ITEMPED VALUES (2726, 78, 72);
INSERT INTO ITEMPED VALUES (2726, 13, 270);
INSERT INTO ITEMPED VALUES (2726, 22, 74);
INSERT INTO PEDIDO VALUES (2727, 60, 720, 310);
INSERT INTO ITEMPED VALUES (2727, 53, 276);
INSERT INTO ITEMPED VALUES (2727, 77, 91);
INSERT INTO ITEMPED VALUES (2727, 78, 62);
INSERT INTO ITEMPED VALUES (2727, 13, 30);
INSERT INTO ITEMPED VALUES (2727, 22, 298);
INSERT INTO ITEMPED VALUES (2727, 25, 19);
INSERT INTO PEDIDO VALUES (2728, 30, 290, 240);
INSERT INTO ITEMPED VALUES (2728, 13, 117);
INSERT INTO ITEMPED VALUES (2728, 22, 283);
INSERT INTO ITEMPED VALUES (2728, 25, 31);
INSERT INTO ITEMPED VALUES (2728, 31, 153);
INSERT INTO PEDIDO VALUES (2729, 60, 260, 720);
INSERT INTO ITEMPED VALUES (2729, 77, 19);
INSERT INTO ITEMPED VALUES (2729, 78, 178);
INSERT INTO PEDIDO VALUES (2730, 20, 410, 11);
INSERT INTO ITEMPED VALUES (2730, 78, 208);
INSERT INTO ITEMPED VALUES (2730, 13, 163);
INSERT INTO ITEMPED VALUES (2730, 22, 244);
INSERT INTO ITEMPED VALUES (2730, 25, 100);
INSERT INTO ITEMPED VALUES (2730, 31, 3);
INSERT INTO PEDIDO VALUES (2731, 10, 871, 213);
INSERT INTO ITEMPED VALUES (2731, 31, 129);
INSERT INTO ITEMPED VALUES (2731, 45, 199);
INSERT INTO PEDIDO VALUES (2732, 45, 180, 111);
INSERT INTO ITEMPED VALUES (2732, 78, 254);
INSERT INTO ITEMPED VALUES (2732, 13, 5);
INSERT INTO PEDIDO VALUES (2733, 20, 290, 11);
INSERT INTO ITEMPED VALUES (2733, 31, 230);
INSERT INTO PEDIDO VALUES (2734, 30, 260, 209);
INSERT INTO ITEMPED VALUES (2734, 25, 266);
INSERT INTO ITEMPED VALUES (2734, 31, 155);
INSERT INTO ITEMPED VALUES (2734, 45, 227);
INSERT INTO ITEMPED VALUES (2734, 53, 258);
INSERT INTO ITEMPED VALUES (2734, 77, 207);
INSERT INTO PEDIDO VALUES (2735, 60, 870, 111);
INSERT INTO ITEMPED VALUES (2735, 53, 147);
INSERT INTO PEDIDO VALUES (2736, 45, 390, 250);
INSERT INTO ITEMPED VALUES (2736, 13, 209);
INSERT INTO PEDIDO VALUES (2737, 20, 410, 101);
INSERT INTO ITEMPED VALUES (2737, 77, 99);
INSERT INTO ITEMPED VALUES (2737, 78, 285);
INSERT INTO ITEMPED VALUES (2737, 13, 234);
INSERT INTO PEDIDO VALUES (2738, 30, 290, 250);
INSERT INTO ITEMPED VALUES (2738, 13, 214);
INSERT INTO ITEMPED VALUES (2738, 22, 209);
INSERT INTO ITEMPED VALUES (2738, 25, 257);
INSERT INTO PEDIDO VALUES (2739, 20, 410, 209);
INSERT INTO ITEMPED VALUES (2739, 22, 51);
INSERT INTO ITEMPED VALUES (2739, 25, 4);
INSERT INTO PEDIDO VALUES (2740, 60, 830, 11);
INSERT INTO ITEMPED VALUES (2740, 31, 237);
INSERT INTO ITEMPED VALUES (2740, 45, 233);
INSERT INTO ITEMPED VALUES (2740, 53, 202);
INSERT INTO PEDIDO VALUES (2741, 30, 720, 213);
INSERT INTO ITEMPED VALUES (2741, 53, 12);
INSERT INTO ITEMPED VALUES (2741, 77, 272);
INSERT INTO ITEMPED VALUES (2741, 78, 92);
INSERT INTO ITEMPED VALUES (2741, 13, 58);
INSERT INTO ITEMPED VALUES (2741, 22, 10);
INSERT INTO ITEMPED VALUES (2741, 25, 114);
INSERT INTO PEDIDO VALUES (2742, 10, 830, 101);
INSERT INTO ITEMPED VALUES (2742, 78, 299);
INSERT INTO ITEMPED VALUES (2742, 13, 60);
INSERT INTO PEDIDO VALUES (2743, 60, 110, 720);
INSERT INTO ITEMPED VALUES (2743, 31, 55);
INSERT INTO PEDIDO VALUES (2744, 30, 180, 209);
INSERT INTO ITEMPED VALUES (2744, 77, 266);
INSERT INTO ITEMPED VALUES (2744, 78, 87);
INSERT INTO ITEMPED VALUES (2744, 13, 244);
INSERT INTO ITEMPED VALUES (2744, 22, 37);
INSERT INTO ITEMPED VALUES (2744, 25, 15);
INSERT INTO ITEMPED VALUES (2744, 31, 235);
INSERT INTO PEDIDO VALUES (2745, 45, 390, 101);
INSERT INTO ITEMPED VALUES (2745, 22, 207);
INSERT INTO ITEMPED VALUES (2745, 25, 255);
INSERT INTO ITEMPED VALUES (2745, 31, 265);
INSERT INTO ITEMPED VALUES (2745, 45, 183);
INSERT INTO ITEMPED VALUES (2745, 53, 202);
INSERT INTO ITEMPED VALUES (2745, 77, 249);
INSERT INTO PEDIDO VALUES (2746, 20, 290, 11);
INSERT INTO ITEMPED VALUES (2746, 13, 198);
INSERT INTO ITEMPED VALUES (2746, 22, 300);
INSERT INTO ITEMPED VALUES (2746, 25, 237);
INSERT INTO ITEMPED VALUES (2746, 31, 170);
INSERT INTO ITEMPED VALUES (2746, 45, 223);
INSERT INTO ITEMPED VALUES (2746, 53, 233);
INSERT INTO PEDIDO VALUES (2747, 10, 871, 720);
INSERT INTO ITEMPED VALUES (2747, 77, 38);
INSERT INTO ITEMPED VALUES (2747, 78, 288);
INSERT INTO ITEMPED VALUES (2747, 13, 158);
INSERT INTO ITEMPED VALUES (2747, 22, 225);
INSERT INTO ITEMPED VALUES (2747, 25, 212);
INSERT INTO PEDIDO VALUES (2748, 30, 410, 310);
INSERT INTO ITEMPED VALUES (2748, 78, 146);
INSERT INTO ITEMPED VALUES (2748, 13, 227);
INSERT INTO PEDIDO VALUES (2749, 10, 830, 213);
INSERT INTO ITEMPED VALUES (2749, 77, 105);
INSERT INTO ITEMPED VALUES (2749, 78, 249);
INSERT INTO PEDIDO VALUES (2750, 60, 871, 250);
INSERT INTO ITEMPED VALUES (2750, 78, 233);
INSERT INTO ITEMPED VALUES (2750, 13, 61);
INSERT INTO ITEMPED VALUES (2750, 22, 199);
INSERT INTO ITEMPED VALUES (2750, 25, 144);
INSERT INTO ITEMPED VALUES (2750, 31, 76);
INSERT INTO ITEMPED VALUES (2750, 45, 49);
INSERT INTO PEDIDO VALUES (2751, 10, 720, 240);
INSERT INTO ITEMPED VALUES (2751, 25, 109);
INSERT INTO ITEMPED VALUES (2751, 31, 111);
INSERT INTO ITEMPED VALUES (2751, 45, 171);
INSERT INTO PEDIDO VALUES (2752, 60, 410, 250);
INSERT INTO ITEMPED VALUES (2752, 13, 185);
INSERT INTO ITEMPED VALUES (2752, 22, 79);
INSERT INTO ITEMPED VALUES (2752, 25, 290);
INSERT INTO ITEMPED VALUES (2752, 31, 51);
INSERT INTO ITEMPED VALUES (2752, 45, 209);
INSERT INTO ITEMPED VALUES (2752, 53, 86);
INSERT INTO PEDIDO VALUES (2753, 10, 180, 209);
INSERT INTO ITEMPED VALUES (2753, 53, 68);
INSERT INTO ITEMPED VALUES (2753, 77, 143);
INSERT INTO PEDIDO VALUES (2754, 20, 20, 11);
INSERT INTO ITEMPED VALUES (2754, 45, 219);
INSERT INTO ITEMPED VALUES (2754, 53, 84);
INSERT INTO ITEMPED VALUES (2754, 77, 167);
INSERT INTO ITEMPED VALUES (2754, 78, 77);
INSERT INTO PEDIDO VALUES (2755, 45, 180, 310);
INSERT INTO ITEMPED VALUES (2755, 78, 115);
INSERT INTO ITEMPED VALUES (2755, 13, 98);
INSERT INTO ITEMPED VALUES (2755, 22, 159);
INSERT INTO ITEMPED VALUES (2755, 25, 302);
INSERT INTO PEDIDO VALUES (2756, 20, 410, 209);
INSERT INTO ITEMPED VALUES (2756, 31, 17);
INSERT INTO ITEMPED VALUES (2756, 45, 148);
INSERT INTO PEDIDO VALUES (2757, 60, 871, 111);
INSERT INTO ITEMPED VALUES (2757, 25, 252);
INSERT INTO ITEMPED VALUES (2757, 31, 156);
INSERT INTO ITEMPED VALUES (2757, 45, 209);
INSERT INTO ITEMPED VALUES (2757, 53, 32);
INSERT INTO PEDIDO VALUES (2758, 10, 390, 720);
INSERT INTO ITEMPED VALUES (2758, 77, 248);
INSERT INTO ITEMPED VALUES (2758, 78, 175);
INSERT INTO ITEMPED VALUES (2758, 13, 191);
INSERT INTO ITEMPED VALUES (2758, 22, 76);
INSERT INTO ITEMPED VALUES (2758, 25, 23);
INSERT INTO PEDIDO VALUES (2759, 45, 260, 101);
INSERT INTO ITEMPED VALUES (2759, 31, 218);
INSERT INTO ITEMPED VALUES (2759, 45, 117);
INSERT INTO ITEMPED VALUES (2759, 53, 123);
INSERT INTO PEDIDO VALUES (2760, 20, 870, 250);
INSERT INTO ITEMPED VALUES (2760, 25, 114);
INSERT INTO PEDIDO VALUES (2761, 10, 390, 240);
INSERT INTO ITEMPED VALUES (2761, 45, 177);
INSERT INTO ITEMPED VALUES (2761, 53, 23);
INSERT INTO ITEMPED VALUES (2761, 77, 11);
INSERT INTO ITEMPED VALUES (2761, 78, 206);
INSERT INTO ITEMPED VALUES (2761, 13, 19);
INSERT INTO ITEMPED VALUES (2761, 22, 300);
INSERT INTO PEDIDO VALUES (2762, 60, 180, 310);
INSERT INTO ITEMPED VALUES (2762, 31, 248);
INSERT INTO ITEMPED VALUES (2762, 45, 200);
INSERT INTO ITEMPED VALUES (2762, 53, 178);
INSERT INTO ITEMPED VALUES (2762, 77, 64);
INSERT INTO PEDIDO VALUES (2763, 10, 20, 213);
INSERT INTO ITEMPED VALUES (2763, 53, 148);
INSERT INTO ITEMPED VALUES (2763, 77, 203);
INSERT INTO ITEMPED VALUES (2763, 78, 39);
INSERT INTO PEDIDO VALUES (2764, 45, 390, 250);
INSERT INTO ITEMPED VALUES (2764, 25, 96);
INSERT INTO ITEMPED VALUES (2764, 31, 144);
INSERT INTO ITEMPED VALUES (2764, 45, 119);
INSERT INTO ITEMPED VALUES (2764, 53, 243);
INSERT INTO ITEMPED VALUES (2764, 77, 293);
INSERT INTO ITEMPED VALUES (2764, 78, 70);
INSERT INTO PEDIDO VALUES (2765, 30, 830, 213);
INSERT INTO ITEMPED VALUES (2765, 22, 132);
INSERT INTO ITEMPED VALUES (2765, 25, 98);
INSERT INTO ITEMPED VALUES (2765, 31, 98);
INSERT INTO ITEMPED VALUES (2765, 45, 83);
INSERT INTO ITEMPED VALUES (2765, 53, 109);
INSERT INTO ITEMPED VALUES (2765, 77, 203);
INSERT INTO PEDIDO VALUES (2766, 10, 871, 111);
INSERT INTO ITEMPED VALUES (2766, 53, 125);
INSERT INTO PEDIDO VALUES (2767, 45, 180, 310);
INSERT INTO ITEMPED VALUES (2767, 13, 167);
INSERT INTO ITEMPED VALUES (2767, 22, 269);
INSERT INTO ITEMPED VALUES (2767, 25, 54);
INSERT INTO ITEMPED VALUES (2767, 31, 293);
INSERT INTO ITEMPED VALUES (2767, 45, 14);
INSERT INTO PEDIDO VALUES (2768, 60, 290, 209);
INSERT INTO ITEMPED VALUES (2768, 45, 300);
INSERT INTO ITEMPED VALUES (2768, 53, 131);
INSERT INTO PEDIDO VALUES (2769, 20, 20, 720);
INSERT INTO ITEMPED VALUES (2769, 78, 83);
INSERT INTO ITEMPED VALUES (2769, 13, 127);
INSERT INTO ITEMPED VALUES (2769, 22, 292);
INSERT INTO ITEMPED VALUES (2769, 25, 272);
INSERT INTO ITEMPED VALUES (2769, 31, 205);
INSERT INTO ITEMPED VALUES (2769, 45, 105);
INSERT INTO PEDIDO VALUES (2770, 45, 260, 209);
INSERT INTO ITEMPED VALUES (2770, 31, 66);
INSERT INTO ITEMPED VALUES (2770, 45, 99);
INSERT INTO PEDIDO VALUES (2771, 60, 390, 310);
INSERT INTO ITEMPED VALUES (2771, 78, 138);
INSERT INTO ITEMPED VALUES (2771, 13, 147);
INSERT INTO ITEMPED VALUES (2771, 22, 242);
INSERT INTO ITEMPED VALUES (2771, 25, 249);
INSERT INTO PEDIDO VALUES (2772, 45, 290, 213);
INSERT INTO ITEMPED VALUES (2772, 45, 212);
INSERT INTO ITEMPED VALUES (2772, 53, 25);
INSERT INTO ITEMPED VALUES (2772, 77, 103);
INSERT INTO ITEMPED VALUES (2772, 78, 40);
INSERT INTO ITEMPED VALUES (2772, 13, 297);
INSERT INTO PEDIDO VALUES (2773, 20, 20, 310);
INSERT INTO ITEMPED VALUES (2773, 25, 38);
INSERT INTO PEDIDO VALUES (2774, 45, 870, 11);
INSERT INTO ITEMPED VALUES (2774, 22, 208);
INSERT INTO ITEMPED VALUES (2774, 25, 62);
INSERT INTO PEDIDO VALUES (2775, 20, 830, 720);
INSERT INTO ITEMPED VALUES (2775, 25, 154);
INSERT INTO ITEMPED VALUES (2775, 31, 170);
INSERT INTO ITEMPED VALUES (2775, 45, 61);
INSERT INTO ITEMPED VALUES (2775, 53, 271);
INSERT INTO ITEMPED VALUES (2775, 77, 20);
INSERT INTO ITEMPED VALUES (2775, 78, 72);
INSERT INTO PEDIDO VALUES (2776, 45, 110, 209);
INSERT INTO ITEMPED VALUES (2776, 45, 283);
INSERT INTO ITEMPED VALUES (2776, 53, 47);
INSERT INTO ITEMPED VALUES (2776, 77, 225);
INSERT INTO ITEMPED VALUES (2776, 78, 190);
INSERT INTO ITEMPED VALUES (2776, 13, 217);
INSERT INTO ITEMPED VALUES (2776, 22, 86);
INSERT INTO PEDIDO VALUES (2777, 60, 870, 240);
INSERT INTO ITEMPED VALUES (2777, 77, 116);
INSERT INTO ITEMPED VALUES (2777, 78, 69);
INSERT INTO ITEMPED VALUES (2777, 13, 233);
INSERT INTO ITEMPED VALUES (2777, 22, 229);
INSERT INTO ITEMPED VALUES (2777, 25, 73);
INSERT INTO PEDIDO VALUES (2778, 45, 260, 310);
INSERT INTO ITEMPED VALUES (2778, 78, 189);
INSERT INTO ITEMPED VALUES (2778, 13, 156);
INSERT INTO ITEMPED VALUES (2778, 22, 187);
INSERT INTO ITEMPED VALUES (2778, 25, 277);
INSERT INTO PEDIDO VALUES (2779, 30, 290, 720);
INSERT INTO ITEMPED VALUES (2779, 31, 67);
INSERT INTO PEDIDO VALUES (2780, 45, 720, 213);
INSERT INTO ITEMPED VALUES (2780, 13, 139);
INSERT INTO ITEMPED VALUES (2780, 22, 32);
INSERT INTO PEDIDO VALUES (2781, 60, 290, 250);
INSERT INTO ITEMPED VALUES (2781, 22, 110);
INSERT INTO ITEMPED VALUES (2781, 25, 169);
INSERT INTO ITEMPED VALUES (2781, 31, 140);
INSERT INTO ITEMPED VALUES (2781, 45, 24);
INSERT INTO ITEMPED VALUES (2781, 53, 91);
INSERT INTO PEDIDO VALUES (2782, 10, 870, 310);
INSERT INTO ITEMPED VALUES (2782, 31, 46);
INSERT INTO ITEMPED VALUES (2782, 45, 33);
INSERT INTO ITEMPED VALUES (2782, 53, 106);
INSERT INTO ITEMPED VALUES (2782, 77, 250);
INSERT INTO ITEMPED VALUES (2782, 78, 256);
INSERT INTO ITEMPED VALUES (2782, 13, 229);
INSERT INTO PEDIDO VALUES (2783, 60, 20, 11);
INSERT INTO ITEMPED VALUES (2783, 45, 137);
INSERT INTO ITEMPED VALUES (2783, 53, 80);
INSERT INTO ITEMPED VALUES (2783, 77, 6);
INSERT INTO ITEMPED VALUES (2783, 78, 244);
INSERT INTO ITEMPED VALUES (2783, 13, 146);
INSERT INTO ITEMPED VALUES (2783, 22, 224);
INSERT INTO PEDIDO VALUES (2784, 30, 110, 310);
INSERT INTO ITEMPED VALUES (2784, 13, 161);
INSERT INTO ITEMPED VALUES (2784, 22, 207);
INSERT INTO ITEMPED VALUES (2784, 25, 31);
INSERT INTO ITEMPED VALUES (2784, 31, 31);
INSERT INTO ITEMPED VALUES (2784, 45, 158);
INSERT INTO PEDIDO VALUES (2785, 60, 180, 209);
INSERT INTO ITEMPED VALUES (2785, 22, 108);
INSERT INTO ITEMPED VALUES (2785, 25, 192);
INSERT INTO ITEMPED VALUES (2785, 31, 251);
INSERT INTO PEDIDO VALUES (2786, 20, 830, 250);
INSERT INTO ITEMPED VALUES (2786, 45, 275);
INSERT INTO ITEMPED VALUES (2786, 53, 109);
INSERT INTO ITEMPED VALUES (2786, 77, 193);
INSERT INTO ITEMPED VALUES (2786, 78, 102);
INSERT INTO ITEMPED VALUES (2786, 13, 77);
INSERT INTO ITEMPED VALUES (2786, 22, 59);
INSERT INTO PEDIDO VALUES (2787, 30, 390, 11);
INSERT INTO ITEMPED VALUES (2787, 22, 85);
INSERT INTO PEDIDO VALUES (2788, 45, 260, 111);
INSERT INTO ITEMPED VALUES (2788, 78, 150);
INSERT INTO ITEMPED VALUES (2788, 13, 242);
INSERT INTO ITEMPED VALUES (2788, 22, 122);
INSERT INTO PEDIDO VALUES (2789, 30, 870, 720);
INSERT INTO ITEMPED VALUES (2789, 45, 130);
INSERT INTO ITEMPED VALUES (2789, 53, 67);
INSERT INTO ITEMPED VALUES (2789, 77, 256);
INSERT INTO PEDIDO VALUES (2790, 60, 20, 240);
INSERT INTO ITEMPED VALUES (2790, 31, 237);
INSERT INTO ITEMPED VALUES (2790, 45, 235);
INSERT INTO ITEMPED VALUES (2790, 53, 227);
INSERT INTO ITEMPED VALUES (2790, 77, 163);
INSERT INTO PEDIDO VALUES (2791, 10, 110, 213);
INSERT INTO ITEMPED VALUES (2791, 22, 69);
INSERT INTO ITEMPED VALUES (2791, 25, 147);
INSERT INTO ITEMPED VALUES (2791, 31, 42);
INSERT INTO ITEMPED VALUES (2791, 45, 147);
INSERT INTO ITEMPED VALUES (2791, 53, 78);
INSERT INTO PEDIDO VALUES (2792, 20, 390, 11);
INSERT INTO ITEMPED VALUES (2792, 78, 278);
INSERT INTO ITEMPED VALUES (2792, 13, 214);
INSERT INTO ITEMPED VALUES (2792, 22, 36);
INSERT INTO ITEMPED VALUES (2792, 25, 105);
INSERT INTO PEDIDO VALUES (2793, 45, 870, 240);
INSERT INTO ITEMPED VALUES (2793, 22, 15);
INSERT INTO ITEMPED VALUES (2793, 25, 235);
INSERT INTO ITEMPED VALUES (2793, 31, 268);
INSERT INTO ITEMPED VALUES (2793, 45, 288);
INSERT INTO PEDIDO VALUES (2794, 60, 871, 101);
INSERT INTO ITEMPED VALUES (2794, 25, 212);
INSERT INTO ITEMPED VALUES (2794, 31, 131);
INSERT INTO ITEMPED VALUES (2794, 45, 194);
INSERT INTO ITEMPED VALUES (2794, 53, 60);
INSERT INTO PEDIDO VALUES (2795, 20, 20, 250);
INSERT INTO ITEMPED VALUES (2795, 31, 270);
INSERT INTO ITEMPED VALUES (2795, 45, 296);
INSERT INTO ITEMPED VALUES (2795, 53, 207);
INSERT INTO ITEMPED VALUES (2795, 77, 27);
INSERT INTO ITEMPED VALUES (2795, 78, 115);
INSERT INTO PEDIDO VALUES (2796, 10, 110, 213);
INSERT INTO ITEMPED VALUES (2796, 77, 44);
INSERT INTO ITEMPED VALUES (2796, 78, 158);
INSERT INTO PEDIDO VALUES (2797, 30, 20, 209);
INSERT INTO ITEMPED VALUES (2797, 25, 46);
INSERT INTO ITEMPED VALUES (2797, 31, 179);
INSERT INTO ITEMPED VALUES (2797, 45, 258);
INSERT INTO PEDIDO VALUES (2798, 20, 290, 111);
INSERT INTO ITEMPED VALUES (2798, 78, 78);
INSERT INTO PEDIDO VALUES (2799, 30, 871, 209);
INSERT INTO ITEMPED VALUES (2799, 77, 299);
INSERT INTO ITEMPED VALUES (2799, 78, 119);
INSERT INTO ITEMPED VALUES (2799, 13, 268);
INSERT INTO ITEMPED VALUES (2799, 22, 185);
INSERT INTO ITEMPED VALUES (2799, 25, 168);
INSERT INTO PEDIDO VALUES (2800, 60, 20, 101);
INSERT INTO ITEMPED VALUES (2800, 22, 21);
INSERT INTO PEDIDO VALUES (2801, 30, 180, 720);
INSERT INTO ITEMPED VALUES (2801, 53, 241);
INSERT INTO ITEMPED VALUES (2801, 77, 43);
INSERT INTO ITEMPED VALUES (2801, 78, 11);
INSERT INTO PEDIDO VALUES (2802, 20, 110, 209);
INSERT INTO ITEMPED VALUES (2802, 22, 268);
INSERT INTO ITEMPED VALUES (2802, 25, 71);
INSERT INTO ITEMPED VALUES (2802, 31, 294);
INSERT INTO PEDIDO VALUES (2803, 10, 720, 11);
INSERT INTO ITEMPED VALUES (2803, 78, 297);
INSERT INTO ITEMPED VALUES (2803, 13, 91);
INSERT INTO ITEMPED VALUES (2803, 22, 220);
INSERT INTO ITEMPED VALUES (2803, 25, 67);
INSERT INTO ITEMPED VALUES (2803, 31, 207);
INSERT INTO ITEMPED VALUES (2803, 45, 210);
INSERT INTO PEDIDO VALUES (2804, 60, 260, 209);
INSERT INTO ITEMPED VALUES (2804, 31, 260);
INSERT INTO ITEMPED VALUES (2804, 45, 240);
INSERT INTO ITEMPED VALUES (2804, 53, 292);
INSERT INTO ITEMPED VALUES (2804, 77, 85);
INSERT INTO ITEMPED VALUES (2804, 78, 27);
INSERT INTO PEDIDO VALUES (2805, 45, 830, 213);
INSERT INTO ITEMPED VALUES (2805, 53, 233);
INSERT INTO ITEMPED VALUES (2805, 77, 184);
INSERT INTO PEDIDO VALUES (2806, 60, 720, 240);
INSERT INTO ITEMPED VALUES (2806, 78, 107);
INSERT INTO ITEMPED VALUES (2806, 13, 91);
INSERT INTO PEDIDO VALUES (2807, 30, 871, 209);
INSERT INTO ITEMPED VALUES (2807, 25, 127);
INSERT INTO ITEMPED VALUES (2807, 31, 233);
INSERT INTO ITEMPED VALUES (2807, 45, 184);
INSERT INTO ITEMPED VALUES (2807, 53, 302);
INSERT INTO ITEMPED VALUES (2807, 77, 163);
INSERT INTO ITEMPED VALUES (2807, 78, 26);
INSERT INTO PEDIDO VALUES (2808, 20, 870, 240);
INSERT INTO ITEMPED VALUES (2808, 22, 267);
INSERT INTO ITEMPED VALUES (2808, 25, 54);
INSERT INTO ITEMPED VALUES (2808, 31, 288);
INSERT INTO PEDIDO VALUES (2809, 60, 720, 310);
INSERT INTO ITEMPED VALUES (2809, 45, 20);
INSERT INTO ITEMPED VALUES (2809, 53, 56);
INSERT INTO ITEMPED VALUES (2809, 77, 249);
INSERT INTO ITEMPED VALUES (2809, 78, 3);
INSERT INTO ITEMPED VALUES (2809, 13, 218);
INSERT INTO ITEMPED VALUES (2809, 22, 220);
INSERT INTO PEDIDO VALUES (2810, 20, 290, 101);
INSERT INTO ITEMPED VALUES (2810, 25, 162);
INSERT INTO ITEMPED VALUES (2810, 31, 184);
INSERT INTO ITEMPED VALUES (2810, 45, 158);
INSERT INTO PEDIDO VALUES (2811, 10, 830, 213);
INSERT INTO ITEMPED VALUES (2811, 53, 174);
INSERT INTO ITEMPED VALUES (2811, 77, 277);
INSERT INTO ITEMPED VALUES (2811, 78, 249);
INSERT INTO PEDIDO VALUES (2812, 30, 870, 720);
INSERT INTO ITEMPED VALUES (2812, 45, 245);
INSERT INTO PEDIDO VALUES (2813, 20, 871, 101);
INSERT INTO ITEMPED VALUES (2813, 22, 69);
INSERT INTO ITEMPED VALUES (2813, 25, 145);
INSERT INTO PEDIDO VALUES (2814, 10, 180, 11);
INSERT INTO ITEMPED VALUES (2814, 78, 69);
INSERT INTO ITEMPED VALUES (2814, 13, 54);
INSERT INTO ITEMPED VALUES (2814, 22, 213);
INSERT INTO ITEMPED VALUES (2814, 25, 154);
INSERT INTO ITEMPED VALUES (2814, 31, 297);
INSERT INTO PEDIDO VALUES (2815, 30, 870, 209);
INSERT INTO ITEMPED VALUES (2815, 77, 288);
INSERT INTO ITEMPED VALUES (2815, 78, 292);
INSERT INTO PEDIDO VALUES (2816, 20, 390, 720);
INSERT INTO ITEMPED VALUES (2816, 78, 279);
INSERT INTO ITEMPED VALUES (2816, 13, 215);
INSERT INTO ITEMPED VALUES (2816, 22, 283);
INSERT INTO ITEMPED VALUES (2816, 25, 58);
INSERT INTO PEDIDO VALUES (2817, 10, 870, 310);
INSERT INTO ITEMPED VALUES (2817, 77, 174);
INSERT INTO PEDIDO VALUES (2818, 20, 20, 213);
INSERT INTO ITEMPED VALUES (2818, 31, 219);
INSERT INTO PEDIDO VALUES (2819, 30, 390, 310);
INSERT INTO ITEMPED VALUES (2819, 25, 300);
INSERT INTO PEDIDO VALUES (2820, 10, 260, 11);
INSERT INTO ITEMPED VALUES (2820, 45, 166);
INSERT INTO PEDIDO VALUES (2821, 30, 410, 209);
INSERT INTO ITEMPED VALUES (2821, 13, 212);
INSERT INTO ITEMPED VALUES (2821, 22, 53);
INSERT INTO ITEMPED VALUES (2821, 25, 49);
INSERT INTO PEDIDO VALUES (2822, 20, 830, 310);
INSERT INTO ITEMPED VALUES (2822, 25, 207);
INSERT INTO ITEMPED VALUES (2822, 31, 291);
INSERT INTO PEDIDO VALUES (2823, 30, 410, 209);
INSERT INTO ITEMPED VALUES (2823, 13, 130);
INSERT INTO ITEMPED VALUES (2823, 22, 28);
INSERT INTO ITEMPED VALUES (2823, 25, 196);
INSERT INTO PEDIDO VALUES (2824, 10, 871, 310);
INSERT INTO ITEMPED VALUES (2824, 25, 145);
INSERT INTO PEDIDO VALUES (2825, 45, 390, 209);
INSERT INTO ITEMPED VALUES (2825, 13, 127);
INSERT INTO ITEMPED VALUES (2825, 22, 10);
INSERT INTO PEDIDO VALUES (2826, 20, 290, 213);
INSERT INTO ITEMPED VALUES (2826, 77, 105);
INSERT INTO PEDIDO VALUES (2827, 60, 110, 101);
INSERT INTO ITEMPED VALUES (2827, 31, 43);
INSERT INTO ITEMPED VALUES (2827, 45, 35);
INSERT INTO ITEMPED VALUES (2827, 53, 263);
INSERT INTO ITEMPED VALUES (2827, 77, 249);
INSERT INTO ITEMPED VALUES (2827, 78, 295);
INSERT INTO PEDIDO VALUES (2828, 45, 870, 111);
INSERT INTO ITEMPED VALUES (2828, 25, 276);
INSERT INTO PEDIDO VALUES (2829, 30, 871, 250);
INSERT INTO ITEMPED VALUES (2829, 45, 19);
INSERT INTO ITEMPED VALUES (2829, 53, 232);
INSERT INTO ITEMPED VALUES (2829, 77, 263);
INSERT INTO ITEMPED VALUES (2829, 78, 156);
INSERT INTO ITEMPED VALUES (2829, 13, 46);
INSERT INTO PEDIDO VALUES (2830, 10, 720, 720);
INSERT INTO ITEMPED VALUES (2830, 53, 251);
INSERT INTO ITEMPED VALUES (2830, 77, 89);
INSERT INTO ITEMPED VALUES (2830, 78, 230);
INSERT INTO ITEMPED VALUES (2830, 13, 235);
INSERT INTO ITEMPED VALUES (2830, 22, 60);
INSERT INTO PEDIDO VALUES (2831, 20, 830, 250);
INSERT INTO ITEMPED VALUES (2831, 22, 297);
INSERT INTO PEDIDO VALUES (2832, 60, 720, 111);
INSERT INTO ITEMPED VALUES (2832, 77, 135);
INSERT INTO ITEMPED VALUES (2832, 78, 152);
INSERT INTO ITEMPED VALUES (2832, 13, 90);
INSERT INTO ITEMPED VALUES (2832, 22, 96);
INSERT INTO ITEMPED VALUES (2832, 25, 105);
INSERT INTO PEDIDO VALUES (2833, 10, 870, 250);
INSERT INTO ITEMPED VALUES (2833, 22, 149);
INSERT INTO ITEMPED VALUES (2833, 25, 210);
INSERT INTO PEDIDO VALUES (2834, 45, 290, 11);
INSERT INTO ITEMPED VALUES (2834, 31, 64);
INSERT INTO ITEMPED VALUES (2834, 45, 165);
INSERT INTO PEDIDO VALUES (2835, 10, 260, 310);
INSERT INTO ITEMPED VALUES (2835, 25, 38);
INSERT INTO ITEMPED VALUES (2835, 31, 295);
INSERT INTO ITEMPED VALUES (2835, 45, 197);
INSERT INTO ITEMPED VALUES (2835, 53, 204);
INSERT INTO ITEMPED VALUES (2835, 77, 209);
INSERT INTO PEDIDO VALUES (2836, 30, 180, 111);
INSERT INTO ITEMPED VALUES (2836, 13, 35);
INSERT INTO ITEMPED VALUES (2836, 22, 93);
INSERT INTO ITEMPED VALUES (2836, 25, 137);
INSERT INTO ITEMPED VALUES (2836, 31, 119);
INSERT INTO PEDIDO VALUES (2837, 60, 720, 213);
INSERT INTO ITEMPED VALUES (2837, 45, 156);
INSERT INTO ITEMPED VALUES (2837, 53, 156);
INSERT INTO ITEMPED VALUES (2837, 77, 242);
INSERT INTO ITEMPED VALUES (2837, 78, 13);
INSERT INTO ITEMPED VALUES (2837, 13, 220);
INSERT INTO ITEMPED VALUES (2837, 22, 8);
INSERT INTO PEDIDO VALUES (2838, 10, 870, 101);
INSERT INTO ITEMPED VALUES (2838, 53, 237);
INSERT INTO ITEMPED VALUES (2838, 77, 285);
INSERT INTO ITEMPED VALUES (2838, 78, 86);
INSERT INTO ITEMPED VALUES (2838, 13, 28);
INSERT INTO ITEMPED VALUES (2838, 22, 16);
INSERT INTO PEDIDO VALUES (2839, 60, 390, 213);
INSERT INTO ITEMPED VALUES (2839, 45, 208);
INSERT INTO ITEMPED VALUES (2839, 53, 216);
INSERT INTO ITEMPED VALUES (2839, 77, 193);
INSERT INTO ITEMPED VALUES (2839, 78, 235);
INSERT INTO ITEMPED VALUES (2839, 13, 109);
INSERT INTO ITEMPED VALUES (2839, 22, 278);
INSERT INTO PEDIDO VALUES (2840, 30, 870, 11);
INSERT INTO ITEMPED VALUES (2840, 22, 183);
INSERT INTO PEDIDO VALUES (2841, 45, 290, 250);
INSERT INTO ITEMPED VALUES (2841, 45, 159);
INSERT INTO ITEMPED VALUES (2841, 53, 19);
INSERT INTO ITEMPED VALUES (2841, 77, 289);
INSERT INTO ITEMPED VALUES (2841, 78, 35);
INSERT INTO ITEMPED VALUES (2841, 13, 186);
INSERT INTO PEDIDO VALUES (2842, 20, 871, 720);
INSERT INTO ITEMPED VALUES (2842, 78, 254);
INSERT INTO ITEMPED VALUES (2842, 13, 52);
INSERT INTO ITEMPED VALUES (2842, 22, 281);
INSERT INTO PEDIDO VALUES (2843, 30, 870, 213);
INSERT INTO ITEMPED VALUES (2843, 45, 289);
INSERT INTO PEDIDO VALUES (2844, 45, 110, 101);
INSERT INTO ITEMPED VALUES (2844, 53, 284);
INSERT INTO ITEMPED VALUES (2844, 77, 25);
INSERT INTO ITEMPED VALUES (2844, 78, 203);
INSERT INTO ITEMPED VALUES (2844, 13, 29);
INSERT INTO ITEMPED VALUES (2844, 22, 127);
INSERT INTO ITEMPED VALUES (2844, 25, 106);
INSERT INTO PEDIDO VALUES (2845, 60, 390, 11);
INSERT INTO ITEMPED VALUES (2845, 13, 132);
INSERT INTO ITEMPED VALUES (2845, 22, 198);
INSERT INTO ITEMPED VALUES (2845, 25, 23);
INSERT INTO ITEMPED VALUES (2845, 31, 162);
INSERT INTO ITEMPED VALUES (2845, 45, 122);
INSERT INTO PEDIDO VALUES (2846, 45, 110, 209);
INSERT INTO ITEMPED VALUES (2846, 77, 72);
INSERT INTO ITEMPED VALUES (2846, 78, 113);
INSERT INTO ITEMPED VALUES (2846, 13, 153);
INSERT INTO ITEMPED VALUES (2846, 22, 271);
INSERT INTO PEDIDO VALUES (2847, 10, 830, 101);
INSERT INTO ITEMPED VALUES (2847, 22, 196);
INSERT INTO ITEMPED VALUES (2847, 25, 212);
INSERT INTO ITEMPED VALUES (2847, 31, 302);
INSERT INTO ITEMPED VALUES (2847, 45, 38);
INSERT INTO ITEMPED VALUES (2847, 53, 196);
INSERT INTO ITEMPED VALUES (2847, 77, 172);
INSERT INTO PEDIDO VALUES (2848, 45, 720, 250);
INSERT INTO ITEMPED VALUES (2848, 45, 31);
INSERT INTO ITEMPED VALUES (2848, 53, 254);
INSERT INTO ITEMPED VALUES (2848, 77, 250);
INSERT INTO ITEMPED VALUES (2848, 78, 90);
INSERT INTO ITEMPED VALUES (2848, 13, 26);
INSERT INTO ITEMPED VALUES (2848, 22, 48);
INSERT INTO PEDIDO VALUES (2849, 20, 830, 11);
INSERT INTO ITEMPED VALUES (2849, 78, 12);
INSERT INTO ITEMPED VALUES (2849, 13, 280);
INSERT INTO ITEMPED VALUES (2849, 22, 245);
INSERT INTO ITEMPED VALUES (2849, 25, 13);
INSERT INTO ITEMPED VALUES (2849, 31, 262);
INSERT INTO ITEMPED VALUES (2849, 45, 157);
INSERT INTO PEDIDO VALUES (2850, 30, 110, 310);
INSERT INTO ITEMPED VALUES (2850, 13, 105);
INSERT INTO ITEMPED VALUES (2850, 22, 218);
INSERT INTO ITEMPED VALUES (2850, 25, 143);
INSERT INTO ITEMPED VALUES (2850, 31, 125);
INSERT INTO ITEMPED VALUES (2850, 45, 116);
INSERT INTO PEDIDO VALUES (2851, 60, 180, 111);
INSERT INTO ITEMPED VALUES (2851, 31, 153);
INSERT INTO ITEMPED VALUES (2851, 45, 268);
INSERT INTO PEDIDO VALUES (2852, 20, 830, 720);
INSERT INTO ITEMPED VALUES (2852, 22, 257);
INSERT INTO ITEMPED VALUES (2852, 25, 301);
INSERT INTO ITEMPED VALUES (2852, 31, 98);
INSERT INTO ITEMPED VALUES (2852, 45, 246);
INSERT INTO PEDIDO VALUES (2853, 45, 110, 209);
INSERT INTO ITEMPED VALUES (2853, 31, 297);
INSERT INTO ITEMPED VALUES (2853, 45, 159);
INSERT INTO ITEMPED VALUES (2853, 53, 271);
INSERT INTO ITEMPED VALUES (2853, 77, 68);
INSERT INTO ITEMPED VALUES (2853, 78, 28);
INSERT INTO ITEMPED VALUES (2853, 13, 206);
INSERT INTO PEDIDO VALUES (2854, 30, 870, 250);
INSERT INTO ITEMPED VALUES (2854, 25, 264);
INSERT INTO ITEMPED VALUES (2854, 31, 145);
INSERT INTO ITEMPED VALUES (2854, 45, 290);
INSERT INTO ITEMPED VALUES (2854, 53, 215);
INSERT INTO ITEMPED VALUES (2854, 77, 281);
INSERT INTO ITEMPED VALUES (2854, 78, 59);
INSERT INTO PEDIDO VALUES (2855, 20, 290, 209);
INSERT INTO ITEMPED VALUES (2855, 77, 171);
INSERT INTO PEDIDO VALUES (2856, 30, 20, 11);
INSERT INTO ITEMPED VALUES (2856, 53, 148);
INSERT INTO ITEMPED VALUES (2856, 77, 187);
INSERT INTO ITEMPED VALUES (2856, 78, 11);
INSERT INTO ITEMPED VALUES (2856, 13, 300);
INSERT INTO ITEMPED VALUES (2856, 22, 209);
INSERT INTO PEDIDO VALUES (2857, 45, 720, 111);
INSERT INTO ITEMPED VALUES (2857, 25, 268);
INSERT INTO PEDIDO VALUES (2858, 30, 410, 310);
INSERT INTO ITEMPED VALUES (2858, 77, 47);
INSERT INTO ITEMPED VALUES (2858, 78, 267);
INSERT INTO ITEMPED VALUES (2858, 13, 260);
INSERT INTO ITEMPED VALUES (2858, 22, 138);
INSERT INTO ITEMPED VALUES (2858, 25, 243);
INSERT INTO PEDIDO VALUES (2859, 60, 290, 720);
INSERT INTO ITEMPED VALUES (2859, 45, 42);
INSERT INTO ITEMPED VALUES (2859, 53, 181);
INSERT INTO ITEMPED VALUES (2859, 77, 138);
INSERT INTO ITEMPED VALUES (2859, 78, 43);
INSERT INTO PEDIDO VALUES (2860, 45, 870, 101);
INSERT INTO ITEMPED VALUES (2860, 13, 136);
INSERT INTO ITEMPED VALUES (2860, 22, 137);
INSERT INTO ITEMPED VALUES (2860, 25, 283);
INSERT INTO ITEMPED VALUES (2860, 31, 224);
INSERT INTO ITEMPED VALUES (2860, 45, 208);
INSERT INTO ITEMPED VALUES (2860, 53, 232);
INSERT INTO PEDIDO VALUES (2861, 10, 410, 250);
INSERT INTO ITEMPED VALUES (2861, 45, 273);
INSERT INTO ITEMPED VALUES (2861, 53, 68);
INSERT INTO ITEMPED VALUES (2861, 77, 275);
INSERT INTO ITEMPED VALUES (2861, 78, 278);
INSERT INTO ITEMPED VALUES (2861, 13, 284);
INSERT INTO ITEMPED VALUES (2861, 22, 51);
INSERT INTO PEDIDO VALUES (2862, 45, 871, 310);
INSERT INTO ITEMPED VALUES (2862, 31, 83);
INSERT INTO PEDIDO VALUES (2863, 30, 20, 111);
INSERT INTO ITEMPED VALUES (2863, 77, 111);
INSERT INTO ITEMPED VALUES (2863, 78, 203);
INSERT INTO ITEMPED VALUES (2863, 13, 147);
INSERT INTO ITEMPED VALUES (2863, 22, 166);
INSERT INTO ITEMPED VALUES (2863, 25, 220);
INSERT INTO PEDIDO VALUES (2864, 20, 871, 209);
INSERT INTO ITEMPED VALUES (2864, 31, 112);
INSERT INTO ITEMPED VALUES (2864, 45, 230);
INSERT INTO ITEMPED VALUES (2864, 53, 107);
INSERT INTO PEDIDO VALUES (2865, 10, 390, 240);
INSERT INTO ITEMPED VALUES (2865, 22, 194);
INSERT INTO PEDIDO VALUES (2866, 30, 720, 209);
INSERT INTO ITEMPED VALUES (2866, 77, 228);
INSERT INTO ITEMPED VALUES (2866, 78, 159);
INSERT INTO ITEMPED VALUES (2866, 13, 68);
INSERT INTO ITEMPED VALUES (2866, 22, 137);
INSERT INTO PEDIDO VALUES (2867, 10, 20, 11);
INSERT INTO ITEMPED VALUES (2867, 13, 160);
INSERT INTO ITEMPED VALUES (2867, 22, 164);
INSERT INTO ITEMPED VALUES (2867, 25, 264);
INSERT INTO ITEMPED VALUES (2867, 31, 273);
INSERT INTO PEDIDO VALUES (2868, 60, 410, 213);
INSERT INTO ITEMPED VALUES (2868, 77, 155);
INSERT INTO ITEMPED VALUES (2868, 78, 289);
INSERT INTO ITEMPED VALUES (2868, 13, 12);
INSERT INTO ITEMPED VALUES (2868, 22, 251);
INSERT INTO ITEMPED VALUES (2868, 25, 161);
INSERT INTO PEDIDO VALUES (2869, 45, 260, 111);
INSERT INTO ITEMPED VALUES (2869, 13, 60);
INSERT INTO ITEMPED VALUES (2869, 22, 210);
INSERT INTO ITEMPED VALUES (2869, 25, 268);
INSERT INTO ITEMPED VALUES (2869, 31, 242);
INSERT INTO ITEMPED VALUES (2869, 45, 138);
INSERT INTO PEDIDO VALUES (2870, 20, 720, 240);
INSERT INTO ITEMPED VALUES (2870, 78, 5);
INSERT INTO PEDIDO VALUES (2871, 45, 410, 310);
INSERT INTO ITEMPED VALUES (2871, 22, 281);
INSERT INTO ITEMPED VALUES (2871, 25, 226);
INSERT INTO ITEMPED VALUES (2871, 31, 73);
INSERT INTO ITEMPED VALUES (2871, 45, 248);
INSERT INTO ITEMPED VALUES (2871, 53, 15);
INSERT INTO ITEMPED VALUES (2871, 77, 220);
INSERT INTO PEDIDO VALUES (2872, 20, 260, 111);
INSERT INTO ITEMPED VALUES (2872, 77, 166);
INSERT INTO ITEMPED VALUES (2872, 78, 62);
INSERT INTO ITEMPED VALUES (2872, 13, 59);
INSERT INTO ITEMPED VALUES (2872, 22, 224);
INSERT INTO PEDIDO VALUES (2873, 30, 390, 310);
INSERT INTO ITEMPED VALUES (2873, 31, 168);
INSERT INTO ITEMPED VALUES (2873, 45, 126);
INSERT INTO PEDIDO VALUES (2874, 10, 720, 240);
INSERT INTO ITEMPED VALUES (2874, 25, 81);
INSERT INTO ITEMPED VALUES (2874, 31, 246);
INSERT INTO ITEMPED VALUES (2874, 45, 125);
INSERT INTO PEDIDO VALUES (2875, 20, 870, 209);
INSERT INTO ITEMPED VALUES (2875, 78, 160);
INSERT INTO PEDIDO VALUES (2876, 30, 871, 111);
INSERT INTO ITEMPED VALUES (2876, 45, 87);
INSERT INTO ITEMPED VALUES (2876, 53, 295);
INSERT INTO ITEMPED VALUES (2876, 77, 158);
INSERT INTO ITEMPED VALUES (2876, 78, 229);
INSERT INTO ITEMPED VALUES (2876, 13, 48);
INSERT INTO PEDIDO VALUES (2877, 60, 180, 11);
INSERT INTO ITEMPED VALUES (2877, 22, 13);
INSERT INTO ITEMPED VALUES (2877, 25, 138);
INSERT INTO ITEMPED VALUES (2877, 31, 91);
INSERT INTO ITEMPED VALUES (2877, 45, 55);
INSERT INTO PEDIDO VALUES (2878, 20, 110, 240);
INSERT INTO ITEMPED VALUES (2878, 78, 248);
INSERT INTO PEDIDO VALUES (2879, 45, 410, 11);
INSERT INTO ITEMPED VALUES (2879, 45, 210);
INSERT INTO ITEMPED VALUES (2879, 53, 239);
INSERT INTO ITEMPED VALUES (2879, 77, 132);
INSERT INTO PEDIDO VALUES (2880, 20, 871, 720);
INSERT INTO ITEMPED VALUES (2880, 78, 47);
INSERT INTO ITEMPED VALUES (2880, 13, 204);
INSERT INTO ITEMPED VALUES (2880, 22, 221);
INSERT INTO ITEMPED VALUES (2880, 25, 46);
INSERT INTO ITEMPED VALUES (2880, 31, 232);
INSERT INTO ITEMPED VALUES (2880, 45, 34);
INSERT INTO PEDIDO VALUES (2881, 10, 20, 213);
INSERT INTO ITEMPED VALUES (2881, 31, 131);
INSERT INTO ITEMPED VALUES (2881, 45, 216);
INSERT INTO ITEMPED VALUES (2881, 53, 184);
INSERT INTO ITEMPED VALUES (2881, 77, 229);
INSERT INTO ITEMPED VALUES (2881, 78, 247);
INSERT INTO PEDIDO VALUES (2882, 20, 260, 209);
INSERT INTO ITEMPED VALUES (2882, 78, 238);
INSERT INTO PEDIDO VALUES (2883, 60, 870, 250);
INSERT INTO ITEMPED VALUES (2883, 13, 191);
INSERT INTO ITEMPED VALUES (2883, 22, 287);
INSERT INTO ITEMPED VALUES (2883, 25, 149);
INSERT INTO ITEMPED VALUES (2883, 31, 114);
INSERT INTO ITEMPED VALUES (2883, 45, 105);
INSERT INTO ITEMPED VALUES (2883, 53, 82);
INSERT INTO PEDIDO VALUES (2884, 45, 720, 213);
INSERT INTO ITEMPED VALUES (2884, 77, 4);
INSERT INTO PEDIDO VALUES (2885, 30, 290, 209);
INSERT INTO ITEMPED VALUES (2885, 31, 16);
INSERT INTO ITEMPED VALUES (2885, 45, 145);
INSERT INTO PEDIDO VALUES (2886, 10, 830, 213);
INSERT INTO ITEMPED VALUES (2886, 45, 54);
INSERT INTO ITEMPED VALUES (2886, 53, 123);
INSERT INTO ITEMPED VALUES (2886, 77, 254);
INSERT INTO ITEMPED VALUES (2886, 78, 218);
INSERT INTO ITEMPED VALUES (2886, 13, 206);
INSERT INTO ITEMPED VALUES (2886, 22, 217);
INSERT INTO PEDIDO VALUES (2887, 30, 870, 250);
INSERT INTO ITEMPED VALUES (2887, 77, 52);
INSERT INTO ITEMPED VALUES (2887, 78, 236);
INSERT INTO ITEMPED VALUES (2887, 13, 60);
INSERT INTO ITEMPED VALUES (2887, 22, 248);
INSERT INTO PEDIDO VALUES (2888, 20, 110, 101);
INSERT INTO ITEMPED VALUES (2888, 53, 51);
INSERT INTO ITEMPED VALUES (2888, 77, 171);
INSERT INTO ITEMPED VALUES (2888, 78, 163);
INSERT INTO ITEMPED VALUES (2888, 13, 81);
INSERT INTO ITEMPED VALUES (2888, 22, 151);
INSERT INTO PEDIDO VALUES (2889, 10, 390, 240);
INSERT INTO ITEMPED VALUES (2889, 78, 208);
INSERT INTO PEDIDO VALUES (2890, 20, 180, 209);
INSERT INTO ITEMPED VALUES (2890, 22, 9);
INSERT INTO ITEMPED VALUES (2890, 25, 209);
INSERT INTO ITEMPED VALUES (2890, 31, 278);
INSERT INTO ITEMPED VALUES (2890, 45, 256);
INSERT INTO PEDIDO VALUES (2891, 10, 20, 11);
INSERT INTO ITEMPED VALUES (2891, 45, 172);
INSERT INTO ITEMPED VALUES (2891, 53, 181);
INSERT INTO PEDIDO VALUES (2892, 45, 290, 101);
INSERT INTO ITEMPED VALUES (2892, 22, 111);
INSERT INTO PEDIDO VALUES (2893, 20, 180, 209);
INSERT INTO ITEMPED VALUES (2893, 45, 104);
INSERT INTO ITEMPED VALUES (2893, 53, 205);
INSERT INTO ITEMPED VALUES (2893, 77, 153);
INSERT INTO ITEMPED VALUES (2893, 78, 243);
INSERT INTO PEDIDO VALUES (2894, 10, 830, 101);
INSERT INTO ITEMPED VALUES (2894, 53, 24);
INSERT INTO ITEMPED VALUES (2894, 77, 246);
INSERT INTO PEDIDO VALUES (2895, 60, 260, 250);
INSERT INTO ITEMPED VALUES (2895, 31, 174);
INSERT INTO ITEMPED VALUES (2895, 45, 253);
INSERT INTO ITEMPED VALUES (2895, 53, 128);
INSERT INTO ITEMPED VALUES (2895, 77, 181);
INSERT INTO PEDIDO VALUES (2896, 45, 870, 240);
INSERT INTO ITEMPED VALUES (2896, 78, 120);
INSERT INTO ITEMPED VALUES (2896, 13, 285);
INSERT INTO ITEMPED VALUES (2896, 22, 219);
INSERT INTO PEDIDO VALUES (2897, 30, 20, 209);
INSERT INTO ITEMPED VALUES (2897, 45, 71);
INSERT INTO ITEMPED VALUES (2897, 53, 32);
INSERT INTO PEDIDO VALUES (2898, 60, 720, 213);
INSERT INTO ITEMPED VALUES (2898, 13, 46);
INSERT INTO ITEMPED VALUES (2898, 22, 283);
INSERT INTO ITEMPED VALUES (2898, 25, 200);
INSERT INTO ITEMPED VALUES (2898, 31, 213);
INSERT INTO PEDIDO VALUES (2899, 20, 390, 250);
INSERT INTO ITEMPED VALUES (2899, 78, 242);
INSERT INTO ITEMPED VALUES (2899, 13, 193);
INSERT INTO ITEMPED VALUES (2899, 22, 256);
INSERT INTO ITEMPED VALUES (2899, 25, 88);
INSERT INTO PEDIDO VALUES (2900, 30, 180, 720);
INSERT INTO ITEMPED VALUES (2900, 31, 237);
INSERT INTO ITEMPED VALUES (2900, 45, 277);
INSERT INTO PEDIDO VALUES (2901, 45, 410, 101);
INSERT INTO ITEMPED VALUES (2901, 53, 213);
INSERT INTO ITEMPED VALUES (2901, 77, 191);
INSERT INTO ITEMPED VALUES (2901, 78, 236);
INSERT INTO ITEMPED VALUES (2901, 13, 45);
INSERT INTO ITEMPED VALUES (2901, 22, 147);
INSERT INTO ITEMPED VALUES (2901, 25, 15);
INSERT INTO PEDIDO VALUES (2902, 20, 390, 250);
INSERT INTO ITEMPED VALUES (2902, 13, 86);
INSERT INTO PEDIDO VALUES (2903, 60, 720, 213);
INSERT INTO ITEMPED VALUES (2903, 22, 112);
INSERT INTO PEDIDO VALUES (2904, 30, 871, 250);
INSERT INTO ITEMPED VALUES (2904, 53, 144);
INSERT INTO ITEMPED VALUES (2904, 77, 49);
INSERT INTO ITEMPED VALUES (2904, 78, 38);
INSERT INTO ITEMPED VALUES (2904, 13, 87);
INSERT INTO PEDIDO VALUES (2905, 20, 870, 310);
INSERT INTO ITEMPED VALUES (2905, 22, 217);
INSERT INTO ITEMPED VALUES (2905, 25, 36);
INSERT INTO ITEMPED VALUES (2905, 31, 300);
INSERT INTO ITEMPED VALUES (2905, 45, 164);
INSERT INTO ITEMPED VALUES (2905, 53, 150);
INSERT INTO PEDIDO VALUES (2906, 60, 290, 101);
INSERT INTO ITEMPED VALUES (2906, 78, 247);
INSERT INTO ITEMPED VALUES (2906, 13, 207);
INSERT INTO ITEMPED VALUES (2906, 22, 98);
INSERT INTO PEDIDO VALUES (2907, 45, 871, 310);
INSERT INTO ITEMPED VALUES (2907, 31, 95);
INSERT INTO ITEMPED VALUES (2907, 45, 182);
INSERT INTO ITEMPED VALUES (2907, 53, 246);
INSERT INTO PEDIDO VALUES (2908, 30, 110, 111);
INSERT INTO ITEMPED VALUES (2908, 78, 187);
INSERT INTO ITEMPED VALUES (2908, 13, 164);
INSERT INTO ITEMPED VALUES (2908, 22, 177);
INSERT INTO ITEMPED VALUES (2908, 25, 286);
INSERT INTO ITEMPED VALUES (2908, 31, 8);
INSERT INTO PEDIDO VALUES (2909, 20, 20, 11);
INSERT INTO ITEMPED VALUES (2909, 45, 119);
INSERT INTO ITEMPED VALUES (2909, 53, 72);
INSERT INTO ITEMPED VALUES (2909, 77, 5);
INSERT INTO ITEMPED VALUES (2909, 78, 11);
INSERT INTO ITEMPED VALUES (2909, 13, 97);
INSERT INTO ITEMPED VALUES (2909, 22, 209);
INSERT INTO PEDIDO VALUES (2910, 45, 720, 310);
INSERT INTO ITEMPED VALUES (2910, 13, 114);
INSERT INTO ITEMPED VALUES (2910, 22, 49);
INSERT INTO PEDIDO VALUES (2911, 10, 830, 213);
INSERT INTO ITEMPED VALUES (2911, 22, 30);
INSERT INTO ITEMPED VALUES (2911, 25, 75);
INSERT INTO PEDIDO VALUES (2912, 30, 870, 250);
INSERT INTO ITEMPED VALUES (2912, 77, 170);
INSERT INTO ITEMPED VALUES (2912, 78, 30);
INSERT INTO PEDIDO VALUES (2913, 45, 260, 720);
INSERT INTO ITEMPED VALUES (2913, 25, 14);
INSERT INTO ITEMPED VALUES (2913, 31, 208);
INSERT INTO PEDIDO VALUES (2914, 60, 180, 11);
INSERT INTO ITEMPED VALUES (2914, 78, 8);
INSERT INTO ITEMPED VALUES (2914, 13, 85);
INSERT INTO PEDIDO VALUES (2915, 20, 290, 209);
INSERT INTO ITEMPED VALUES (2915, 22, 4);
INSERT INTO PEDIDO VALUES (2916, 45, 20, 310);
INSERT INTO ITEMPED VALUES (2916, 77, 273);
INSERT INTO ITEMPED VALUES (2916, 78, 61);
INSERT INTO ITEMPED VALUES (2916, 13, 263);
INSERT INTO ITEMPED VALUES (2916, 22, 211);
INSERT INTO PEDIDO VALUES (2917, 30, 720, 11);
INSERT INTO ITEMPED VALUES (2917, 13, 301);
INSERT INTO ITEMPED VALUES (2917, 22, 21);
INSERT INTO ITEMPED VALUES (2917, 25, 82);
INSERT INTO ITEMPED VALUES (2917, 31, 98);
INSERT INTO ITEMPED VALUES (2917, 45, 238);
INSERT INTO PEDIDO VALUES (2918, 45, 110, 720);
INSERT INTO ITEMPED VALUES (2918, 78, 105);
INSERT INTO ITEMPED VALUES (2918, 13, 163);
INSERT INTO ITEMPED VALUES (2918, 22, 12);
INSERT INTO PEDIDO VALUES (2919, 30, 390, 11);
INSERT INTO ITEMPED VALUES (2919, 45, 235);
INSERT INTO PEDIDO VALUES (2920, 10, 720, 250);
INSERT INTO ITEMPED VALUES (2920, 31, 186);
INSERT INTO PEDIDO VALUES (2921, 45, 870, 213);
INSERT INTO ITEMPED VALUES (2921, 22, 192);
INSERT INTO ITEMPED VALUES (2921, 25, 6);
INSERT INTO ITEMPED VALUES (2921, 31, 171);
INSERT INTO PEDIDO VALUES (2922, 10, 180, 111);
INSERT INTO ITEMPED VALUES (2922, 31, 210);
INSERT INTO ITEMPED VALUES (2922, 45, 196);
INSERT INTO PEDIDO VALUES (2923, 20, 870, 240);
INSERT INTO ITEMPED VALUES (2923, 77, 129);
INSERT INTO PEDIDO VALUES (2924, 10, 20, 310);
INSERT INTO ITEMPED VALUES (2924, 13, 191);
INSERT INTO ITEMPED VALUES (2924, 22, 233);
INSERT INTO ITEMPED VALUES (2924, 25, 255);
INSERT INTO ITEMPED VALUES (2924, 31, 213);
INSERT INTO ITEMPED VALUES (2924, 45, 280);
INSERT INTO ITEMPED VALUES (2924, 53, 294);
INSERT INTO PEDIDO VALUES (2925, 30, 180, 250);
INSERT INTO ITEMPED VALUES (2925, 22, 107);
INSERT INTO ITEMPED VALUES (2925, 25, 277);
INSERT INTO ITEMPED VALUES (2925, 31, 267);
INSERT INTO ITEMPED VALUES (2925, 45, 118);
INSERT INTO ITEMPED VALUES (2925, 53, 285);
INSERT INTO PEDIDO VALUES (2926, 45, 870, 240);
INSERT INTO ITEMPED VALUES (2926, 53, 75);
INSERT INTO ITEMPED VALUES (2926, 77, 157);
INSERT INTO ITEMPED VALUES (2926, 78, 135);
INSERT INTO PEDIDO VALUES (2927, 60, 871, 209);
INSERT INTO ITEMPED VALUES (2927, 77, 4);
INSERT INTO ITEMPED VALUES (2927, 78, 112);
INSERT INTO ITEMPED VALUES (2927, 13, 287);
INSERT INTO ITEMPED VALUES (2927, 22, 31);
INSERT INTO ITEMPED VALUES (2927, 25, 154);
INSERT INTO ITEMPED VALUES (2927, 31, 69);
INSERT INTO PEDIDO VALUES (2928, 45, 870, 101);
INSERT INTO ITEMPED VALUES (2928, 45, 271);
INSERT INTO PEDIDO VALUES (2929, 30, 180, 11);
INSERT INTO ITEMPED VALUES (2929, 31, 143);
INSERT INTO ITEMPED VALUES (2929, 45, 178);
INSERT INTO PEDIDO VALUES (2930, 10, 870, 310);
INSERT INTO ITEMPED VALUES (2930, 45, 17);
INSERT INTO ITEMPED VALUES (2930, 53, 112);
INSERT INTO ITEMPED VALUES (2930, 77, 279);
INSERT INTO ITEMPED VALUES (2930, 78, 50);
INSERT INTO PEDIDO VALUES (2931, 20, 410, 101);
INSERT INTO ITEMPED VALUES (2931, 22, 62);
INSERT INTO ITEMPED VALUES (2931, 25, 258);
INSERT INTO ITEMPED VALUES (2931, 31, 277);
INSERT INTO PEDIDO VALUES (2932, 45, 180, 111);
INSERT INTO ITEMPED VALUES (2932, 25, 93);
INSERT INTO ITEMPED VALUES (2932, 31, 114);
INSERT INTO ITEMPED VALUES (2932, 45, 43);
INSERT INTO ITEMPED VALUES (2932, 53, 183);
INSERT INTO ITEMPED VALUES (2932, 77, 220);
INSERT INTO ITEMPED VALUES (2932, 78, 144);
INSERT INTO PEDIDO VALUES (2933, 30, 830, 213);
INSERT INTO ITEMPED VALUES (2933, 78, 91);
INSERT INTO ITEMPED VALUES (2933, 13, 45);
INSERT INTO ITEMPED VALUES (2933, 22, 209);
INSERT INTO PEDIDO VALUES (2934, 60, 260, 101);
INSERT INTO ITEMPED VALUES (2934, 53, 181);
INSERT INTO PEDIDO VALUES (2935, 30, 20, 720);
INSERT INTO ITEMPED VALUES (2935, 13, 76);
INSERT INTO PEDIDO VALUES (2936, 45, 830, 209);
INSERT INTO ITEMPED VALUES (2936, 53, 185);
INSERT INTO ITEMPED VALUES (2936, 77, 126);
INSERT INTO ITEMPED VALUES (2936, 78, 10);
INSERT INTO ITEMPED VALUES (2936, 13, 243);
INSERT INTO ITEMPED VALUES (2936, 22, 126);
INSERT INTO PEDIDO VALUES (2937, 20, 390, 720);
INSERT INTO ITEMPED VALUES (2937, 45, 73);
INSERT INTO ITEMPED VALUES (2937, 53, 20);
INSERT INTO ITEMPED VALUES (2937, 77, 211);
INSERT INTO PEDIDO VALUES (2938, 45, 260, 310);
INSERT INTO ITEMPED VALUES (2938, 78, 200);
INSERT INTO ITEMPED VALUES (2938, 13, 158);
INSERT INTO PEDIDO VALUES (2939, 30, 871, 111);
INSERT INTO ITEMPED VALUES (2939, 13, 7);
INSERT INTO ITEMPED VALUES (2939, 22, 301);
INSERT INTO ITEMPED VALUES (2939, 25, 126);
INSERT INTO ITEMPED VALUES (2939, 31, 245);
INSERT INTO PEDIDO VALUES (2940, 20, 110, 101);
INSERT INTO ITEMPED VALUES (2940, 31, 120);
INSERT INTO ITEMPED VALUES (2940, 45, 172);
INSERT INTO PEDIDO VALUES (2941, 60, 290, 213);
INSERT INTO ITEMPED VALUES (2941, 78, 88);
INSERT INTO ITEMPED VALUES (2941, 13, 300);
INSERT INTO ITEMPED VALUES (2941, 22, 163);
INSERT INTO ITEMPED VALUES (2941, 25, 74);
INSERT INTO ITEMPED VALUES (2941, 31, 90);
INSERT INTO PEDIDO VALUES (2942, 45, 871, 720);
INSERT INTO ITEMPED VALUES (2942, 13, 288);
INSERT INTO ITEMPED VALUES (2942, 22, 226);
INSERT INTO PEDIDO VALUES (2943, 20, 410, 11);
INSERT INTO ITEMPED VALUES (2943, 22, 189);
INSERT INTO PEDIDO VALUES (2944, 10, 290, 213);
INSERT INTO ITEMPED VALUES (2944, 45, 224);
INSERT INTO ITEMPED VALUES (2944, 53, 72);
INSERT INTO ITEMPED VALUES (2944, 77, 288);
INSERT INTO PEDIDO VALUES (2945, 30, 180, 11);
INSERT INTO ITEMPED VALUES (2945, 25, 160);
INSERT INTO ITEMPED VALUES (2945, 31, 87);
INSERT INTO ITEMPED VALUES (2945, 45, 271);
INSERT INTO ITEMPED VALUES (2945, 53, 94);
INSERT INTO PEDIDO VALUES (2946, 20, 720, 310);
INSERT INTO ITEMPED VALUES (2946, 77, 240);
INSERT INTO ITEMPED VALUES (2946, 78, 124);
INSERT INTO ITEMPED VALUES (2946, 13, 4);
INSERT INTO ITEMPED VALUES (2946, 22, 245);
INSERT INTO ITEMPED VALUES (2946, 25, 95);
INSERT INTO ITEMPED VALUES (2946, 31, 41);
INSERT INTO PEDIDO VALUES (2947, 30, 410, 111);
INSERT INTO ITEMPED VALUES (2947, 31, 144);
INSERT INTO ITEMPED VALUES (2947, 45, 260);
INSERT INTO ITEMPED VALUES (2947, 53, 61);
INSERT INTO ITEMPED VALUES (2947, 77, 40);
INSERT INTO ITEMPED VALUES (2947, 78, 228);
INSERT INTO PEDIDO VALUES (2948, 45, 290, 310);
INSERT INTO ITEMPED VALUES (2948, 25, 270);
INSERT INTO ITEMPED VALUES (2948, 31, 143);
INSERT INTO ITEMPED VALUES (2948, 45, 240);
INSERT INTO ITEMPED VALUES (2948, 53, 302);
INSERT INTO ITEMPED VALUES (2948, 77, 16);
INSERT INTO PEDIDO VALUES (2949, 20, 390, 111);
INSERT INTO ITEMPED VALUES (2949, 22, 227);
INSERT INTO ITEMPED VALUES (2949, 25, 188);
INSERT INTO ITEMPED VALUES (2949, 31, 179);
INSERT INTO PEDIDO VALUES (2950, 10, 720, 213);
INSERT INTO ITEMPED VALUES (2950, 78, 233);
INSERT INTO ITEMPED VALUES (2950, 13, 91);
INSERT INTO ITEMPED VALUES (2950, 22, 27);
INSERT INTO PEDIDO VALUES (2951, 20, 290, 101);
INSERT INTO ITEMPED VALUES (2951, 22, 253);
INSERT INTO ITEMPED VALUES (2951, 25, 49);
INSERT INTO ITEMPED VALUES (2951, 31, 270);
INSERT INTO PEDIDO VALUES (2952, 60, 870, 209);
INSERT INTO ITEMPED VALUES (2952, 77, 296);
INSERT INTO ITEMPED VALUES (2952, 78, 52);
INSERT INTO ITEMPED VALUES (2952, 13, 188);
INSERT INTO PEDIDO VALUES (2953, 30, 871, 111);
INSERT INTO ITEMPED VALUES (2953, 78, 169);
INSERT INTO ITEMPED VALUES (2953, 13, 171);
INSERT INTO PEDIDO VALUES (2954, 45, 720, 720);
INSERT INTO ITEMPED VALUES (2954, 31, 94);
INSERT INTO ITEMPED VALUES (2954, 45, 144);
INSERT INTO ITEMPED VALUES (2954, 53, 168);
INSERT INTO ITEMPED VALUES (2954, 77, 187);
INSERT INTO ITEMPED VALUES (2954, 78, 281);
INSERT INTO ITEMPED VALUES (2954, 13, 47);
INSERT INTO PEDIDO VALUES (2955, 20, 260, 209);
INSERT INTO ITEMPED VALUES (2955, 78, 182);
INSERT INTO ITEMPED VALUES (2955, 13, 214);
INSERT INTO ITEMPED VALUES (2955, 22, 148);
INSERT INTO ITEMPED VALUES (2955, 25, 87);
INSERT INTO ITEMPED VALUES (2955, 31, 12);
INSERT INTO ITEMPED VALUES (2955, 45, 291);
INSERT INTO PEDIDO VALUES (2956, 10, 871, 310);
INSERT INTO ITEMPED VALUES (2956, 53, 279);
INSERT INTO ITEMPED VALUES (2956, 77, 87);
INSERT INTO ITEMPED VALUES (2956, 78, 176);
INSERT INTO PEDIDO VALUES (2957, 60, 290, 209);
INSERT INTO ITEMPED VALUES (2957, 45, 62);
INSERT INTO ITEMPED VALUES (2957, 53, 222);
INSERT INTO ITEMPED VALUES (2957, 77, 43);
INSERT INTO ITEMPED VALUES (2957, 78, 138);
INSERT INTO ITEMPED VALUES (2957, 13, 219);
INSERT INTO ITEMPED VALUES (2957, 22, 254);
INSERT INTO PEDIDO VALUES (2958, 30, 260, 111);
INSERT INTO ITEMPED VALUES (2958, 53, 239);
INSERT INTO ITEMPED VALUES (2958, 77, 222);
INSERT INTO ITEMPED VALUES (2958, 78, 30);
INSERT INTO ITEMPED VALUES (2958, 13, 176);
INSERT INTO ITEMPED VALUES (2958, 22, 286);
INSERT INTO PEDIDO VALUES (2959, 60, 870, 101);
INSERT INTO ITEMPED VALUES (2959, 22, 115);
INSERT INTO ITEMPED VALUES (2959, 25, 54);
INSERT INTO ITEMPED VALUES (2959, 31, 97);
INSERT INTO ITEMPED VALUES (2959, 45, 164);
INSERT INTO ITEMPED VALUES (2959, 53, 87);
INSERT INTO PEDIDO VALUES (2960, 45, 260, 213);
INSERT INTO ITEMPED VALUES (2960, 13, 290);
INSERT INTO ITEMPED VALUES (2960, 22, 97);
INSERT INTO ITEMPED VALUES (2960, 25, 237);
INSERT INTO PEDIDO VALUES (2961, 20, 830, 11);
INSERT INTO ITEMPED VALUES (2961, 53, 99);
INSERT INTO ITEMPED VALUES (2961, 77, 44);
INSERT INTO PEDIDO VALUES (2962, 45, 410, 250);
INSERT INTO ITEMPED VALUES (2962, 25, 238);
INSERT INTO ITEMPED VALUES (2962, 31, 298);
INSERT INTO ITEMPED VALUES (2962, 45, 69);
INSERT INTO ITEMPED VALUES (2962, 53, 54);
INSERT INTO ITEMPED VALUES (2962, 77, 18);
INSERT INTO PEDIDO VALUES (2963, 60, 180, 310);
INSERT INTO ITEMPED VALUES (2963, 45, 244);
INSERT INTO ITEMPED VALUES (2963, 53, 62);
INSERT INTO ITEMPED VALUES (2963, 77, 65);
INSERT INTO ITEMPED VALUES (2963, 78, 239);
INSERT INTO PEDIDO VALUES (2964, 45, 110, 720);
INSERT INTO ITEMPED VALUES (2964, 78, 135);
INSERT INTO ITEMPED VALUES (2964, 13, 187);
INSERT INTO ITEMPED VALUES (2964, 22, 168);
INSERT INTO ITEMPED VALUES (2964, 25, 192);
INSERT INTO ITEMPED VALUES (2964, 31, 211);
INSERT INTO PEDIDO VALUES (2965, 30, 260, 250);
INSERT INTO ITEMPED VALUES (2965, 13, 214);
INSERT INTO ITEMPED VALUES (2965, 22, 136);
INSERT INTO ITEMPED VALUES (2965, 25, 109);
INSERT INTO ITEMPED VALUES (2965, 31, 61);
INSERT INTO ITEMPED VALUES (2965, 45, 27);
INSERT INTO ITEMPED VALUES (2965, 53, 59);
INSERT INTO PEDIDO VALUES (2966, 10, 20, 720);
INSERT INTO ITEMPED VALUES (2966, 45, 129);
INSERT INTO ITEMPED VALUES (2966, 53, 147);
INSERT INTO PEDIDO VALUES (2967, 30, 871, 101);
INSERT INTO ITEMPED VALUES (2967, 13, 257);
INSERT INTO PEDIDO VALUES (2968, 45, 870, 240);
INSERT INTO ITEMPED VALUES (2968, 77, 122);
INSERT INTO ITEMPED VALUES (2968, 78, 54);
INSERT INTO ITEMPED VALUES (2968, 13, 261);
INSERT INTO ITEMPED VALUES (2968, 22, 151);
INSERT INTO ITEMPED VALUES (2968, 25, 77);
INSERT INTO PEDIDO VALUES (2969, 60, 180, 213);
INSERT INTO ITEMPED VALUES (2969, 31, 254);
INSERT INTO ITEMPED VALUES (2969, 45, 163);
INSERT INTO ITEMPED VALUES (2969, 53, 291);
INSERT INTO ITEMPED VALUES (2969, 77, 36);
INSERT INTO ITEMPED VALUES (2969, 78, 289);
INSERT INTO ITEMPED VALUES (2969, 13, 66);
INSERT INTO PEDIDO VALUES (2970, 20, 870, 101);
INSERT INTO ITEMPED VALUES (2970, 25, 133);
INSERT INTO ITEMPED VALUES (2970, 31, 143);
INSERT INTO ITEMPED VALUES (2970, 45, 101);
INSERT INTO ITEMPED VALUES (2970, 53, 152);
INSERT INTO PEDIDO VALUES (2971, 10, 871, 240);
INSERT INTO ITEMPED VALUES (2971, 77, 250);
INSERT INTO ITEMPED VALUES (2971, 78, 195);
INSERT INTO ITEMPED VALUES (2971, 13, 115);
INSERT INTO ITEMPED VALUES (2971, 22, 129);
INSERT INTO ITEMPED VALUES (2971, 25, 195);
INSERT INTO ITEMPED VALUES (2971, 31, 105);
INSERT INTO PEDIDO VALUES (2972, 45, 180, 101);
INSERT INTO ITEMPED VALUES (2972, 45, 300);
INSERT INTO PEDIDO VALUES (2973, 60, 110, 111);
INSERT INTO ITEMPED VALUES (2973, 77, 219);
INSERT INTO PEDIDO VALUES (2974, 45, 720, 11);
INSERT INTO ITEMPED VALUES (2974, 53, 10);
INSERT INTO ITEMPED VALUES (2974, 77, 198);
INSERT INTO ITEMPED VALUES (2974, 78, 191);
INSERT INTO PEDIDO VALUES (2975, 30, 180, 111);
INSERT INTO ITEMPED VALUES (2975, 77, 63);
INSERT INTO ITEMPED VALUES (2975, 78, 267);
INSERT INTO PEDIDO VALUES (2976, 60, 870, 11);
INSERT INTO ITEMPED VALUES (2976, 22, 28);
INSERT INTO ITEMPED VALUES (2976, 25, 88);
INSERT INTO ITEMPED VALUES (2976, 31, 185);
INSERT INTO ITEMPED VALUES (2976, 45, 181);
INSERT INTO PEDIDO VALUES (2977, 30, 290, 111);
INSERT INTO ITEMPED VALUES (2977, 77, 229);
INSERT INTO ITEMPED VALUES (2977, 78, 46);
INSERT INTO PEDIDO VALUES (2978, 60, 390, 209);
INSERT INTO ITEMPED VALUES (2978, 45, 29);
INSERT INTO ITEMPED VALUES (2978, 53, 181);
INSERT INTO ITEMPED VALUES (2978, 77, 32);
INSERT INTO ITEMPED VALUES (2978, 78, 215);
INSERT INTO ITEMPED VALUES (2978, 13, 292);
INSERT INTO ITEMPED VALUES (2978, 22, 225);
INSERT INTO PEDIDO VALUES (2979, 20, 871, 11);
INSERT INTO ITEMPED VALUES (2979, 77, 90);
INSERT INTO ITEMPED VALUES (2979, 78, 27);
INSERT INTO ITEMPED VALUES (2979, 13, 126);
INSERT INTO ITEMPED VALUES (2979, 22, 146);
INSERT INTO PEDIDO VALUES (2980, 10, 20, 720);
INSERT INTO ITEMPED VALUES (2980, 25, 162);
INSERT INTO ITEMPED VALUES (2980, 31, 161);
INSERT INTO ITEMPED VALUES (2980, 45, 293);
INSERT INTO ITEMPED VALUES (2980, 53, 212);
INSERT INTO ITEMPED VALUES (2980, 77, 171);
INSERT INTO ITEMPED VALUES (2980, 78, 181);
INSERT INTO PEDIDO VALUES (2981, 20, 390, 101);
INSERT INTO ITEMPED VALUES (2981, 13, 55);
INSERT INTO ITEMPED VALUES (2981, 22, 60);
INSERT INTO PEDIDO VALUES (2982, 60, 870, 209);
INSERT INTO ITEMPED VALUES (2982, 45, 150);
INSERT INTO ITEMPED VALUES (2982, 53, 102);
INSERT INTO ITEMPED VALUES (2982, 77, 227);
INSERT INTO ITEMPED VALUES (2982, 78, 47);
INSERT INTO ITEMPED VALUES (2982, 13, 58);
INSERT INTO PEDIDO VALUES (2983, 10, 390, 250);
INSERT INTO ITEMPED VALUES (2983, 25, 267);
INSERT INTO ITEMPED VALUES (2983, 31, 287);
INSERT INTO ITEMPED VALUES (2983, 45, 70);
INSERT INTO ITEMPED VALUES (2983, 53, 280);
INSERT INTO ITEMPED VALUES (2983, 77, 234);
INSERT INTO PEDIDO VALUES (2984, 45, 290, 101);
INSERT INTO ITEMPED VALUES (2984, 78, 271);
INSERT INTO ITEMPED VALUES (2984, 13, 130);
INSERT INTO ITEMPED VALUES (2984, 22, 43);
INSERT INTO PEDIDO VALUES (2985, 60, 180, 111);
INSERT INTO ITEMPED VALUES (2985, 53, 154);
INSERT INTO ITEMPED VALUES (2985, 77, 88);
INSERT INTO ITEMPED VALUES (2985, 78, 282);
INSERT INTO ITEMPED VALUES (2985, 13, 25);
INSERT INTO PEDIDO VALUES (2986, 30, 20, 240);
INSERT INTO ITEMPED VALUES (2986, 77, 41);
INSERT INTO ITEMPED VALUES (2986, 78, 206);
INSERT INTO ITEMPED VALUES (2986, 13, 51);
INSERT INTO ITEMPED VALUES (2986, 22, 231);
INSERT INTO PEDIDO VALUES (2987, 45, 260, 111);
INSERT INTO ITEMPED VALUES (2987, 13, 157);
INSERT INTO ITEMPED VALUES (2987, 22, 139);
INSERT INTO ITEMPED VALUES (2987, 25, 100);
INSERT INTO PEDIDO VALUES (2988, 20, 20, 240);
INSERT INTO ITEMPED VALUES (2988, 31, 282);
INSERT INTO ITEMPED VALUES (2988, 45, 266);
INSERT INTO ITEMPED VALUES (2988, 53, 287);
INSERT INTO ITEMPED VALUES (2988, 77, 46);
INSERT INTO ITEMPED VALUES (2988, 78, 300);
INSERT INTO PEDIDO VALUES (2989, 60, 180, 11);
INSERT INTO ITEMPED VALUES (2989, 13, 6);
INSERT INTO ITEMPED VALUES (2989, 22, 40);
INSERT INTO ITEMPED VALUES (2989, 25, 64);
INSERT INTO ITEMPED VALUES (2989, 31, 107);
INSERT INTO ITEMPED VALUES (2989, 45, 28);
INSERT INTO PEDIDO VALUES (2990, 45, 871, 310);
INSERT INTO ITEMPED VALUES (2990, 31, 262);
INSERT INTO ITEMPED VALUES (2990, 45, 138);
INSERT INTO ITEMPED VALUES (2990, 53, 15);
INSERT INTO ITEMPED VALUES (2990, 77, 159);
INSERT INTO PEDIDO VALUES (2991, 60, 870, 101);
INSERT INTO ITEMPED VALUES (2991, 45, 163);
INSERT INTO ITEMPED VALUES (2991, 53, 160);
INSERT INTO PEDIDO VALUES (2992, 30, 20, 111);
INSERT INTO ITEMPED VALUES (2992, 13, 288);
INSERT INTO ITEMPED VALUES (2992, 22, 298);
INSERT INTO ITEMPED VALUES (2992, 25, 157);
INSERT INTO ITEMPED VALUES (2992, 31, 198);
INSERT INTO ITEMPED VALUES (2992, 45, 72);
INSERT INTO ITEMPED VALUES (2992, 53, 208);
INSERT INTO PEDIDO VALUES (2993, 10, 110, 213);
INSERT INTO ITEMPED VALUES (2993, 77, 187);
INSERT INTO ITEMPED VALUES (2993, 78, 64);
INSERT INTO PEDIDO VALUES (2994, 60, 180, 101);
INSERT INTO ITEMPED VALUES (2994, 22, 173);
INSERT INTO ITEMPED VALUES (2994, 25, 72);
INSERT INTO PEDIDO VALUES (2995, 45, 410, 240);
INSERT INTO ITEMPED VALUES (2995, 13, 244);
INSERT INTO ITEMPED VALUES (2995, 22, 123);
INSERT INTO PEDIDO VALUES (2996, 60, 20, 111);
INSERT INTO ITEMPED VALUES (2996, 31, 100);
INSERT INTO ITEMPED VALUES (2996, 45, 213);
INSERT INTO ITEMPED VALUES (2996, 53, 95);
INSERT INTO PEDIDO VALUES (2997, 45, 180, 720);
INSERT INTO ITEMPED VALUES (2997, 53, 116);
INSERT INTO ITEMPED VALUES (2997, 77, 210);
INSERT INTO ITEMPED VALUES (2997, 78, 200);
INSERT INTO ITEMPED VALUES (2997, 13, 17);
INSERT INTO PEDIDO VALUES (2998, 60, 390, 250);
INSERT INTO ITEMPED VALUES (2998, 45, 283);
INSERT INTO ITEMPED VALUES (2998, 53, 181);
INSERT INTO ITEMPED VALUES (2998, 77, 36);
INSERT INTO ITEMPED VALUES (2998, 78, 104);
INSERT INTO ITEMPED VALUES (2998, 13, 275);
INSERT INTO ITEMPED VALUES (2998, 22, 162);
INSERT INTO PEDIDO VALUES (2999, 30, 871, 111);
INSERT INTO ITEMPED VALUES (2999, 31, 176);
INSERT INTO ITEMPED VALUES (2999, 45, 284);
INSERT INTO ITEMPED VALUES (2999, 53, 261);
INSERT INTO PEDIDO VALUES (3000, 20, 720, 11);
INSERT INTO ITEMPED VALUES (3000, 77, 251);
INSERT INTO ITEMPED VALUES (3000, 78, 85);
INSERT INTO ITEMPED VALUES (3000, 13, 292);
INSERT INTO ITEMPED VALUES (3000, 22, 190);
INSERT INTO ITEMPED VALUES (3000, 25, 256);
INSERT INTO PEDIDO VALUES (3001, 60, 180, 209);
INSERT INTO ITEMPED VALUES (3001, 31, 177);
INSERT INTO ITEMPED VALUES (3001, 45, 66);
INSERT INTO ITEMPED VALUES (3001, 53, 22);
INSERT INTO ITEMPED VALUES (3001, 77, 119);
INSERT INTO PEDIDO VALUES (3002, 10, 390, 11);
INSERT INTO ITEMPED VALUES (3002, 78, 59);
INSERT INTO ITEMPED VALUES (3002, 13, 291);
INSERT INTO PEDIDO VALUES (3003, 30, 110, 101);
INSERT INTO ITEMPED VALUES (3003, 13, 68);
INSERT INTO ITEMPED VALUES (3003, 22, 135);
INSERT INTO ITEMPED VALUES (3003, 25, 69);
INSERT INTO ITEMPED VALUES (3003, 31, 154);
INSERT INTO ITEMPED VALUES (3003, 45, 181);
INSERT INTO PEDIDO VALUES (3004, 60, 290, 11);
INSERT INTO ITEMPED VALUES (3004, 77, 232);
INSERT INTO ITEMPED VALUES (3004, 78, 59);
INSERT INTO PEDIDO VALUES (3005, 30, 20, 720);
INSERT INTO ITEMPED VALUES (3005, 53, 125);
INSERT INTO ITEMPED VALUES (3005, 77, 210);
INSERT INTO ITEMPED VALUES (3005, 78, 89);
INSERT INTO PEDIDO VALUES (3006, 60, 870, 11);
INSERT INTO ITEMPED VALUES (3006, 78, 176);
INSERT INTO PEDIDO VALUES (3007, 45, 720, 101);
INSERT INTO ITEMPED VALUES (3007, 31, 40);
INSERT INTO ITEMPED VALUES (3007, 45, 161);
INSERT INTO ITEMPED VALUES (3007, 53, 61);
INSERT INTO PEDIDO VALUES (3008, 30, 871, 720);
INSERT INTO ITEMPED VALUES (3008, 45, 218);
INSERT INTO PEDIDO VALUES (3009, 45, 410, 213);
INSERT INTO ITEMPED VALUES (3009, 31, 157);
INSERT INTO ITEMPED VALUES (3009, 45, 301);
INSERT INTO ITEMPED VALUES (3009, 53, 118);
INSERT INTO PEDIDO VALUES (3010, 10, 870, 111);
INSERT INTO ITEMPED VALUES (3010, 77, 181);
INSERT INTO ITEMPED VALUES (3010, 78, 79);
INSERT INTO PEDIDO VALUES (3011, 20, 410, 11);
INSERT INTO ITEMPED VALUES (3011, 45, 61);
INSERT INTO ITEMPED VALUES (3011, 53, 90);
INSERT INTO ITEMPED VALUES (3011, 77, 131);
INSERT INTO ITEMPED VALUES (3011, 78, 268);
INSERT INTO PEDIDO VALUES (3012, 60, 870, 240);
INSERT INTO ITEMPED VALUES (3012, 31, 199);
INSERT INTO PEDIDO VALUES (3013, 20, 110, 111);
INSERT INTO ITEMPED VALUES (3013, 78, 243);
INSERT INTO ITEMPED VALUES (3013, 13, 22);
INSERT INTO ITEMPED VALUES (3013, 22, 238);
INSERT INTO ITEMPED VALUES (3013, 25, 170);
INSERT INTO ITEMPED VALUES (3013, 31, 77);
INSERT INTO PEDIDO VALUES (3014, 10, 830, 250);
INSERT INTO ITEMPED VALUES (3014, 13, 131);
INSERT INTO PEDIDO VALUES (3015, 20, 260, 111);
INSERT INTO ITEMPED VALUES (3015, 25, 274);
INSERT INTO ITEMPED VALUES (3015, 31, 285);
INSERT INTO ITEMPED VALUES (3015, 45, 131);
INSERT INTO PEDIDO VALUES (3016, 30, 180, 11);
INSERT INTO ITEMPED VALUES (3016, 45, 5);
INSERT INTO ITEMPED VALUES (3016, 53, 14);
INSERT INTO PEDIDO VALUES (3017, 60, 290, 101);
INSERT INTO ITEMPED VALUES (3017, 78, 205);
INSERT INTO PEDIDO VALUES (3018, 30, 180, 310);
INSERT INTO ITEMPED VALUES (3018, 22, 128);
INSERT INTO ITEMPED VALUES (3018, 25, 118);
INSERT INTO ITEMPED VALUES (3018, 31, 105);
INSERT INTO ITEMPED VALUES (3018, 45, 186);
INSERT INTO ITEMPED VALUES (3018, 53, 99);
INSERT INTO ITEMPED VALUES (3018, 77, 226);
INSERT INTO PEDIDO VALUES (3019, 10, 260, 213);
INSERT INTO ITEMPED VALUES (3019, 45, 187);
INSERT INTO ITEMPED VALUES (3019, 53, 123);
INSERT INTO ITEMPED VALUES (3019, 77, 277);
INSERT INTO ITEMPED VALUES (3019, 78, 43);
INSERT INTO ITEMPED VALUES (3019, 13, 299);
INSERT INTO PEDIDO VALUES (3020, 60, 870, 101);
INSERT INTO ITEMPED VALUES (3020, 22, 248);
INSERT INTO ITEMPED VALUES (3020, 25, 270);
INSERT INTO ITEMPED VALUES (3020, 31, 135);
INSERT INTO ITEMPED VALUES (3020, 45, 81);
INSERT INTO ITEMPED VALUES (3020, 53, 228);
INSERT INTO ITEMPED VALUES (3020, 77, 21);
INSERT INTO PEDIDO VALUES (3021, 20, 290, 213);
INSERT INTO ITEMPED VALUES (3021, 53, 239);
INSERT INTO ITEMPED VALUES (3021, 77, 150);
INSERT INTO ITEMPED VALUES (3021, 78, 233);
INSERT INTO ITEMPED VALUES (3021, 13, 181);
INSERT INTO ITEMPED VALUES (3021, 22, 235);
INSERT INTO PEDIDO VALUES (3022, 60, 830, 310);
INSERT INTO ITEMPED VALUES (3022, 13, 26);
INSERT INTO ITEMPED VALUES (3022, 22, 61);
INSERT INTO ITEMPED VALUES (3022, 25, 177);
INSERT INTO ITEMPED VALUES (3022, 31, 169);
INSERT INTO ITEMPED VALUES (3022, 45, 175);
INSERT INTO ITEMPED VALUES (3022, 53, 259);
INSERT INTO PEDIDO VALUES (3023, 10, 390, 111);
INSERT INTO ITEMPED VALUES (3023, 45, 37);
INSERT INTO ITEMPED VALUES (3023, 53, 15);
INSERT INTO ITEMPED VALUES (3023, 77, 214);
INSERT INTO ITEMPED VALUES (3023, 78, 203);
INSERT INTO ITEMPED VALUES (3023, 13, 233);
INSERT INTO PEDIDO VALUES (3024, 60, 870, 213);
INSERT INTO ITEMPED VALUES (3024, 25, 280);
INSERT INTO ITEMPED VALUES (3024, 31, 64);
INSERT INTO PEDIDO VALUES (3025, 20, 290, 101);
INSERT INTO ITEMPED VALUES (3025, 77, 281);
INSERT INTO ITEMPED VALUES (3025, 78, 151);
INSERT INTO ITEMPED VALUES (3025, 13, 37);
INSERT INTO PEDIDO VALUES (3026, 45, 720, 111);
INSERT INTO ITEMPED VALUES (3026, 22, 268);
INSERT INTO PEDIDO VALUES (3027, 20, 290, 11);
INSERT INTO ITEMPED VALUES (3027, 53, 288);
INSERT INTO ITEMPED VALUES (3027, 77, 241);
INSERT INTO ITEMPED VALUES (3027, 78, 283);
INSERT INTO ITEMPED VALUES (3027, 13, 146);
INSERT INTO ITEMPED VALUES (3027, 22, 5);
INSERT INTO ITEMPED VALUES (3027, 25, 230);
INSERT INTO PEDIDO VALUES (3028, 45, 110, 310);
INSERT INTO ITEMPED VALUES (3028, 45, 260);
INSERT INTO ITEMPED VALUES (3028, 53, 31);
INSERT INTO ITEMPED VALUES (3028, 77, 180);
INSERT INTO PEDIDO VALUES (3029, 30, 390, 111);
INSERT INTO ITEMPED VALUES (3029, 31, 199);
INSERT INTO ITEMPED VALUES (3029, 45, 159);
INSERT INTO ITEMPED VALUES (3029, 53, 241);
INSERT INTO ITEMPED VALUES (3029, 77, 142);
INSERT INTO ITEMPED VALUES (3029, 78, 186);
INSERT INTO PEDIDO VALUES (3030, 20, 20, 209);
INSERT INTO ITEMPED VALUES (3030, 53, 254);
INSERT INTO ITEMPED VALUES (3030, 77, 44);
INSERT INTO ITEMPED VALUES (3030, 78, 64);
INSERT INTO ITEMPED VALUES (3030, 13, 287);
INSERT INTO PEDIDO VALUES (3031, 45, 410, 310);
INSERT INTO ITEMPED VALUES (3031, 31, 121);
INSERT INTO ITEMPED VALUES (3031, 45, 242);
INSERT INTO ITEMPED VALUES (3031, 53, 4);
INSERT INTO ITEMPED VALUES (3031, 77, 182);
INSERT INTO PEDIDO VALUES (3032, 60, 830, 250);
INSERT INTO ITEMPED VALUES (3032, 78, 107);
INSERT INTO ITEMPED VALUES (3032, 13, 75);
INSERT INTO ITEMPED VALUES (3032, 22, 151);
INSERT INTO PEDIDO VALUES (3033, 20, 260, 111);
INSERT INTO ITEMPED VALUES (3033, 31, 117);
INSERT INTO ITEMPED VALUES (3033, 45, 158);
INSERT INTO ITEMPED VALUES (3033, 53, 69);
INSERT INTO ITEMPED VALUES (3033, 77, 114);
INSERT INTO ITEMPED VALUES (3033, 78, 35);
INSERT INTO PEDIDO VALUES (3034, 60, 110, 101);
INSERT INTO ITEMPED VALUES (3034, 53, 87);
INSERT INTO ITEMPED VALUES (3034, 77, 290);
INSERT INTO ITEMPED VALUES (3034, 78, 41);
INSERT INTO ITEMPED VALUES (3034, 13, 39);
INSERT INTO ITEMPED VALUES (3034, 22, 280);
INSERT INTO PEDIDO VALUES (3035, 30, 830, 213);
INSERT INTO ITEMPED VALUES (3035, 13, 157);
INSERT INTO ITEMPED VALUES (3035, 22, 147);
INSERT INTO ITEMPED VALUES (3035, 25, 217);
INSERT INTO ITEMPED VALUES (3035, 31, 163);
INSERT INTO ITEMPED VALUES (3035, 45, 204);
INSERT INTO ITEMPED VALUES (3035, 53, 81);
INSERT INTO PEDIDO VALUES (3036, 20, 110, 720);
INSERT INTO ITEMPED VALUES (3036, 22, 246);
INSERT INTO ITEMPED VALUES (3036, 25, 290);
INSERT INTO PEDIDO VALUES (3037, 45, 871, 213);
INSERT INTO ITEMPED VALUES (3037, 53, 145);
INSERT INTO PEDIDO VALUES (3038, 60, 870, 11);
INSERT INTO ITEMPED VALUES (3038, 45, 26);
INSERT INTO ITEMPED VALUES (3038, 53, 215);
INSERT INTO ITEMPED VALUES (3038, 77, 201);
INSERT INTO PEDIDO VALUES (3039, 30, 180, 240);
INSERT INTO ITEMPED VALUES (3039, 13, 190);
INSERT INTO PEDIDO VALUES (3040, 10, 870, 209);
INSERT INTO ITEMPED VALUES (3040, 77, 282);
INSERT INTO ITEMPED VALUES (3040, 78, 251);
INSERT INTO ITEMPED VALUES (3040, 13, 140);
INSERT INTO PEDIDO VALUES (3041, 45, 871, 101);
INSERT INTO ITEMPED VALUES (3041, 22, 38);
INSERT INTO ITEMPED VALUES (3041, 25, 142);
INSERT INTO ITEMPED VALUES (3041, 31, 127);
INSERT INTO PEDIDO VALUES (3042, 10, 260, 111);
INSERT INTO ITEMPED VALUES (3042, 53, 209);
INSERT INTO ITEMPED VALUES (3042, 77, 235);
INSERT INTO ITEMPED VALUES (3042, 78, 137);
INSERT INTO ITEMPED VALUES (3042, 13, 37);
INSERT INTO ITEMPED VALUES (3042, 22, 96);
INSERT INTO PEDIDO VALUES (3043, 60, 20, 310);
INSERT INTO ITEMPED VALUES (3043, 45, 261);
INSERT INTO ITEMPED VALUES (3043, 53, 144);
INSERT INTO PEDIDO VALUES (3044, 45, 260, 213);
INSERT INTO ITEMPED VALUES (3044, 22, 13);
INSERT INTO ITEMPED VALUES (3044, 25, 293);
INSERT INTO ITEMPED VALUES (3044, 31, 188);
INSERT INTO ITEMPED VALUES (3044, 45, 154);
INSERT INTO ITEMPED VALUES (3044, 53, 243);
INSERT INTO ITEMPED VALUES (3044, 77, 163);
INSERT INTO PEDIDO VALUES (3045, 10, 390, 720);
INSERT INTO ITEMPED VALUES (3045, 78, 7);
INSERT INTO ITEMPED VALUES (3045, 13, 198);
INSERT INTO ITEMPED VALUES (3045, 22, 157);
INSERT INTO PEDIDO VALUES (3046, 20, 290, 250);
INSERT INTO ITEMPED VALUES (3046, 25, 213);
INSERT INTO ITEMPED VALUES (3046, 31, 117);
INSERT INTO ITEMPED VALUES (3046, 45, 149);
INSERT INTO ITEMPED VALUES (3046, 53, 53);
INSERT INTO ITEMPED VALUES (3046, 77, 37);
INSERT INTO ITEMPED VALUES (3046, 78, 114);
INSERT INTO PEDIDO VALUES (3047, 30, 260, 310);
INSERT INTO ITEMPED VALUES (3047, 78, 270);
INSERT INTO ITEMPED VALUES (3047, 13, 98);
INSERT INTO ITEMPED VALUES (3047, 22, 279);
INSERT INTO ITEMPED VALUES (3047, 25, 179);
INSERT INTO ITEMPED VALUES (3047, 31, 32);
INSERT INTO ITEMPED VALUES (3047, 45, 286);
INSERT INTO PEDIDO VALUES (3048, 45, 871, 213);
INSERT INTO ITEMPED VALUES (3048, 13, 101);
INSERT INTO ITEMPED VALUES (3048, 22, 59);
INSERT INTO ITEMPED VALUES (3048, 25, 171);
INSERT INTO ITEMPED VALUES (3048, 31, 162);
INSERT INTO ITEMPED VALUES (3048, 45, 294);
INSERT INTO PEDIDO VALUES (3049, 20, 20, 111);
INSERT INTO ITEMPED VALUES (3049, 77, 37);
INSERT INTO ITEMPED VALUES (3049, 78, 91);
INSERT INTO ITEMPED VALUES (3049, 13, 153);
INSERT INTO ITEMPED VALUES (3049, 22, 76);
INSERT INTO ITEMPED VALUES (3049, 25, 217);
INSERT INTO PEDIDO VALUES (3050, 30, 870, 209);
INSERT INTO ITEMPED VALUES (3050, 53, 229);
INSERT INTO ITEMPED VALUES (3050, 77, 124);
INSERT INTO ITEMPED VALUES (3050, 78, 242);
INSERT INTO ITEMPED VALUES (3050, 13, 157);
INSERT INTO ITEMPED VALUES (3050, 22, 79);
INSERT INTO PEDIDO VALUES (3051, 45, 290, 101);
INSERT INTO ITEMPED VALUES (3051, 31, 4);
INSERT INTO ITEMPED VALUES (3051, 45, 220);
INSERT INTO ITEMPED VALUES (3051, 53, 191);
INSERT INTO ITEMPED VALUES (3051, 77, 18);
INSERT INTO PEDIDO VALUES (3052, 20, 20, 11);
INSERT INTO ITEMPED VALUES (3052, 77, 209);
INSERT INTO ITEMPED VALUES (3052, 78, 20);
INSERT INTO ITEMPED VALUES (3052, 13, 133);
INSERT INTO ITEMPED VALUES (3052, 22, 226);
INSERT INTO PEDIDO VALUES (3053, 60, 290, 213);
INSERT INTO ITEMPED VALUES (3053, 22, 242);
INSERT INTO ITEMPED VALUES (3053, 25, 233);
INSERT INTO ITEMPED VALUES (3053, 31, 138);
INSERT INTO ITEMPED VALUES (3053, 45, 124);
INSERT INTO PEDIDO VALUES (3054, 10, 720, 250);
INSERT INTO ITEMPED VALUES (3054, 45, 31);
INSERT INTO ITEMPED VALUES (3054, 53, 192);
INSERT INTO ITEMPED VALUES (3054, 77, 20);
INSERT INTO ITEMPED VALUES (3054, 78, 102);
INSERT INTO ITEMPED VALUES (3054, 13, 26);
INSERT INTO PEDIDO VALUES (3055, 20, 410, 111);
INSERT INTO ITEMPED VALUES (3055, 53, 259);
INSERT INTO ITEMPED VALUES (3055, 77, 117);
INSERT INTO ITEMPED VALUES (3055, 78, 106);
INSERT INTO ITEMPED VALUES (3055, 13, 86);
INSERT INTO ITEMPED VALUES (3055, 22, 278);
INSERT INTO PEDIDO VALUES (3056, 45, 870, 209);
INSERT INTO ITEMPED VALUES (3056, 77, 180);
INSERT INTO PEDIDO VALUES (3057, 10, 290, 720);
INSERT INTO ITEMPED VALUES (3057, 13, 72);
INSERT INTO ITEMPED VALUES (3057, 22, 104);
INSERT INTO ITEMPED VALUES (3057, 25, 232);
INSERT INTO ITEMPED VALUES (3057, 31, 227);
INSERT INTO ITEMPED VALUES (3057, 45, 271);
INSERT INTO PEDIDO VALUES (3058, 30, 110, 11);
INSERT INTO ITEMPED VALUES (3058, 53, 202);
INSERT INTO ITEMPED VALUES (3058, 77, 83);
INSERT INTO ITEMPED VALUES (3058, 78, 196);
INSERT INTO ITEMPED VALUES (3058, 13, 263);
INSERT INTO PEDIDO VALUES (3059, 20, 180, 209);
INSERT INTO ITEMPED VALUES (3059, 78, 7);
INSERT INTO ITEMPED VALUES (3059, 13, 218);
INSERT INTO ITEMPED VALUES (3059, 22, 97);
INSERT INTO ITEMPED VALUES (3059, 25, 110);
INSERT INTO ITEMPED VALUES (3059, 31, 64);
INSERT INTO ITEMPED VALUES (3059, 45, 222);
INSERT INTO PEDIDO VALUES (3060, 45, 410, 111);
INSERT INTO ITEMPED VALUES (3060, 53, 289);
INSERT INTO ITEMPED VALUES (3060, 77, 105);
INSERT INTO ITEMPED VALUES (3060, 78, 30);
INSERT INTO PEDIDO VALUES (3061, 10, 870, 240);
INSERT INTO ITEMPED VALUES (3061, 13, 283);
INSERT INTO ITEMPED VALUES (3061, 22, 285);
INSERT INTO ITEMPED VALUES (3061, 25, 82);
INSERT INTO ITEMPED VALUES (3061, 31, 188);
INSERT INTO PEDIDO VALUES (3062, 60, 20, 209);
INSERT INTO ITEMPED VALUES (3062, 31, 79);
INSERT INTO PEDIDO VALUES (3063, 45, 290, 250);
INSERT INTO ITEMPED VALUES (3063, 53, 162);
INSERT INTO ITEMPED VALUES (3063, 77, 271);
INSERT INTO ITEMPED VALUES (3063, 78, 70);
INSERT INTO ITEMPED VALUES (3063, 13, 246);
INSERT INTO PEDIDO VALUES (3064, 30, 390, 209);
INSERT INTO ITEMPED VALUES (3064, 45, 44);
INSERT INTO PEDIDO VALUES (3065, 45, 871, 101);
INSERT INTO ITEMPED VALUES (3065, 31, 121);
INSERT INTO PEDIDO VALUES (3066, 30, 410, 240);
INSERT INTO ITEMPED VALUES (3066, 45, 232);
INSERT INTO ITEMPED VALUES (3066, 53, 142);
INSERT INTO ITEMPED VALUES (3066, 77, 164);
INSERT INTO ITEMPED VALUES (3066, 78, 29);
INSERT INTO ITEMPED VALUES (3066, 13, 77);
INSERT INTO ITEMPED VALUES (3066, 22, 31);
INSERT INTO PEDIDO VALUES (3067, 45, 390, 101);
INSERT INTO ITEMPED VALUES (3067, 22, 131);
INSERT INTO ITEMPED VALUES (3067, 25, 278);
INSERT INTO ITEMPED VALUES (3067, 31, 123);
INSERT INTO PEDIDO VALUES (3068, 30, 260, 310);
INSERT INTO ITEMPED VALUES (3068, 77, 25);
INSERT INTO ITEMPED VALUES (3068, 78, 63);
INSERT INTO ITEMPED VALUES (3068, 13, 237);
INSERT INTO ITEMPED VALUES (3068, 22, 129);
INSERT INTO PEDIDO VALUES (3069, 20, 720, 720);
INSERT INTO ITEMPED VALUES (3069, 78, 241);
INSERT INTO PEDIDO VALUES (3070, 30, 110, 213);
INSERT INTO ITEMPED VALUES (3070, 45, 178);
INSERT INTO ITEMPED VALUES (3070, 53, 101);
INSERT INTO ITEMPED VALUES (3070, 77, 146);
INSERT INTO PEDIDO VALUES (3071, 45, 390, 11);
INSERT INTO ITEMPED VALUES (3071, 22, 131);
INSERT INTO ITEMPED VALUES (3071, 25, 220);
INSERT INTO ITEMPED VALUES (3071, 31, 298);
INSERT INTO PEDIDO VALUES (3072, 10, 871, 213);
INSERT INTO ITEMPED VALUES (3072, 31, 167);
INSERT INTO ITEMPED VALUES (3072, 45, 115);
INSERT INTO ITEMPED VALUES (3072, 53, 146);
INSERT INTO ITEMPED VALUES (3072, 77, 177);
INSERT INTO ITEMPED VALUES (3072, 78, 122);
INSERT INTO PEDIDO VALUES (3073, 60, 720, 720);
INSERT INTO ITEMPED VALUES (3073, 22, 282);
INSERT INTO ITEMPED VALUES (3073, 25, 159);
INSERT INTO ITEMPED VALUES (3073, 31, 174);
INSERT INTO ITEMPED VALUES (3073, 45, 235);
INSERT INTO ITEMPED VALUES (3073, 53, 83);
INSERT INTO PEDIDO VALUES (3074, 10, 20, 213);
INSERT INTO ITEMPED VALUES (3074, 45, 129);
INSERT INTO ITEMPED VALUES (3074, 53, 99);
INSERT INTO ITEMPED VALUES (3074, 77, 220);
INSERT INTO PEDIDO VALUES (3075, 45, 410, 240);
INSERT INTO ITEMPED VALUES (3075, 25, 63);
INSERT INTO ITEMPED VALUES (3075, 31, 142);
INSERT INTO ITEMPED VALUES (3075, 45, 121);
INSERT INTO ITEMPED VALUES (3075, 53, 184);
INSERT INTO ITEMPED VALUES (3075, 77, 302);
INSERT INTO ITEMPED VALUES (3075, 78, 140);
INSERT INTO PEDIDO VALUES (3076, 30, 390, 250);
INSERT INTO ITEMPED VALUES (3076, 78, 21);
INSERT INTO ITEMPED VALUES (3076, 13, 300);
INSERT INTO ITEMPED VALUES (3076, 22, 35);
INSERT INTO ITEMPED VALUES (3076, 25, 185);
INSERT INTO PEDIDO VALUES (3077, 20, 110, 11);
INSERT INTO ITEMPED VALUES (3077, 77, 124);
INSERT INTO ITEMPED VALUES (3077, 78, 30);
INSERT INTO ITEMPED VALUES (3077, 13, 198);
INSERT INTO PEDIDO VALUES (3078, 10, 290, 213);
INSERT INTO ITEMPED VALUES (3078, 22, 94);
INSERT INTO ITEMPED VALUES (3078, 25, 267);
INSERT INTO ITEMPED VALUES (3078, 31, 214);
INSERT INTO ITEMPED VALUES (3078, 45, 248);
INSERT INTO ITEMPED VALUES (3078, 53, 88);
INSERT INTO ITEMPED VALUES (3078, 77, 215);
INSERT INTO PEDIDO VALUES (3079, 60, 20, 209);
INSERT INTO ITEMPED VALUES (3079, 13, 92);
INSERT INTO ITEMPED VALUES (3079, 22, 158);
INSERT INTO ITEMPED VALUES (3079, 25, 13);
INSERT INTO ITEMPED VALUES (3079, 31, 132);
INSERT INTO PEDIDO VALUES (3080, 45, 870, 213);
INSERT INTO ITEMPED VALUES (3080, 53, 139);
INSERT INTO ITEMPED VALUES (3080, 77, 285);
INSERT INTO ITEMPED VALUES (3080, 78, 40);
INSERT INTO ITEMPED VALUES (3080, 13, 151);
INSERT INTO PEDIDO VALUES (3081, 60, 871, 111);
INSERT INTO ITEMPED VALUES (3081, 31, 68);
INSERT INTO ITEMPED VALUES (3081, 45, 156);
INSERT INTO ITEMPED VALUES (3081, 53, 60);
INSERT INTO ITEMPED VALUES (3081, 77, 240);
INSERT INTO ITEMPED VALUES (3081, 78, 215);
INSERT INTO ITEMPED VALUES (3081, 13, 261);
INSERT INTO PEDIDO VALUES (3082, 30, 870, 11);
INSERT INTO ITEMPED VALUES (3082, 53, 283);
INSERT INTO ITEMPED VALUES (3082, 77, 161);
INSERT INTO ITEMPED VALUES (3082, 78, 5);
INSERT INTO ITEMPED VALUES (3082, 13, 240);
INSERT INTO PEDIDO VALUES (3083, 45, 110, 111);
INSERT INTO ITEMPED VALUES (3083, 22, 113);
INSERT INTO ITEMPED VALUES (3083, 25, 44);
INSERT INTO ITEMPED VALUES (3083, 31, 106);
INSERT INTO ITEMPED VALUES (3083, 45, 129);
INSERT INTO ITEMPED VALUES (3083, 53, 87);
INSERT INTO ITEMPED VALUES (3083, 77, 70);
INSERT INTO PEDIDO VALUES (3084, 60, 180, 209);
INSERT INTO ITEMPED VALUES (3084, 77, 222);
INSERT INTO ITEMPED VALUES (3084, 78, 296);
INSERT INTO ITEMPED VALUES (3084, 13, 69);
INSERT INTO PEDIDO VALUES (3085, 45, 410, 240);
INSERT INTO ITEMPED VALUES (3085, 53, 157);
INSERT INTO ITEMPED VALUES (3085, 77, 278);
INSERT INTO ITEMPED VALUES (3085, 78, 105);
INSERT INTO ITEMPED VALUES (3085, 13, 227);
INSERT INTO ITEMPED VALUES (3085, 22, 145);
INSERT INTO ITEMPED VALUES (3085, 25, 223);
INSERT INTO PEDIDO VALUES (3086, 60, 20, 101);
INSERT INTO ITEMPED VALUES (3086, 45, 265);
INSERT INTO ITEMPED VALUES (3086, 53, 53);
INSERT INTO ITEMPED VALUES (3086, 77, 205);
INSERT INTO PEDIDO VALUES (3087, 10, 180, 11);
INSERT INTO ITEMPED VALUES (3087, 53, 192);
INSERT INTO ITEMPED VALUES (3087, 77, 261);
INSERT INTO ITEMPED VALUES (3087, 78, 44);
INSERT INTO ITEMPED VALUES (3087, 13, 17);
INSERT INTO ITEMPED VALUES (3087, 22, 26);
INSERT INTO ITEMPED VALUES (3087, 25, 5);
INSERT INTO PEDIDO VALUES (3088, 20, 870, 111);
INSERT INTO ITEMPED VALUES (3088, 22, 302);
INSERT INTO ITEMPED VALUES (3088, 25, 254);
INSERT INTO ITEMPED VALUES (3088, 31, 241);
INSERT INTO PEDIDO VALUES (3089, 45, 410, 720);
INSERT INTO ITEMPED VALUES (3089, 77, 59);
INSERT INTO ITEMPED VALUES (3089, 78, 27);
INSERT INTO ITEMPED VALUES (3089, 13, 81);
INSERT INTO ITEMPED VALUES (3089, 22, 216);
INSERT INTO ITEMPED VALUES (3089, 25, 43);
INSERT INTO PEDIDO VALUES (3090, 60, 260, 213);
INSERT INTO ITEMPED VALUES (3090, 31, 236);
INSERT INTO ITEMPED VALUES (3090, 45, 255);
INSERT INTO PEDIDO VALUES (3091, 10, 20, 209);
INSERT INTO ITEMPED VALUES (3091, 53, 231);
INSERT INTO ITEMPED VALUES (3091, 77, 301);
INSERT INTO ITEMPED VALUES (3091, 78, 138);
INSERT INTO ITEMPED VALUES (3091, 13, 56);
INSERT INTO ITEMPED VALUES (3091, 22, 86);
INSERT INTO PEDIDO VALUES (3092, 45, 390, 240);
INSERT INTO ITEMPED VALUES (3092, 25, 256);
INSERT INTO ITEMPED VALUES (3092, 31, 246);
INSERT INTO ITEMPED VALUES (3092, 45, 229);
INSERT INTO ITEMPED VALUES (3092, 53, 218);
INSERT INTO PEDIDO VALUES (3093, 60, 830, 209);
INSERT INTO ITEMPED VALUES (3093, 45, 33);
INSERT INTO ITEMPED VALUES (3093, 53, 89);
INSERT INTO ITEMPED VALUES (3093, 77, 9);
INSERT INTO ITEMPED VALUES (3093, 78, 109);
INSERT INTO ITEMPED VALUES (3093, 13, 117);
INSERT INTO ITEMPED VALUES (3093, 22, 138);
INSERT INTO PEDIDO VALUES (3094, 10, 180, 240);
INSERT INTO ITEMPED VALUES (3094, 77, 14);
INSERT INTO ITEMPED VALUES (3094, 78, 52);
INSERT INTO PEDIDO VALUES (3095, 30, 870, 250);
INSERT INTO ITEMPED VALUES (3095, 31, 197);
INSERT INTO PEDIDO VALUES (3096, 20, 180, 310);
INSERT INTO ITEMPED VALUES (3096, 78, 219);
INSERT INTO ITEMPED VALUES (3096, 13, 209);
INSERT INTO ITEMPED VALUES (3096, 22, 131);
INSERT INTO ITEMPED VALUES (3096, 25, 299);
INSERT INTO ITEMPED VALUES (3096, 31, 175);
INSERT INTO PEDIDO VALUES (3097, 45, 20, 111);
INSERT INTO ITEMPED VALUES (3097, 13, 111);
INSERT INTO ITEMPED VALUES (3097, 22, 135);
INSERT INTO ITEMPED VALUES (3097, 25, 29);
INSERT INTO PEDIDO VALUES (3098, 60, 870, 720);
INSERT INTO ITEMPED VALUES (3098, 45, 169);
INSERT INTO ITEMPED VALUES (3098, 53, 138);
INSERT INTO ITEMPED VALUES (3098, 77, 48);
INSERT INTO ITEMPED VALUES (3098, 78, 208);
INSERT INTO ITEMPED VALUES (3098, 13, 229);
INSERT INTO ITEMPED VALUES (3098, 22, 86);
INSERT INTO PEDIDO VALUES (3099, 20, 871, 209);
INSERT INTO ITEMPED VALUES (3099, 77, 108);
INSERT INTO PEDIDO VALUES (3100, 45, 110, 213);
INSERT INTO ITEMPED VALUES (3100, 53, 166);
INSERT INTO PEDIDO VALUES (3101, 10, 290, 111);
INSERT INTO ITEMPED VALUES (3101, 25, 4);
INSERT INTO ITEMPED VALUES (3101, 31, 67);
INSERT INTO PEDIDO VALUES (3102, 30, 830, 250);
INSERT INTO ITEMPED VALUES (3102, 77, 264);
INSERT INTO ITEMPED VALUES (3102, 78, 111);
INSERT INTO ITEMPED VALUES (3102, 13, 75);
INSERT INTO PEDIDO VALUES (3103, 10, 20, 310);
INSERT INTO ITEMPED VALUES (3103, 31, 175);
INSERT INTO ITEMPED VALUES (3103, 45, 140);
INSERT INTO ITEMPED VALUES (3103, 53, 68);
INSERT INTO ITEMPED VALUES (3103, 77, 16);
INSERT INTO PEDIDO VALUES (3104, 30, 390, 101);
INSERT INTO ITEMPED VALUES (3104, 13, 277);
INSERT INTO ITEMPED VALUES (3104, 22, 83);
INSERT INTO ITEMPED VALUES (3104, 25, 216);
INSERT INTO ITEMPED VALUES (3104, 31, 268);
INSERT INTO PEDIDO VALUES (3105, 10, 110, 720);
INSERT INTO ITEMPED VALUES (3105, 53, 228);
INSERT INTO ITEMPED VALUES (3105, 77, 201);
INSERT INTO PEDIDO VALUES (3106, 45, 290, 111);
INSERT INTO ITEMPED VALUES (3106, 22, 59);
INSERT INTO PEDIDO VALUES (3107, 60, 830, 250);
INSERT INTO ITEMPED VALUES (3107, 31, 230);
INSERT INTO ITEMPED VALUES (3107, 45, 230);
INSERT INTO ITEMPED VALUES (3107, 53, 277);
INSERT INTO ITEMPED VALUES (3107, 77, 252);
INSERT INTO ITEMPED VALUES (3107, 78, 43);
INSERT INTO PEDIDO VALUES (3108, 30, 871, 213);
INSERT INTO ITEMPED VALUES (3108, 13, 297);
INSERT INTO ITEMPED VALUES (3108, 22, 252);
INSERT INTO ITEMPED VALUES (3108, 25, 302);
INSERT INTO ITEMPED VALUES (3108, 31, 250);
INSERT INTO ITEMPED VALUES (3108, 45, 143);
INSERT INTO ITEMPED VALUES (3108, 53, 260);
INSERT INTO PEDIDO VALUES (3109, 60, 260, 310);
INSERT INTO ITEMPED VALUES (3109, 53, 109);
INSERT INTO ITEMPED VALUES (3109, 77, 53);
INSERT INTO ITEMPED VALUES (3109, 78, 132);
INSERT INTO ITEMPED VALUES (3109, 13, 206);
INSERT INTO PEDIDO VALUES (3110, 45, 410, 101);
INSERT INTO ITEMPED VALUES (3110, 22, 118);
INSERT INTO PEDIDO VALUES (3111, 20, 260, 111);
INSERT INTO ITEMPED VALUES (3111, 25, 197);
INSERT INTO ITEMPED VALUES (3111, 31, 206);
INSERT INTO ITEMPED VALUES (3111, 45, 274);
INSERT INTO ITEMPED VALUES (3111, 53, 28);
INSERT INTO PEDIDO VALUES (3112, 45, 390, 310);
INSERT INTO ITEMPED VALUES (3112, 77, 258);
INSERT INTO ITEMPED VALUES (3112, 78, 8);
INSERT INTO PEDIDO VALUES (3113, 20, 410, 240);
INSERT INTO ITEMPED VALUES (3113, 53, 69);
INSERT INTO ITEMPED VALUES (3113, 77, 83);
INSERT INTO ITEMPED VALUES (3113, 78, 213);
INSERT INTO ITEMPED VALUES (3113, 13, 236);
INSERT INTO ITEMPED VALUES (3113, 22, 80);
INSERT INTO ITEMPED VALUES (3113, 25, 278);
INSERT INTO PEDIDO VALUES (3114, 60, 290, 310);
INSERT INTO ITEMPED VALUES (3114, 77, 108);
INSERT INTO ITEMPED VALUES (3114, 78, 83);
INSERT INTO PEDIDO VALUES (3115, 45, 20, 720);
INSERT INTO ITEMPED VALUES (3115, 13, 231);
INSERT INTO ITEMPED VALUES (3115, 22, 214);
INSERT INTO ITEMPED VALUES (3115, 25, 83);
INSERT INTO ITEMPED VALUES (3115, 31, 241);
INSERT INTO ITEMPED VALUES (3115, 45, 128);
INSERT INTO PEDIDO VALUES (3116, 30, 410, 209);
INSERT INTO ITEMPED VALUES (3116, 45, 239);
INSERT INTO ITEMPED VALUES (3116, 53, 99);
INSERT INTO ITEMPED VALUES (3116, 77, 37);
INSERT INTO ITEMPED VALUES (3116, 78, 280);
INSERT INTO ITEMPED VALUES (3116, 13, 159);
INSERT INTO PEDIDO VALUES (3117, 60, 720, 111);
INSERT INTO ITEMPED VALUES (3117, 22, 3);
INSERT INTO ITEMPED VALUES (3117, 25, 118);
INSERT INTO ITEMPED VALUES (3117, 31, 53);
INSERT INTO ITEMPED VALUES (3117, 45, 111);
INSERT INTO ITEMPED VALUES (3117, 53, 193);
INSERT INTO ITEMPED VALUES (3117, 77, 44);
INSERT INTO PEDIDO VALUES (3118, 30, 390, 240);
INSERT INTO ITEMPED VALUES (3118, 31, 283);
INSERT INTO ITEMPED VALUES (3118, 45, 145);
INSERT INTO PEDIDO VALUES (3119, 20, 260, 101);
INSERT INTO ITEMPED VALUES (3119, 78, 105);
INSERT INTO PEDIDO VALUES (3120, 30, 830, 250);
INSERT INTO ITEMPED VALUES (3120, 31, 105);
INSERT INTO ITEMPED VALUES (3120, 45, 32);
INSERT INTO ITEMPED VALUES (3120, 53, 151);
INSERT INTO ITEMPED VALUES (3120, 77, 219);
INSERT INTO PEDIDO VALUES (3121, 10, 260, 213);
INSERT INTO ITEMPED VALUES (3121, 78, 282);
INSERT INTO ITEMPED VALUES (3121, 13, 201);
INSERT INTO ITEMPED VALUES (3121, 22, 123);
INSERT INTO PEDIDO VALUES (3122, 60, 110, 240);
INSERT INTO ITEMPED VALUES (3122, 22, 172);
INSERT INTO ITEMPED VALUES (3122, 25, 247);
INSERT INTO ITEMPED VALUES (3122, 31, 99);
INSERT INTO PEDIDO VALUES (3123, 20, 410, 720);
INSERT INTO ITEMPED VALUES (3123, 31, 271);
INSERT INTO ITEMPED VALUES (3123, 45, 299);
INSERT INTO ITEMPED VALUES (3123, 53, 88);
INSERT INTO ITEMPED VALUES (3123, 77, 265);
INSERT INTO ITEMPED VALUES (3123, 78, 234);
INSERT INTO PEDIDO VALUES (3124, 10, 390, 111);
INSERT INTO ITEMPED VALUES (3124, 13, 89);
INSERT INTO ITEMPED VALUES (3124, 22, 244);
INSERT INTO ITEMPED VALUES (3124, 25, 200);
INSERT INTO PEDIDO VALUES (3125, 20, 410, 101);
INSERT INTO ITEMPED VALUES (3125, 78, 111);
INSERT INTO ITEMPED VALUES (3125, 13, 70);
INSERT INTO ITEMPED VALUES (3125, 22, 133);
INSERT INTO ITEMPED VALUES (3125, 25, 161);
INSERT INTO PEDIDO VALUES (3126, 10, 180, 720);
INSERT INTO ITEMPED VALUES (3126, 53, 292);
INSERT INTO ITEMPED VALUES (3126, 77, 199);
INSERT INTO ITEMPED VALUES (3126, 78, 149);
INSERT INTO PEDIDO VALUES (3127, 60, 110, 310);
INSERT INTO ITEMPED VALUES (3127, 31, 180);
INSERT INTO ITEMPED VALUES (3127, 45, 243);
INSERT INTO ITEMPED VALUES (3127, 53, 254);
INSERT INTO ITEMPED VALUES (3127, 77, 5);
INSERT INTO ITEMPED VALUES (3127, 78, 23);
INSERT INTO PEDIDO VALUES (3128, 10, 260, 111);
INSERT INTO ITEMPED VALUES (3128, 53, 302);
INSERT INTO PEDIDO VALUES (3129, 45, 870, 240);
INSERT INTO ITEMPED VALUES (3129, 45, 186);
INSERT INTO ITEMPED VALUES (3129, 53, 253);
INSERT INTO ITEMPED VALUES (3129, 77, 46);
INSERT INTO ITEMPED VALUES (3129, 78, 164);
INSERT INTO ITEMPED VALUES (3129, 13, 53);
INSERT INTO ITEMPED VALUES (3129, 22, 124);
INSERT INTO PEDIDO VALUES (3130, 60, 260, 720);
INSERT INTO ITEMPED VALUES (3130, 31, 167);
INSERT INTO ITEMPED VALUES (3130, 45, 155);
INSERT INTO PEDIDO VALUES (3131, 45, 870, 240);
INSERT INTO ITEMPED VALUES (3131, 45, 31);
INSERT INTO ITEMPED VALUES (3131, 53, 25);
INSERT INTO ITEMPED VALUES (3131, 77, 152);
INSERT INTO ITEMPED VALUES (3131, 78, 138);
INSERT INTO ITEMPED VALUES (3131, 13, 234);
INSERT INTO ITEMPED VALUES (3131, 22, 44);
INSERT INTO PEDIDO VALUES (3132, 60, 20, 310);
INSERT INTO ITEMPED VALUES (3132, 77, 194);
INSERT INTO ITEMPED VALUES (3132, 78, 123);
INSERT INTO ITEMPED VALUES (3132, 13, 102);
INSERT INTO ITEMPED VALUES (3132, 22, 46);
INSERT INTO ITEMPED VALUES (3132, 25, 191);
INSERT INTO ITEMPED VALUES (3132, 31, 229);
INSERT INTO PEDIDO VALUES (3133, 10, 180, 213);
INSERT INTO ITEMPED VALUES (3133, 31, 249);
INSERT INTO ITEMPED VALUES (3133, 45, 225);
INSERT INTO ITEMPED VALUES (3133, 53, 38);
INSERT INTO ITEMPED VALUES (3133, 77, 145);
INSERT INTO ITEMPED VALUES (3133, 78, 19);
INSERT INTO PEDIDO VALUES (3134, 30, 20, 11);
INSERT INTO ITEMPED VALUES (3134, 77, 102);
INSERT INTO ITEMPED VALUES (3134, 78, 23);
INSERT INTO ITEMPED VALUES (3134, 13, 61);
INSERT INTO ITEMPED VALUES (3134, 22, 91);
INSERT INTO ITEMPED VALUES (3134, 25, 119);
INSERT INTO ITEMPED VALUES (3134, 31, 195);
INSERT INTO PEDIDO VALUES (3135, 45, 870, 209);
INSERT INTO ITEMPED VALUES (3135, 22, 176);
INSERT INTO ITEMPED VALUES (3135, 25, 235);
INSERT INTO PEDIDO VALUES (3136, 30, 20, 720);
INSERT INTO ITEMPED VALUES (3136, 25, 203);
INSERT INTO ITEMPED VALUES (3136, 31, 187);
INSERT INTO ITEMPED VALUES (3136, 45, 85);
INSERT INTO ITEMPED VALUES (3136, 53, 72);
INSERT INTO PEDIDO VALUES (3137, 45, 830, 310);
INSERT INTO ITEMPED VALUES (3137, 31, 46);
INSERT INTO PEDIDO VALUES (3138, 20, 720, 240);
INSERT INTO ITEMPED VALUES (3138, 22, 155);
INSERT INTO PEDIDO VALUES (3139, 60, 390, 250);
INSERT INTO ITEMPED VALUES (3139, 77, 221);
INSERT INTO ITEMPED VALUES (3139, 78, 7);
INSERT INTO PEDIDO VALUES (3140, 10, 260, 111);
INSERT INTO ITEMPED VALUES (3140, 25, 33);
INSERT INTO ITEMPED VALUES (3140, 31, 135);
INSERT INTO PEDIDO VALUES (3141, 45, 871, 310);
INSERT INTO ITEMPED VALUES (3141, 31, 185);
INSERT INTO ITEMPED VALUES (3141, 45, 191);
INSERT INTO ITEMPED VALUES (3141, 53, 181);
INSERT INTO ITEMPED VALUES (3141, 77, 158);
INSERT INTO ITEMPED VALUES (3141, 78, 5);
INSERT INTO PEDIDO VALUES (3142, 60, 180, 240);
INSERT INTO ITEMPED VALUES (3142, 45, 133);
INSERT INTO ITEMPED VALUES (3142, 53, 9);
INSERT INTO ITEMPED VALUES (3142, 77, 111);
INSERT INTO ITEMPED VALUES (3142, 78, 65);
INSERT INTO PEDIDO VALUES (3143, 20, 390, 111);
INSERT INTO ITEMPED VALUES (3143, 77, 12);
INSERT INTO PEDIDO VALUES (3144, 30, 871, 240);
INSERT INTO ITEMPED VALUES (3144, 22, 213);
INSERT INTO ITEMPED VALUES (3144, 25, 6);
INSERT INTO ITEMPED VALUES (3144, 31, 37);
INSERT INTO ITEMPED VALUES (3144, 45, 264);
INSERT INTO ITEMPED VALUES (3144, 53, 181);
INSERT INTO PEDIDO VALUES (3145, 60, 870, 209);
INSERT INTO ITEMPED VALUES (3145, 53, 83);
INSERT INTO ITEMPED VALUES (3145, 77, 165);
INSERT INTO ITEMPED VALUES (3145, 78, 89);
INSERT INTO ITEMPED VALUES (3145, 13, 207);
INSERT INTO ITEMPED VALUES (3145, 22, 243);
INSERT INTO ITEMPED VALUES (3145, 25, 112);
INSERT INTO PEDIDO VALUES (3146, 20, 20, 213);
INSERT INTO ITEMPED VALUES (3146, 25, 261);
INSERT INTO ITEMPED VALUES (3146, 31, 64);
INSERT INTO ITEMPED VALUES (3146, 45, 204);
INSERT INTO ITEMPED VALUES (3146, 53, 47);
INSERT INTO PEDIDO VALUES (3147, 10, 410, 310);
INSERT INTO ITEMPED VALUES (3147, 77, 142);
INSERT INTO PEDIDO VALUES (3148, 30, 720, 240);
INSERT INTO ITEMPED VALUES (3148, 25, 22);
INSERT INTO ITEMPED VALUES (3148, 31, 31);
INSERT INTO ITEMPED VALUES (3148, 45, 15);
INSERT INTO ITEMPED VALUES (3148, 53, 288);
INSERT INTO ITEMPED VALUES (3148, 77, 66);
INSERT INTO PEDIDO VALUES (3149, 45, 110, 720);
INSERT INTO ITEMPED VALUES (3149, 77, 57);
INSERT INTO ITEMPED VALUES (3149, 78, 167);
INSERT INTO ITEMPED VALUES (3149, 13, 18);
INSERT INTO ITEMPED VALUES (3149, 22, 110);
INSERT INTO PEDIDO VALUES (3150, 20, 260, 310);
INSERT INTO ITEMPED VALUES (3150, 53, 240);
INSERT INTO ITEMPED VALUES (3150, 77, 163);
INSERT INTO ITEMPED VALUES (3150, 78, 5);
INSERT INTO ITEMPED VALUES (3150, 13, 164);
INSERT INTO ITEMPED VALUES (3150, 22, 269);
INSERT INTO ITEMPED VALUES (3150, 25, 9);
INSERT INTO PEDIDO VALUES (3151, 45, 830, 11);
INSERT INTO ITEMPED VALUES (3151, 13, 36);
INSERT INTO ITEMPED VALUES (3151, 22, 240);
INSERT INTO ITEMPED VALUES (3151, 25, 160);
INSERT INTO ITEMPED VALUES (3151, 31, 120);
INSERT INTO ITEMPED VALUES (3151, 45, 282);
INSERT INTO PEDIDO VALUES (3152, 60, 390, 111);
INSERT INTO ITEMPED VALUES (3152, 45, 251);
INSERT INTO ITEMPED VALUES (3152, 53, 105);
INSERT INTO ITEMPED VALUES (3152, 77, 228);
INSERT INTO ITEMPED VALUES (3152, 78, 101);
INSERT INTO PEDIDO VALUES (3153, 45, 410, 310);
INSERT INTO ITEMPED VALUES (3153, 77, 61);
INSERT INTO ITEMPED VALUES (3153, 78, 126);
INSERT INTO ITEMPED VALUES (3153, 13, 129);
INSERT INTO ITEMPED VALUES (3153, 22, 188);
INSERT INTO ITEMPED VALUES (3153, 25, 17);
INSERT INTO ITEMPED VALUES (3153, 31, 14);
INSERT INTO PEDIDO VALUES (3154, 10, 830, 240);
INSERT INTO ITEMPED VALUES (3154, 78, 176);
INSERT INTO ITEMPED VALUES (3154, 13, 274);
INSERT INTO PEDIDO VALUES (3155, 60, 870, 213);
INSERT INTO ITEMPED VALUES (3155, 13, 173);
INSERT INTO PEDIDO VALUES (3156, 20, 110, 250);
INSERT INTO ITEMPED VALUES (3156, 78, 94);
INSERT INTO PEDIDO VALUES (3157, 45, 870, 213);
INSERT INTO ITEMPED VALUES (3157, 25, 236);
INSERT INTO ITEMPED VALUES (3157, 31, 20);
INSERT INTO ITEMPED VALUES (3157, 45, 158);
INSERT INTO PEDIDO VALUES (3158, 20, 390, 310);
INSERT INTO ITEMPED VALUES (3158, 78, 167);
INSERT INTO PEDIDO VALUES (3159, 60, 720, 209);
INSERT INTO ITEMPED VALUES (3159, 53, 54);
INSERT INTO ITEMPED VALUES (3159, 77, 32);
INSERT INTO ITEMPED VALUES (3159, 78, 116);
INSERT INTO ITEMPED VALUES (3159, 13, 99);
INSERT INTO PEDIDO VALUES (3160, 10, 390, 11);
INSERT INTO ITEMPED VALUES (3160, 31, 227);
INSERT INTO ITEMPED VALUES (3160, 45, 111);
INSERT INTO ITEMPED VALUES (3160, 53, 244);
INSERT INTO ITEMPED VALUES (3160, 77, 150);
INSERT INTO ITEMPED VALUES (3160, 78, 139);
INSERT INTO ITEMPED VALUES (3160, 13, 185);
INSERT INTO PEDIDO VALUES (3161, 45, 20, 250);
INSERT INTO ITEMPED VALUES (3161, 77, 295);
INSERT INTO ITEMPED VALUES (3161, 78, 301);
INSERT INTO ITEMPED VALUES (3161, 13, 272);
INSERT INTO ITEMPED VALUES (3161, 22, 14);
INSERT INTO ITEMPED VALUES (3161, 25, 289);
INSERT INTO ITEMPED VALUES (3161, 31, 119);
INSERT INTO PEDIDO VALUES (3162, 20, 410, 11);
INSERT INTO ITEMPED VALUES (3162, 53, 282);
INSERT INTO ITEMPED VALUES (3162, 77, 86);
INSERT INTO PEDIDO VALUES (3163, 45, 720, 240);
INSERT INTO ITEMPED VALUES (3163, 25, 210);
INSERT INTO ITEMPED VALUES (3163, 31, 51);
INSERT INTO PEDIDO VALUES (3164, 10, 390, 209);
INSERT INTO ITEMPED VALUES (3164, 13, 142);
INSERT INTO ITEMPED VALUES (3164, 22, 185);
INSERT INTO ITEMPED VALUES (3164, 25, 190);
INSERT INTO ITEMPED VALUES (3164, 31, 144);
INSERT INTO PEDIDO VALUES (3165, 20, 871, 11);
INSERT INTO ITEMPED VALUES (3165, 78, 90);
INSERT INTO ITEMPED VALUES (3165, 13, 48);
INSERT INTO ITEMPED VALUES (3165, 22, 105);
INSERT INTO PEDIDO VALUES (3166, 10, 390, 209);
INSERT INTO ITEMPED VALUES (3166, 45, 255);
INSERT INTO ITEMPED VALUES (3166, 53, 215);
INSERT INTO ITEMPED VALUES (3166, 77, 100);
INSERT INTO ITEMPED VALUES (3166, 78, 126);
INSERT INTO ITEMPED VALUES (3166, 13, 140);
INSERT INTO PEDIDO VALUES (3167, 45, 260, 240);
INSERT INTO ITEMPED VALUES (3167, 31, 180);
INSERT INTO PEDIDO VALUES (3168, 20, 390, 310);
INSERT INTO ITEMPED VALUES (3168, 78, 233);
INSERT INTO ITEMPED VALUES (3168, 13, 36);
INSERT INTO ITEMPED VALUES (3168, 22, 97);
INSERT INTO ITEMPED VALUES (3168, 25, 208);
INSERT INTO ITEMPED VALUES (3168, 31, 292);
INSERT INTO ITEMPED VALUES (3168, 45, 283);
INSERT INTO PEDIDO VALUES (3169, 10, 180, 111);
INSERT INTO ITEMPED VALUES (3169, 13, 12);
INSERT INTO ITEMPED VALUES (3169, 22, 130);
INSERT INTO ITEMPED VALUES (3169, 25, 214);
INSERT INTO ITEMPED VALUES (3169, 31, 217);
INSERT INTO PEDIDO VALUES (3170, 60, 410, 250);
INSERT INTO ITEMPED VALUES (3170, 31, 50);
INSERT INTO PEDIDO VALUES (3171, 20, 20, 101);
INSERT INTO ITEMPED VALUES (3171, 53, 240);
INSERT INTO ITEMPED VALUES (3171, 77, 146);
INSERT INTO ITEMPED VALUES (3171, 78, 85);
INSERT INTO ITEMPED VALUES (3171, 13, 68);
INSERT INTO ITEMPED VALUES (3171, 22, 240);
INSERT INTO PEDIDO VALUES (3172, 45, 260, 11);
INSERT INTO ITEMPED VALUES (3172, 22, 229);
INSERT INTO ITEMPED VALUES (3172, 25, 68);
INSERT INTO PEDIDO VALUES (3173, 60, 410, 250);
INSERT INTO ITEMPED VALUES (3173, 78, 194);
INSERT INTO PEDIDO VALUES (3174, 45, 180, 213);
INSERT INTO ITEMPED VALUES (3174, 25, 10);
INSERT INTO ITEMPED VALUES (3174, 31, 84);
INSERT INTO ITEMPED VALUES (3174, 45, 60);
INSERT INTO ITEMPED VALUES (3174, 53, 16);
INSERT INTO PEDIDO VALUES (3175, 10, 260, 11);
INSERT INTO ITEMPED VALUES (3175, 53, 105);
INSERT INTO PEDIDO VALUES (3176, 45, 871, 209);
INSERT INTO ITEMPED VALUES (3176, 78, 269);
INSERT INTO ITEMPED VALUES (3176, 13, 181);
INSERT INTO ITEMPED VALUES (3176, 22, 221);
INSERT INTO PEDIDO VALUES (3177, 30, 720, 310);
INSERT INTO ITEMPED VALUES (3177, 25, 237);
INSERT INTO PEDIDO VALUES (3178, 10, 20, 101);
INSERT INTO ITEMPED VALUES (3178, 31, 128);
INSERT INTO ITEMPED VALUES (3178, 45, 176);
INSERT INTO ITEMPED VALUES (3178, 53, 117);
INSERT INTO ITEMPED VALUES (3178, 77, 297);
INSERT INTO ITEMPED VALUES (3178, 78, 43);
INSERT INTO ITEMPED VALUES (3178, 13, 260);
INSERT INTO PEDIDO VALUES (3179, 30, 870, 720);
INSERT INTO ITEMPED VALUES (3179, 22, 223);
INSERT INTO ITEMPED VALUES (3179, 25, 302);
INSERT INTO ITEMPED VALUES (3179, 31, 193);
INSERT INTO PEDIDO VALUES (3180, 20, 180, 213);
INSERT INTO ITEMPED VALUES (3180, 78, 125);
INSERT INTO PEDIDO VALUES (3181, 10, 260, 111);
INSERT INTO ITEMPED VALUES (3181, 53, 191);
INSERT INTO ITEMPED VALUES (3181, 77, 275);
INSERT INTO ITEMPED VALUES (3181, 78, 28);
INSERT INTO ITEMPED VALUES (3181, 13, 148);
INSERT INTO ITEMPED VALUES (3181, 22, 195);
INSERT INTO ITEMPED VALUES (3181, 25, 183);
INSERT INTO PEDIDO VALUES (3182, 20, 410, 250);
INSERT INTO ITEMPED VALUES (3182, 22, 185);
INSERT INTO ITEMPED VALUES (3182, 25, 294);
INSERT INTO ITEMPED VALUES (3182, 31, 115);
INSERT INTO ITEMPED VALUES (3182, 45, 155);
INSERT INTO ITEMPED VALUES (3182, 53, 262);
INSERT INTO ITEMPED VALUES (3182, 77, 114);
INSERT INTO PEDIDO VALUES (3183, 10, 180, 101);
INSERT INTO ITEMPED VALUES (3183, 77, 208);
INSERT INTO PEDIDO VALUES (3184, 60, 260, 11);
INSERT INTO ITEMPED VALUES (3184, 53, 224);
INSERT INTO PEDIDO VALUES (3185, 30, 870, 213);
INSERT INTO ITEMPED VALUES (3185, 13, 267);
INSERT INTO PEDIDO VALUES (3186, 10, 410, 720);
INSERT INTO ITEMPED VALUES (3186, 31, 146);
INSERT INTO ITEMPED VALUES (3186, 45, 209);
INSERT INTO PEDIDO VALUES (3187, 30, 110, 111);
INSERT INTO ITEMPED VALUES (3187, 22, 291);
INSERT INTO ITEMPED VALUES (3187, 25, 63);
INSERT INTO ITEMPED VALUES (3187, 31, 224);
INSERT INTO ITEMPED VALUES (3187, 45, 76);
INSERT INTO ITEMPED VALUES (3187, 53, 166);
INSERT INTO PEDIDO VALUES (3188, 10, 410, 250);
INSERT INTO ITEMPED VALUES (3188, 45, 227);
INSERT INTO ITEMPED VALUES (3188, 53, 257);
INSERT INTO ITEMPED VALUES (3188, 77, 105);
INSERT INTO PEDIDO VALUES (3189, 45, 830, 213);
INSERT INTO ITEMPED VALUES (3189, 77, 34);
INSERT INTO ITEMPED VALUES (3189, 78, 98);
INSERT INTO ITEMPED VALUES (3189, 13, 205);
INSERT INTO ITEMPED VALUES (3189, 22, 6);
INSERT INTO ITEMPED VALUES (3189, 25, 231);
INSERT INTO PEDIDO VALUES (3190, 60, 871, 250);
INSERT INTO ITEMPED VALUES (3190, 78, 251);
INSERT INTO ITEMPED VALUES (3190, 13, 7);
INSERT INTO ITEMPED VALUES (3190, 22, 182);
INSERT INTO PEDIDO VALUES (3191, 10, 20, 209);
INSERT INTO ITEMPED VALUES (3191, 77, 212);
INSERT INTO ITEMPED VALUES (3191, 78, 128);
INSERT INTO ITEMPED VALUES (3191, 13, 236);
INSERT INTO ITEMPED VALUES (3191, 22, 134);
INSERT INTO ITEMPED VALUES (3191, 25, 105);
INSERT INTO PEDIDO VALUES (3192, 20, 260, 240);
INSERT INTO ITEMPED VALUES (3192, 53, 177);
INSERT INTO ITEMPED VALUES (3192, 77, 15);
INSERT INTO ITEMPED VALUES (3192, 78, 290);
INSERT INTO ITEMPED VALUES (3192, 13, 84);
INSERT INTO ITEMPED VALUES (3192, 22, 224);
INSERT INTO ITEMPED VALUES (3192, 25, 39);
INSERT INTO PEDIDO VALUES (3193, 60, 20, 101);
INSERT INTO ITEMPED VALUES (3193, 78, 142);
INSERT INTO ITEMPED VALUES (3193, 13, 66);
INSERT INTO ITEMPED VALUES (3193, 22, 276);
INSERT INTO ITEMPED VALUES (3193, 25, 179);
INSERT INTO PEDIDO VALUES (3194, 20, 390, 720);
INSERT INTO ITEMPED VALUES (3194, 77, 92);
INSERT INTO ITEMPED VALUES (3194, 78, 276);
INSERT INTO PEDIDO VALUES (3195, 30, 180, 240);
INSERT INTO ITEMPED VALUES (3195, 45, 92);
INSERT INTO ITEMPED VALUES (3195, 53, 192);
INSERT INTO PEDIDO VALUES (3196, 60, 20, 250);
INSERT INTO ITEMPED VALUES (3196, 31, 276);
INSERT INTO ITEMPED VALUES (3196, 45, 228);
INSERT INTO ITEMPED VALUES (3196, 53, 263);
INSERT INTO ITEMPED VALUES (3196, 77, 97);
INSERT INTO ITEMPED VALUES (3196, 78, 7);
INSERT INTO ITEMPED VALUES (3196, 13, 293);
INSERT INTO PEDIDO VALUES (3197, 30, 390, 111);
INSERT INTO ITEMPED VALUES (3197, 45, 84);
INSERT INTO ITEMPED VALUES (3197, 53, 267);
INSERT INTO ITEMPED VALUES (3197, 77, 197);
INSERT INTO ITEMPED VALUES (3197, 78, 43);
INSERT INTO ITEMPED VALUES (3197, 13, 141);
INSERT INTO ITEMPED VALUES (3197, 22, 76);
INSERT INTO PEDIDO VALUES (3198, 45, 290, 213);
INSERT INTO ITEMPED VALUES (3198, 78, 92);
INSERT INTO ITEMPED VALUES (3198, 13, 183);
INSERT INTO ITEMPED VALUES (3198, 22, 139);
INSERT INTO PEDIDO VALUES (3199, 30, 20, 250);
INSERT INTO ITEMPED VALUES (3199, 22, 159);
INSERT INTO ITEMPED VALUES (3199, 25, 129);
INSERT INTO PEDIDO VALUES (3200, 20, 830, 720);
INSERT INTO ITEMPED VALUES (3200, 31, 111);
INSERT INTO PEDIDO VALUES (3201, 60, 180, 111);
INSERT INTO ITEMPED VALUES (3201, 25, 234);
INSERT INTO ITEMPED VALUES (3201, 31, 147);
INSERT INTO ITEMPED VALUES (3201, 45, 181);
INSERT INTO PEDIDO VALUES (3202, 20, 871, 213);
INSERT INTO ITEMPED VALUES (3202, 78, 104);
INSERT INTO ITEMPED VALUES (3202, 13, 97);
INSERT INTO ITEMPED VALUES (3202, 22, 253);
INSERT INTO PEDIDO VALUES (3203, 45, 390, 111);
INSERT INTO ITEMPED VALUES (3203, 22, 96);
INSERT INTO PEDIDO VALUES (3204, 30, 720, 720);
INSERT INTO ITEMPED VALUES (3204, 77, 7);
INSERT INTO ITEMPED VALUES (3204, 78, 216);
INSERT INTO ITEMPED VALUES (3204, 13, 43);
INSERT INTO ITEMPED VALUES (3204, 22, 218);
INSERT INTO ITEMPED VALUES (3204, 25, 209);
INSERT INTO ITEMPED VALUES (3204, 31, 275);
INSERT INTO PEDIDO VALUES (3205, 60, 870, 209);
INSERT INTO ITEMPED VALUES (3205, 31, 116);
INSERT INTO ITEMPED VALUES (3205, 45, 248);
INSERT INTO PEDIDO VALUES (3206, 20, 871, 11);
INSERT INTO ITEMPED VALUES (3206, 53, 54);
INSERT INTO PEDIDO VALUES (3207, 60, 720, 101);
INSERT INTO ITEMPED VALUES (3207, 13, 103);
INSERT INTO PEDIDO VALUES (3208, 20, 390, 11);
INSERT INTO ITEMPED VALUES (3208, 77, 134);
INSERT INTO ITEMPED VALUES (3208, 78, 170);
INSERT INTO ITEMPED VALUES (3208, 13, 147);
INSERT INTO ITEMPED VALUES (3208, 22, 197);
INSERT INTO PEDIDO VALUES (3209, 10, 871, 240);
INSERT INTO ITEMPED VALUES (3209, 13, 179);
INSERT INTO ITEMPED VALUES (3209, 22, 178);
INSERT INTO ITEMPED VALUES (3209, 25, 86);
INSERT INTO ITEMPED VALUES (3209, 31, 277);
INSERT INTO ITEMPED VALUES (3209, 45, 196);
INSERT INTO ITEMPED VALUES (3209, 53, 237);
INSERT INTO PEDIDO VALUES (3210, 45, 20, 720);
INSERT INTO ITEMPED VALUES (3210, 53, 73);
INSERT INTO ITEMPED VALUES (3210, 77, 138);
INSERT INTO ITEMPED VALUES (3210, 78, 290);
INSERT INTO ITEMPED VALUES (3210, 13, 161);
INSERT INTO ITEMPED VALUES (3210, 22, 279);
INSERT INTO ITEMPED VALUES (3210, 25, 77);
INSERT INTO PEDIDO VALUES (3211, 60, 180, 213);
INSERT INTO ITEMPED VALUES (3211, 25, 142);
INSERT INTO ITEMPED VALUES (3211, 31, 137);
INSERT INTO ITEMPED VALUES (3211, 45, 236);
INSERT INTO ITEMPED VALUES (3211, 53, 189);
INSERT INTO PEDIDO VALUES (3212, 30, 390, 11);
INSERT INTO ITEMPED VALUES (3212, 78, 142);
INSERT INTO ITEMPED VALUES (3212, 13, 51);
INSERT INTO ITEMPED VALUES (3212, 22, 27);
INSERT INTO PEDIDO VALUES (3213, 60, 871, 310);
INSERT INTO ITEMPED VALUES (3213, 53, 197);
INSERT INTO ITEMPED VALUES (3213, 77, 118);
INSERT INTO ITEMPED VALUES (3213, 78, 56);
INSERT INTO ITEMPED VALUES (3213, 13, 4);
INSERT INTO PEDIDO VALUES (3214, 45, 830, 720);
INSERT INTO ITEMPED VALUES (3214, 25, 190);
INSERT INTO ITEMPED VALUES (3214, 31, 277);
INSERT INTO ITEMPED VALUES (3214, 45, 24);
INSERT INTO ITEMPED VALUES (3214, 53, 175);
INSERT INTO ITEMPED VALUES (3214, 77, 27);
INSERT INTO ITEMPED VALUES (3214, 78, 66);
INSERT INTO PEDIDO VALUES (3215, 30, 180, 11);
INSERT INTO ITEMPED VALUES (3215, 77, 29);
INSERT INTO ITEMPED VALUES (3215, 78, 11);
INSERT INTO ITEMPED VALUES (3215, 13, 27);
INSERT INTO ITEMPED VALUES (3215, 22, 215);
INSERT INTO PEDIDO VALUES (3216, 20, 390, 209);
INSERT INTO ITEMPED VALUES (3216, 31, 286);
INSERT INTO ITEMPED VALUES (3216, 45, 83);
INSERT INTO ITEMPED VALUES (3216, 53, 215);
INSERT INTO ITEMPED VALUES (3216, 77, 44);
INSERT INTO PEDIDO VALUES (3217, 30, 180, 11);
INSERT INTO ITEMPED VALUES (3217, 13, 32);
INSERT INTO ITEMPED VALUES (3217, 22, 125);
INSERT INTO ITEMPED VALUES (3217, 25, 212);
INSERT INTO PEDIDO VALUES (3218, 20, 870, 240);
INSERT INTO ITEMPED VALUES (3218, 78, 288);
INSERT INTO ITEMPED VALUES (3218, 13, 124);
INSERT INTO ITEMPED VALUES (3218, 22, 84);
INSERT INTO ITEMPED VALUES (3218, 25, 45);
INSERT INTO ITEMPED VALUES (3218, 31, 204);
INSERT INTO PEDIDO VALUES (3219, 60, 260, 101);
INSERT INTO ITEMPED VALUES (3219, 13, 216);
INSERT INTO ITEMPED VALUES (3219, 22, 226);
INSERT INTO ITEMPED VALUES (3219, 25, 7);
INSERT INTO ITEMPED VALUES (3219, 31, 33);
INSERT INTO PEDIDO VALUES (3220, 20, 180, 11);
INSERT INTO ITEMPED VALUES (3220, 45, 285);
INSERT INTO ITEMPED VALUES (3220, 53, 151);
INSERT INTO ITEMPED VALUES (3220, 77, 241);
INSERT INTO ITEMPED VALUES (3220, 78, 76);
INSERT INTO ITEMPED VALUES (3220, 13, 200);
INSERT INTO ITEMPED VALUES (3220, 22, 152);
INSERT INTO PEDIDO VALUES (3221, 45, 870, 213);
INSERT INTO ITEMPED VALUES (3221, 31, 157);
INSERT INTO PEDIDO VALUES (3222, 20, 110, 101);
INSERT INTO ITEMPED VALUES (3222, 78, 113);
INSERT INTO ITEMPED VALUES (3222, 13, 260);
INSERT INTO PEDIDO VALUES (3223, 30, 290, 209);
INSERT INTO ITEMPED VALUES (3223, 13, 257);
INSERT INTO ITEMPED VALUES (3223, 22, 172);
INSERT INTO ITEMPED VALUES (3223, 25, 18);
INSERT INTO PEDIDO VALUES (3224, 20, 410, 250);
INSERT INTO ITEMPED VALUES (3224, 53, 169);
INSERT INTO ITEMPED VALUES (3224, 77, 287);
INSERT INTO ITEMPED VALUES (3224, 78, 21);
INSERT INTO ITEMPED VALUES (3224, 13, 180);
INSERT INTO PEDIDO VALUES (3225, 45, 290, 720);
INSERT INTO ITEMPED VALUES (3225, 22, 217);
INSERT INTO ITEMPED VALUES (3225, 25, 250);
INSERT INTO ITEMPED VALUES (3225, 31, 72);
INSERT INTO ITEMPED VALUES (3225, 45, 30);
INSERT INTO ITEMPED VALUES (3225, 53, 86);
INSERT INTO ITEMPED VALUES (3225, 77, 186);
INSERT INTO PEDIDO VALUES (3226, 30, 180, 213);
INSERT INTO ITEMPED VALUES (3226, 25, 225);
INSERT INTO ITEMPED VALUES (3226, 31, 302);
INSERT INTO ITEMPED VALUES (3226, 45, 150);
INSERT INTO ITEMPED VALUES (3226, 53, 133);
INSERT INTO PEDIDO VALUES (3227, 45, 290, 250);
INSERT INTO ITEMPED VALUES (3227, 45, 242);
INSERT INTO PEDIDO VALUES (3228, 60, 830, 213);
INSERT INTO ITEMPED VALUES (3228, 31, 78);
INSERT INTO ITEMPED VALUES (3228, 45, 57);
INSERT INTO ITEMPED VALUES (3228, 53, 153);
INSERT INTO ITEMPED VALUES (3228, 77, 237);
INSERT INTO PEDIDO VALUES (3229, 30, 410, 250);
INSERT INTO ITEMPED VALUES (3229, 22, 64);
INSERT INTO ITEMPED VALUES (3229, 25, 109);
INSERT INTO ITEMPED VALUES (3229, 31, 295);
INSERT INTO ITEMPED VALUES (3229, 45, 116);
INSERT INTO ITEMPED VALUES (3229, 53, 238);
INSERT INTO PEDIDO VALUES (3230, 10, 180, 310);
INSERT INTO ITEMPED VALUES (3230, 45, 250);
INSERT INTO ITEMPED VALUES (3230, 53, 240);
INSERT INTO ITEMPED VALUES (3230, 77, 86);
INSERT INTO ITEMPED VALUES (3230, 78, 275);
INSERT INTO PEDIDO VALUES (3231, 45, 871, 101);
INSERT INTO ITEMPED VALUES (3231, 53, 32);
INSERT INTO ITEMPED VALUES (3231, 77, 257);
INSERT INTO PEDIDO VALUES (3232, 30, 180, 720);
INSERT INTO ITEMPED VALUES (3232, 13, 5);
INSERT INTO ITEMPED VALUES (3232, 22, 260);
INSERT INTO ITEMPED VALUES (3232, 25, 83);
INSERT INTO ITEMPED VALUES (3232, 31, 207);
INSERT INTO ITEMPED VALUES (3232, 45, 157);
INSERT INTO ITEMPED VALUES (3232, 53, 176);
INSERT INTO PEDIDO VALUES (3233, 10, 390, 209);
INSERT INTO ITEMPED VALUES (3233, 45, 76);
INSERT INTO PEDIDO VALUES (3234, 30, 260, 310);
INSERT INTO ITEMPED VALUES (3234, 31, 176);
INSERT INTO ITEMPED VALUES (3234, 45, 141);
INSERT INTO ITEMPED VALUES (3234, 53, 63);
INSERT INTO PEDIDO VALUES (3235, 60, 720, 101);
INSERT INTO ITEMPED VALUES (3235, 45, 198);
INSERT INTO ITEMPED VALUES (3235, 53, 229);
INSERT INTO ITEMPED VALUES (3235, 77, 228);
INSERT INTO ITEMPED VALUES (3235, 78, 260);
INSERT INTO ITEMPED VALUES (3235, 13, 277);
INSERT INTO ITEMPED VALUES (3235, 22, 263);
INSERT INTO PEDIDO VALUES (3236, 30, 390, 720);
INSERT INTO ITEMPED VALUES (3236, 53, 128);
INSERT INTO ITEMPED VALUES (3236, 77, 116);
INSERT INTO ITEMPED VALUES (3236, 78, 161);
INSERT INTO PEDIDO VALUES (3237, 10, 180, 250);
INSERT INTO ITEMPED VALUES (3237, 22, 213);
INSERT INTO ITEMPED VALUES (3237, 25, 80);
INSERT INTO ITEMPED VALUES (3237, 31, 271);
INSERT INTO ITEMPED VALUES (3237, 45, 23);
INSERT INTO ITEMPED VALUES (3237, 53, 216);
INSERT INTO PEDIDO VALUES (3238, 60, 830, 209);
INSERT INTO ITEMPED VALUES (3238, 31, 128);
INSERT INTO ITEMPED VALUES (3238, 45, 113);
INSERT INTO ITEMPED VALUES (3238, 53, 276);
INSERT INTO ITEMPED VALUES (3238, 77, 219);
INSERT INTO ITEMPED VALUES (3238, 78, 87);
INSERT INTO ITEMPED VALUES (3238, 13, 184);
INSERT INTO PEDIDO VALUES (3239, 30, 260, 720);
INSERT INTO ITEMPED VALUES (3239, 22, 159);
INSERT INTO ITEMPED VALUES (3239, 25, 142);
INSERT INTO ITEMPED VALUES (3239, 31, 104);
INSERT INTO PEDIDO VALUES (3240, 20, 390, 240);
INSERT INTO ITEMPED VALUES (3240, 77, 48);
INSERT INTO PEDIDO VALUES (3241, 45, 290, 209);
INSERT INTO ITEMPED VALUES (3241, 45, 117);
INSERT INTO ITEMPED VALUES (3241, 53, 142);
INSERT INTO ITEMPED VALUES (3241, 77, 268);
INSERT INTO ITEMPED VALUES (3241, 78, 39);
INSERT INTO PEDIDO VALUES (3242, 10, 390, 720);
INSERT INTO ITEMPED VALUES (3242, 13, 9);
INSERT INTO ITEMPED VALUES (3242, 22, 78);
INSERT INTO ITEMPED VALUES (3242, 25, 256);
INSERT INTO ITEMPED VALUES (3242, 31, 234);
INSERT INTO ITEMPED VALUES (3242, 45, 261);
INSERT INTO ITEMPED VALUES (3242, 53, 278);
INSERT INTO PEDIDO VALUES (3243, 30, 110, 240);
INSERT INTO ITEMPED VALUES (3243, 45, 262);
INSERT INTO ITEMPED VALUES (3243, 53, 113);
INSERT INTO ITEMPED VALUES (3243, 77, 236);
INSERT INTO PEDIDO VALUES (3244, 45, 720, 209);
INSERT INTO ITEMPED VALUES (3244, 31, 68);
INSERT INTO ITEMPED VALUES (3244, 45, 23);
INSERT INTO ITEMPED VALUES (3244, 53, 79);
INSERT INTO ITEMPED VALUES (3244, 77, 274);
INSERT INTO ITEMPED VALUES (3244, 78, 154);
INSERT INTO ITEMPED VALUES (3244, 13, 207);
INSERT INTO PEDIDO VALUES (3245, 30, 180, 111);
INSERT INTO ITEMPED VALUES (3245, 45, 55);
INSERT INTO ITEMPED VALUES (3245, 53, 118);
INSERT INTO ITEMPED VALUES (3245, 77, 104);
INSERT INTO ITEMPED VALUES (3245, 78, 229);
INSERT INTO ITEMPED VALUES (3245, 13, 258);
INSERT INTO ITEMPED VALUES (3245, 22, 235);
INSERT INTO PEDIDO VALUES (3246, 60, 390, 250);
INSERT INTO ITEMPED VALUES (3246, 78, 42);
INSERT INTO ITEMPED VALUES (3246, 13, 138);
INSERT INTO ITEMPED VALUES (3246, 22, 34);
INSERT INTO ITEMPED VALUES (3246, 25, 25);
INSERT INTO PEDIDO VALUES (3247, 10, 830, 209);
INSERT INTO ITEMPED VALUES (3247, 31, 75);
INSERT INTO ITEMPED VALUES (3247, 45, 269);
INSERT INTO ITEMPED VALUES (3247, 53, 81);
INSERT INTO ITEMPED VALUES (3247, 77, 99);
INSERT INTO ITEMPED VALUES (3247, 78, 202);
INSERT INTO ITEMPED VALUES (3247, 13, 197);
INSERT INTO PEDIDO VALUES (3248, 45, 390, 213);
INSERT INTO ITEMPED VALUES (3248, 13, 212);
INSERT INTO ITEMPED VALUES (3248, 22, 11);
INSERT INTO ITEMPED VALUES (3248, 25, 11);
INSERT INTO PEDIDO VALUES (3249, 60, 110, 209);
INSERT INTO ITEMPED VALUES (3249, 22, 40);
INSERT INTO ITEMPED VALUES (3249, 25, 66);
INSERT INTO ITEMPED VALUES (3249, 31, 3);
INSERT INTO ITEMPED VALUES (3249, 45, 269);
INSERT INTO PEDIDO VALUES (3250, 45, 390, 310);
INSERT INTO ITEMPED VALUES (3250, 78, 87);
INSERT INTO ITEMPED VALUES (3250, 13, 175);
INSERT INTO ITEMPED VALUES (3250, 22, 8);
INSERT INTO ITEMPED VALUES (3250, 25, 189);
INSERT INTO ITEMPED VALUES (3250, 31, 125);
INSERT INTO ITEMPED VALUES (3250, 45, 300);
INSERT INTO PEDIDO VALUES (3251, 30, 720, 250);
INSERT INTO ITEMPED VALUES (3251, 31, 108);
INSERT INTO PEDIDO VALUES (3252, 20, 110, 111);
INSERT INTO ITEMPED VALUES (3252, 53, 32);
INSERT INTO PEDIDO VALUES (3253, 30, 390, 11);
INSERT INTO ITEMPED VALUES (3253, 77, 83);
INSERT INTO ITEMPED VALUES (3253, 78, 136);
INSERT INTO ITEMPED VALUES (3253, 13, 239);
INSERT INTO ITEMPED VALUES (3253, 22, 190);
INSERT INTO ITEMPED VALUES (3253, 25, 232);
INSERT INTO PEDIDO VALUES (3254, 45, 870, 240);
INSERT INTO ITEMPED VALUES (3254, 22, 291);
INSERT INTO PEDIDO VALUES (3255, 30, 20, 213);
INSERT INTO ITEMPED VALUES (3255, 78, 72);
INSERT INTO ITEMPED VALUES (3255, 13, 134);
INSERT INTO ITEMPED VALUES (3255, 22, 302);
INSERT INTO ITEMPED VALUES (3255, 25, 254);
INSERT INTO ITEMPED VALUES (3255, 31, 206);
INSERT INTO PEDIDO VALUES (3256, 45, 290, 209);
INSERT INTO ITEMPED VALUES (3256, 53, 48);
INSERT INTO ITEMPED VALUES (3256, 77, 170);
INSERT INTO PEDIDO VALUES (3257, 30, 390, 310);
INSERT INTO ITEMPED VALUES (3257, 22, 284);
INSERT INTO ITEMPED VALUES (3257, 25, 292);
INSERT INTO ITEMPED VALUES (3257, 31, 105);
INSERT INTO PEDIDO VALUES (3258, 10, 180, 250);
INSERT INTO ITEMPED VALUES (3258, 78, 104);
INSERT INTO ITEMPED VALUES (3258, 13, 287);
INSERT INTO ITEMPED VALUES (3258, 22, 155);
INSERT INTO ITEMPED VALUES (3258, 25, 284);
INSERT INTO ITEMPED VALUES (3258, 31, 52);
INSERT INTO ITEMPED VALUES (3258, 45, 134);
INSERT INTO PEDIDO VALUES (3259, 20, 870, 101);
INSERT INTO ITEMPED VALUES (3259, 13, 30);
INSERT INTO ITEMPED VALUES (3259, 22, 167);
INSERT INTO ITEMPED VALUES (3259, 25, 139);
INSERT INTO ITEMPED VALUES (3259, 31, 164);
INSERT INTO PEDIDO VALUES (3260, 10, 871, 250);
INSERT INTO ITEMPED VALUES (3260, 31, 255);
INSERT INTO ITEMPED VALUES (3260, 45, 99);
INSERT INTO ITEMPED VALUES (3260, 53, 266);
INSERT INTO ITEMPED VALUES (3260, 77, 150);
INSERT INTO PEDIDO VALUES (3261, 60, 390, 240);
INSERT INTO ITEMPED VALUES (3261, 45, 194);
INSERT INTO ITEMPED VALUES (3261, 53, 227);
INSERT INTO ITEMPED VALUES (3261, 77, 198);
INSERT INTO ITEMPED VALUES (3261, 78, 86);
INSERT INTO ITEMPED VALUES (3261, 13, 294);
INSERT INTO ITEMPED VALUES (3261, 22, 236);
INSERT INTO PEDIDO VALUES (3262, 10, 871, 720);
INSERT INTO ITEMPED VALUES (3262, 13, 176);
INSERT INTO ITEMPED VALUES (3262, 22, 181);
INSERT INTO ITEMPED VALUES (3262, 25, 25);
INSERT INTO PEDIDO VALUES (3263, 45, 830, 209);
INSERT INTO ITEMPED VALUES (3263, 78, 45);
INSERT INTO PEDIDO VALUES (3264, 30, 290, 11);
INSERT INTO ITEMPED VALUES (3264, 22, 260);
INSERT INTO ITEMPED VALUES (3264, 25, 53);
INSERT INTO ITEMPED VALUES (3264, 31, 104);
INSERT INTO ITEMPED VALUES (3264, 45, 58);
INSERT INTO PEDIDO VALUES (3265, 20, 390, 213);
INSERT INTO ITEMPED VALUES (3265, 13, 109);
INSERT INTO ITEMPED VALUES (3265, 22, 49);
INSERT INTO ITEMPED VALUES (3265, 25, 284);
INSERT INTO ITEMPED VALUES (3265, 31, 177);
INSERT INTO PEDIDO VALUES (3266, 30, 870, 310);
INSERT INTO ITEMPED VALUES (3266, 45, 148);
INSERT INTO ITEMPED VALUES (3266, 53, 228);
INSERT INTO ITEMPED VALUES (3266, 77, 118);
INSERT INTO ITEMPED VALUES (3266, 78, 152);
INSERT INTO ITEMPED VALUES (3266, 13, 150);
INSERT INTO PEDIDO VALUES (3267, 20, 871, 213);
INSERT INTO ITEMPED VALUES (3267, 13, 7);
INSERT INTO ITEMPED VALUES (3267, 22, 260);
INSERT INTO ITEMPED VALUES (3267, 25, 134);
INSERT INTO ITEMPED VALUES (3267, 31, 286);
INSERT INTO ITEMPED VALUES (3267, 45, 14);
INSERT INTO PEDIDO VALUES (3268, 60, 110, 111);
INSERT INTO ITEMPED VALUES (3268, 31, 135);
INSERT INTO ITEMPED VALUES (3268, 45, 47);
INSERT INTO ITEMPED VALUES (3268, 53, 112);
INSERT INTO ITEMPED VALUES (3268, 77, 256);
INSERT INTO ITEMPED VALUES (3268, 78, 203);
INSERT INTO PEDIDO VALUES (3269, 10, 180, 240);
INSERT INTO ITEMPED VALUES (3269, 22, 9);
INSERT INTO ITEMPED VALUES (3269, 25, 129);
INSERT INTO ITEMPED VALUES (3269, 31, 220);
INSERT INTO ITEMPED VALUES (3269, 45, 79);
INSERT INTO PEDIDO VALUES (3270, 30, 110, 11);
INSERT INTO ITEMPED VALUES (3270, 31, 231);
INSERT INTO ITEMPED VALUES (3270, 45, 89);
INSERT INTO PEDIDO VALUES (3271, 20, 870, 240);
INSERT INTO ITEMPED VALUES (3271, 13, 236);
INSERT INTO ITEMPED VALUES (3271, 22, 31);
INSERT INTO ITEMPED VALUES (3271, 25, 63);
INSERT INTO ITEMPED VALUES (3271, 31, 181);
INSERT INTO ITEMPED VALUES (3271, 45, 177);
INSERT INTO ITEMPED VALUES (3271, 53, 253);
INSERT INTO PEDIDO VALUES (3272, 60, 180, 720);
INSERT INTO ITEMPED VALUES (3272, 31, 137);
INSERT INTO ITEMPED VALUES (3272, 45, 273);
INSERT INTO ITEMPED VALUES (3272, 53, 280);
INSERT INTO ITEMPED VALUES (3272, 77, 190);
INSERT INTO PEDIDO VALUES (3273, 20, 830, 101);
INSERT INTO ITEMPED VALUES (3273, 78, 34);
INSERT INTO ITEMPED VALUES (3273, 13, 170);
INSERT INTO ITEMPED VALUES (3273, 22, 93);
INSERT INTO PEDIDO VALUES (3274, 10, 260, 240);
INSERT INTO ITEMPED VALUES (3274, 77, 236);
INSERT INTO ITEMPED VALUES (3274, 78, 221);
INSERT INTO ITEMPED VALUES (3274, 13, 74);
INSERT INTO ITEMPED VALUES (3274, 22, 287);
INSERT INTO PEDIDO VALUES (3275, 30, 830, 111);
INSERT INTO ITEMPED VALUES (3275, 25, 294);
INSERT INTO PEDIDO VALUES (3276, 45, 180, 209);
INSERT INTO ITEMPED VALUES (3276, 22, 288);
INSERT INTO ITEMPED VALUES (3276, 25, 283);
INSERT INTO PEDIDO VALUES (3277, 60, 290, 720);
INSERT INTO ITEMPED VALUES (3277, 25, 94);
INSERT INTO ITEMPED VALUES (3277, 31, 42);
INSERT INTO ITEMPED VALUES (3277, 45, 28);
INSERT INTO ITEMPED VALUES (3277, 53, 259);
INSERT INTO ITEMPED VALUES (3277, 77, 84);
INSERT INTO ITEMPED VALUES (3277, 78, 187);
INSERT INTO PEDIDO VALUES (3278, 20, 870, 213);
INSERT INTO ITEMPED VALUES (3278, 31, 62);
INSERT INTO ITEMPED VALUES (3278, 45, 233);
INSERT INTO PEDIDO VALUES (3279, 45, 260, 240);
INSERT INTO ITEMPED VALUES (3279, 53, 74);
INSERT INTO ITEMPED VALUES (3279, 77, 10);
INSERT INTO ITEMPED VALUES (3279, 78, 276);
INSERT INTO ITEMPED VALUES (3279, 13, 184);
INSERT INTO ITEMPED VALUES (3279, 22, 12);
INSERT INTO PEDIDO VALUES (3280, 60, 830, 213);
INSERT INTO ITEMPED VALUES (3280, 25, 86);
INSERT INTO ITEMPED VALUES (3280, 31, 120);
INSERT INTO PEDIDO VALUES (3281, 30, 260, 240);
INSERT INTO ITEMPED VALUES (3281, 13, 129);
INSERT INTO ITEMPED VALUES (3281, 22, 178);
INSERT INTO ITEMPED VALUES (3281, 25, 44);
INSERT INTO ITEMPED VALUES (3281, 31, 207);
INSERT INTO ITEMPED VALUES (3281, 45, 62);
INSERT INTO PEDIDO VALUES (3282, 60, 830, 310);
INSERT INTO ITEMPED VALUES (3282, 77, 236);
INSERT INTO ITEMPED VALUES (3282, 78, 21);
INSERT INTO PEDIDO VALUES (3283, 20, 260, 240);
INSERT INTO ITEMPED VALUES (3283, 22, 62);
INSERT INTO ITEMPED VALUES (3283, 25, 155);
INSERT INTO ITEMPED VALUES (3283, 31, 282);
INSERT INTO ITEMPED VALUES (3283, 45, 211);
INSERT INTO ITEMPED VALUES (3283, 53, 136);
INSERT INTO PEDIDO VALUES (3284, 30, 390, 111);
INSERT INTO ITEMPED VALUES (3284, 77, 122);
INSERT INTO ITEMPED VALUES (3284, 78, 121);
INSERT INTO ITEMPED VALUES (3284, 13, 172);
INSERT INTO ITEMPED VALUES (3284, 22, 204);
INSERT INTO PEDIDO VALUES (3285, 20, 290, 310);
INSERT INTO ITEMPED VALUES (3285, 78, 91);
INSERT INTO ITEMPED VALUES (3285, 13, 253);
INSERT INTO ITEMPED VALUES (3285, 22, 235);
INSERT INTO ITEMPED VALUES (3285, 25, 194);
INSERT INTO ITEMPED VALUES (3285, 31, 54);
INSERT INTO PEDIDO VALUES (3286, 10, 180, 240);
INSERT INTO ITEMPED VALUES (3286, 22, 115);
INSERT INTO ITEMPED VALUES (3286, 25, 135);
INSERT INTO ITEMPED VALUES (3286, 31, 185);
INSERT INTO ITEMPED VALUES (3286, 45, 151);
INSERT INTO PEDIDO VALUES (3287, 30, 110, 11);
INSERT INTO ITEMPED VALUES (3287, 31, 298);
INSERT INTO ITEMPED VALUES (3287, 45, 110);
INSERT INTO ITEMPED VALUES (3287, 53, 284);
INSERT INTO ITEMPED VALUES (3287, 77, 55);
INSERT INTO ITEMPED VALUES (3287, 78, 291);
INSERT INTO ITEMPED VALUES (3287, 13, 227);
INSERT INTO PEDIDO VALUES (3288, 10, 390, 213);
INSERT INTO ITEMPED VALUES (3288, 77, 130);
INSERT INTO ITEMPED VALUES (3288, 78, 283);
INSERT INTO ITEMPED VALUES (3288, 13, 173);
INSERT INTO PEDIDO VALUES (3289, 30, 720, 209);
INSERT INTO ITEMPED VALUES (3289, 31, 224);
INSERT INTO ITEMPED VALUES (3289, 45, 45);
INSERT INTO PEDIDO VALUES (3290, 10, 871, 250);
INSERT INTO ITEMPED VALUES (3290, 78, 135);
INSERT INTO PEDIDO VALUES (3291, 30, 110, 213);
INSERT INTO ITEMPED VALUES (3291, 53, 169);
INSERT INTO ITEMPED VALUES (3291, 77, 253);
INSERT INTO ITEMPED VALUES (3291, 78, 144);
INSERT INTO ITEMPED VALUES (3291, 13, 225);
INSERT INTO ITEMPED VALUES (3291, 22, 79);
INSERT INTO ITEMPED VALUES (3291, 25, 265);
INSERT INTO PEDIDO VALUES (3292, 20, 871, 240);
INSERT INTO ITEMPED VALUES (3292, 25, 90);
INSERT INTO ITEMPED VALUES (3292, 31, 79);
INSERT INTO ITEMPED VALUES (3292, 45, 264);
INSERT INTO ITEMPED VALUES (3292, 53, 196);
INSERT INTO ITEMPED VALUES (3292, 77, 121);
INSERT INTO ITEMPED VALUES (3292, 78, 298);
INSERT INTO PEDIDO VALUES (3293, 60, 290, 11);
INSERT INTO ITEMPED VALUES (3293, 31, 74);
INSERT INTO ITEMPED VALUES (3293, 45, 228);
INSERT INTO ITEMPED VALUES (3293, 53, 41);
INSERT INTO PEDIDO VALUES (3294, 45, 871, 209);
INSERT INTO ITEMPED VALUES (3294, 13, 27);
INSERT INTO PEDIDO VALUES (3295, 30, 290, 111);
INSERT INTO ITEMPED VALUES (3295, 31, 104);
INSERT INTO ITEMPED VALUES (3295, 45, 57);
INSERT INTO ITEMPED VALUES (3295, 53, 107);
INSERT INTO PEDIDO VALUES (3296, 60, 871, 11);
INSERT INTO ITEMPED VALUES (3296, 77, 31);
INSERT INTO ITEMPED VALUES (3296, 78, 23);
INSERT INTO ITEMPED VALUES (3296, 13, 123);
INSERT INTO ITEMPED VALUES (3296, 22, 72);
INSERT INTO ITEMPED VALUES (3296, 25, 247);
INSERT INTO ITEMPED VALUES (3296, 31, 273);
INSERT INTO PEDIDO VALUES (3297, 30, 720, 213);
INSERT INTO ITEMPED VALUES (3297, 13, 85);
INSERT INTO PEDIDO VALUES (3298, 45, 290, 250);
INSERT INTO ITEMPED VALUES (3298, 25, 289);
INSERT INTO ITEMPED VALUES (3298, 31, 122);
INSERT INTO ITEMPED VALUES (3298, 45, 62);
INSERT INTO ITEMPED VALUES (3298, 53, 90);
INSERT INTO ITEMPED VALUES (3298, 77, 250);
INSERT INTO PEDIDO VALUES (3299, 60, 871, 240);
INSERT INTO ITEMPED VALUES (3299, 78, 300);
INSERT INTO PEDIDO VALUES (3300, 20, 290, 310);
INSERT INTO ITEMPED VALUES (3300, 25, 54);
INSERT INTO ITEMPED VALUES (3300, 31, 184);
INSERT INTO PEDIDO VALUES (3301, 45, 260, 240);
INSERT INTO ITEMPED VALUES (3301, 53, 89);
INSERT INTO ITEMPED VALUES (3301, 77, 54);
INSERT INTO ITEMPED VALUES (3301, 78, 166);
INSERT INTO ITEMPED VALUES (3301, 13, 258);
INSERT INTO PEDIDO VALUES (3302, 10, 290, 250);
INSERT INTO ITEMPED VALUES (3302, 25, 151);
INSERT INTO PEDIDO VALUES (3303, 20, 720, 111);
INSERT INTO ITEMPED VALUES (3303, 31, 156);
INSERT INTO ITEMPED VALUES (3303, 45, 89);
INSERT INTO ITEMPED VALUES (3303, 53, 209);
INSERT INTO ITEMPED VALUES (3303, 77, 57);
INSERT INTO PEDIDO VALUES (3304, 10, 410, 213);
INSERT INTO ITEMPED VALUES (3304, 78, 133);
INSERT INTO PEDIDO VALUES (3305, 20, 390, 11);
INSERT INTO ITEMPED VALUES (3305, 13, 142);
INSERT INTO PEDIDO VALUES (3306, 45, 410, 720);
INSERT INTO ITEMPED VALUES (3306, 31, 218);
INSERT INTO ITEMPED VALUES (3306, 45, 122);
INSERT INTO ITEMPED VALUES (3306, 53, 135);
INSERT INTO PEDIDO VALUES (3307, 10, 720, 209);
INSERT INTO ITEMPED VALUES (3307, 77, 159);
INSERT INTO PEDIDO VALUES (3308, 20, 870, 240);
INSERT INTO ITEMPED VALUES (3308, 53, 278);
INSERT INTO ITEMPED VALUES (3308, 77, 17);
INSERT INTO ITEMPED VALUES (3308, 78, 176);
INSERT INTO ITEMPED VALUES (3308, 13, 125);
INSERT INTO ITEMPED VALUES (3308, 22, 181);
INSERT INTO PEDIDO VALUES (3309, 45, 871, 250);
INSERT INTO ITEMPED VALUES (3309, 77, 266);
INSERT INTO ITEMPED VALUES (3309, 78, 148);
INSERT INTO ITEMPED VALUES (3309, 13, 243);
INSERT INTO ITEMPED VALUES (3309, 22, 168);
INSERT INTO ITEMPED VALUES (3309, 25, 159);
INSERT INTO PEDIDO VALUES (3310, 10, 180, 111);
INSERT INTO ITEMPED VALUES (3310, 45, 150);
INSERT INTO ITEMPED VALUES (3310, 53, 161);
INSERT INTO ITEMPED VALUES (3310, 77, 117);
INSERT INTO ITEMPED VALUES (3310, 78, 85);
INSERT INTO ITEMPED VALUES (3310, 13, 166);
INSERT INTO ITEMPED VALUES (3310, 22, 94);
INSERT INTO PEDIDO VALUES (3311, 60, 871, 720);
INSERT INTO ITEMPED VALUES (3311, 13, 6);
INSERT INTO PEDIDO VALUES (3312, 45, 110, 101);
INSERT INTO ITEMPED VALUES (3312, 78, 70);
INSERT INTO ITEMPED VALUES (3312, 13, 111);
INSERT INTO ITEMPED VALUES (3312, 22, 300);
INSERT INTO ITEMPED VALUES (3312, 25, 214);
INSERT INTO ITEMPED VALUES (3312, 31, 106);
INSERT INTO ITEMPED VALUES (3312, 45, 137);
INSERT INTO PEDIDO VALUES (3313, 10, 830, 240);
INSERT INTO ITEMPED VALUES (3313, 22, 263);
INSERT INTO ITEMPED VALUES (3313, 25, 302);
INSERT INTO PEDIDO VALUES (3314, 30, 20, 720);
INSERT INTO ITEMPED VALUES (3314, 13, 202);
INSERT INTO ITEMPED VALUES (3314, 22, 158);
INSERT INTO ITEMPED VALUES (3314, 25, 220);
INSERT INTO ITEMPED VALUES (3314, 31, 68);
INSERT INTO ITEMPED VALUES (3314, 45, 116);
INSERT INTO PEDIDO VALUES (3315, 60, 870, 250);
INSERT INTO ITEMPED VALUES (3315, 22, 158);
INSERT INTO ITEMPED VALUES (3315, 25, 300);
INSERT INTO PEDIDO VALUES (3316, 30, 290, 240);
INSERT INTO ITEMPED VALUES (3316, 53, 7);
INSERT INTO ITEMPED VALUES (3316, 77, 179);
INSERT INTO ITEMPED VALUES (3316, 78, 122);
INSERT INTO ITEMPED VALUES (3316, 13, 63);
INSERT INTO ITEMPED VALUES (3316, 22, 76);
INSERT INTO PEDIDO VALUES (3317, 10, 410, 720);
INSERT INTO ITEMPED VALUES (3317, 77, 120);
INSERT INTO ITEMPED VALUES (3317, 78, 204);
INSERT INTO ITEMPED VALUES (3317, 13, 287);
INSERT INTO ITEMPED VALUES (3317, 22, 131);
INSERT INTO PEDIDO VALUES (3318, 30, 871, 310);
INSERT INTO ITEMPED VALUES (3318, 13, 185);
INSERT INTO ITEMPED VALUES (3318, 22, 221);
INSERT INTO ITEMPED VALUES (3318, 25, 65);
INSERT INTO ITEMPED VALUES (3318, 31, 194);
INSERT INTO PEDIDO VALUES (3319, 20, 180, 101);
INSERT INTO ITEMPED VALUES (3319, 31, 8);
INSERT INTO ITEMPED VALUES (3319, 45, 87);
INSERT INTO ITEMPED VALUES (3319, 53, 87);
INSERT INTO ITEMPED VALUES (3319, 77, 293);
INSERT INTO ITEMPED VALUES (3319, 78, 190);
INSERT INTO ITEMPED VALUES (3319, 13, 170);
INSERT INTO PEDIDO VALUES (3320, 60, 830, 310);
INSERT INTO ITEMPED VALUES (3320, 13, 109);
INSERT INTO ITEMPED VALUES (3320, 22, 202);
INSERT INTO ITEMPED VALUES (3320, 25, 294);
INSERT INTO ITEMPED VALUES (3320, 31, 18);
INSERT INTO PEDIDO VALUES (3321, 30, 180, 240);
INSERT INTO ITEMPED VALUES (3321, 78, 271);
INSERT INTO ITEMPED VALUES (3321, 13, 28);
INSERT INTO PEDIDO VALUES (3322, 20, 871, 213);
INSERT INTO ITEMPED VALUES (3322, 31, 17);
INSERT INTO ITEMPED VALUES (3322, 45, 146);
INSERT INTO ITEMPED VALUES (3322, 53, 208);
INSERT INTO PEDIDO VALUES (3323, 60, 260, 111);
INSERT INTO ITEMPED VALUES (3323, 77, 173);
INSERT INTO ITEMPED VALUES (3323, 78, 108);
INSERT INTO ITEMPED VALUES (3323, 13, 182);
INSERT INTO ITEMPED VALUES (3323, 22, 204);
INSERT INTO PEDIDO VALUES (3324, 10, 110, 250);
INSERT INTO ITEMPED VALUES (3324, 78, 90);
INSERT INTO ITEMPED VALUES (3324, 13, 23);
INSERT INTO PEDIDO VALUES (3325, 45, 830, 111);
INSERT INTO ITEMPED VALUES (3325, 25, 153);
INSERT INTO ITEMPED VALUES (3325, 31, 286);
INSERT INTO ITEMPED VALUES (3325, 45, 193);
INSERT INTO ITEMPED VALUES (3325, 53, 108);
INSERT INTO ITEMPED VALUES (3325, 77, 297);
INSERT INTO ITEMPED VALUES (3325, 78, 216);
INSERT INTO PEDIDO VALUES (3326, 10, 180, 213);
INSERT INTO ITEMPED VALUES (3326, 13, 290);
INSERT INTO ITEMPED VALUES (3326, 22, 50);
INSERT INTO ITEMPED VALUES (3326, 25, 292);
INSERT INTO PEDIDO VALUES (3327, 60, 260, 250);
INSERT INTO ITEMPED VALUES (3327, 77, 54);
INSERT INTO ITEMPED VALUES (3327, 78, 171);
INSERT INTO ITEMPED VALUES (3327, 13, 173);
INSERT INTO ITEMPED VALUES (3327, 22, 45);
INSERT INTO PEDIDO VALUES (3328, 45, 871, 720);
INSERT INTO ITEMPED VALUES (3328, 53, 207);
INSERT INTO ITEMPED VALUES (3328, 77, 76);
INSERT INTO ITEMPED VALUES (3328, 78, 226);
INSERT INTO PEDIDO VALUES (3329, 10, 870, 310);
INSERT INTO ITEMPED VALUES (3329, 31, 38);
INSERT INTO ITEMPED VALUES (3329, 45, 68);
INSERT INTO ITEMPED VALUES (3329, 53, 12);
INSERT INTO ITEMPED VALUES (3329, 77, 136);
INSERT INTO PEDIDO VALUES (3330, 60, 180, 250);
INSERT INTO ITEMPED VALUES (3330, 13, 200);
INSERT INTO ITEMPED VALUES (3330, 22, 257);
INSERT INTO ITEMPED VALUES (3330, 25, 158);
INSERT INTO ITEMPED VALUES (3330, 31, 94);
INSERT INTO ITEMPED VALUES (3330, 45, 239);
INSERT INTO ITEMPED VALUES (3330, 53, 187);
INSERT INTO PEDIDO VALUES (3331, 30, 720, 11);
INSERT INTO ITEMPED VALUES (3331, 53, 83);
INSERT INTO ITEMPED VALUES (3331, 77, 236);
INSERT INTO ITEMPED VALUES (3331, 78, 198);
INSERT INTO ITEMPED VALUES (3331, 13, 206);
INSERT INTO PEDIDO VALUES (3332, 20, 390, 209);
INSERT INTO ITEMPED VALUES (3332, 13, 139);
INSERT INTO ITEMPED VALUES (3332, 22, 86);
INSERT INTO ITEMPED VALUES (3332, 25, 136);
INSERT INTO ITEMPED VALUES (3332, 31, 112);
INSERT INTO PEDIDO VALUES (3333, 30, 871, 240);
INSERT INTO ITEMPED VALUES (3333, 22, 51);
INSERT INTO ITEMPED VALUES (3333, 25, 178);
INSERT INTO ITEMPED VALUES (3333, 31, 163);
INSERT INTO PEDIDO VALUES (3334, 60, 110, 213);
INSERT INTO ITEMPED VALUES (3334, 53, 119);
INSERT INTO ITEMPED VALUES (3334, 77, 31);
INSERT INTO PEDIDO VALUES (3335, 10, 720, 250);
INSERT INTO ITEMPED VALUES (3335, 13, 71);
INSERT INTO ITEMPED VALUES (3335, 22, 110);
INSERT INTO PEDIDO VALUES (3336, 20, 110, 209);
INSERT INTO ITEMPED VALUES (3336, 22, 40);
INSERT INTO PEDIDO VALUES (3337, 60, 20, 720);
INSERT INTO ITEMPED VALUES (3337, 45, 244);
INSERT INTO ITEMPED VALUES (3337, 53, 264);
INSERT INTO ITEMPED VALUES (3337, 77, 273);
INSERT INTO ITEMPED VALUES (3337, 78, 55);
INSERT INTO PEDIDO VALUES (3338, 20, 870, 101);
INSERT INTO ITEMPED VALUES (3338, 22, 182);
INSERT INTO ITEMPED VALUES (3338, 25, 113);
INSERT INTO PEDIDO VALUES (3339, 10, 390, 209);
INSERT INTO ITEMPED VALUES (3339, 45, 240);
INSERT INTO PEDIDO VALUES (3340, 45, 830, 250);
INSERT INTO ITEMPED VALUES (3340, 78, 10);
INSERT INTO ITEMPED VALUES (3340, 13, 289);
INSERT INTO PEDIDO VALUES (3341, 10, 871, 720);
INSERT INTO ITEMPED VALUES (3341, 77, 29);
INSERT INTO ITEMPED VALUES (3341, 78, 224);
INSERT INTO ITEMPED VALUES (3341, 13, 278);
INSERT INTO PEDIDO VALUES (3342, 45, 410, 213);
INSERT INTO ITEMPED VALUES (3342, 31, 87);
INSERT INTO ITEMPED VALUES (3342, 45, 252);
INSERT INTO ITEMPED VALUES (3342, 53, 300);
INSERT INTO ITEMPED VALUES (3342, 77, 79);
INSERT INTO ITEMPED VALUES (3342, 78, 8);
INSERT INTO ITEMPED VALUES (3342, 13, 232);
INSERT INTO PEDIDO VALUES (3343, 10, 390, 310);
INSERT INTO ITEMPED VALUES (3343, 13, 82);
INSERT INTO ITEMPED VALUES (3343, 22, 273);
INSERT INTO ITEMPED VALUES (3343, 25, 138);
INSERT INTO ITEMPED VALUES (3343, 31, 196);
INSERT INTO ITEMPED VALUES (3343, 45, 50);
INSERT INTO ITEMPED VALUES (3343, 53, 7);
INSERT INTO PEDIDO VALUES (3344, 20, 720, 101);
INSERT INTO ITEMPED VALUES (3344, 31, 61);
INSERT INTO ITEMPED VALUES (3344, 45, 145);
INSERT INTO ITEMPED VALUES (3344, 53, 291);
INSERT INTO ITEMPED VALUES (3344, 77, 34);
INSERT INTO PEDIDO VALUES (3345, 10, 410, 209);
INSERT INTO ITEMPED VALUES (3345, 22, 142);
INSERT INTO PEDIDO VALUES (3346, 30, 870, 111);
INSERT INTO ITEMPED VALUES (3346, 78, 144);
INSERT INTO ITEMPED VALUES (3346, 13, 252);
INSERT INTO ITEMPED VALUES (3346, 22, 114);
INSERT INTO ITEMPED VALUES (3346, 25, 73);
INSERT INTO PEDIDO VALUES (3347, 45, 830, 213);
INSERT INTO ITEMPED VALUES (3347, 45, 288);
INSERT INTO PEDIDO VALUES (3348, 20, 110, 11);
INSERT INTO ITEMPED VALUES (3348, 31, 81);
INSERT INTO ITEMPED VALUES (3348, 45, 177);
INSERT INTO ITEMPED VALUES (3348, 53, 21);
INSERT INTO ITEMPED VALUES (3348, 77, 12);
INSERT INTO PEDIDO VALUES (3349, 10, 290, 240);
INSERT INTO ITEMPED VALUES (3349, 77, 223);
INSERT INTO ITEMPED VALUES (3349, 78, 285);
INSERT INTO ITEMPED VALUES (3349, 13, 294);
INSERT INTO ITEMPED VALUES (3349, 22, 53);
INSERT INTO ITEMPED VALUES (3349, 25, 42);
INSERT INTO ITEMPED VALUES (3349, 31, 258);
INSERT INTO PEDIDO VALUES (3350, 60, 871, 209);
INSERT INTO ITEMPED VALUES (3350, 31, 120);
INSERT INTO ITEMPED VALUES (3350, 45, 39);
INSERT INTO ITEMPED VALUES (3350, 53, 255);
INSERT INTO ITEMPED VALUES (3350, 77, 296);
INSERT INTO ITEMPED VALUES (3350, 78, 193);
INSERT INTO PEDIDO VALUES (3351, 20, 870, 240);
INSERT INTO ITEMPED VALUES (3351, 77, 24);
INSERT INTO PEDIDO VALUES (3352, 60, 110, 213);
INSERT INTO ITEMPED VALUES (3352, 13, 30);
INSERT INTO PEDIDO VALUES (3353, 10, 410, 240);
INSERT INTO ITEMPED VALUES (3353, 22, 253);
INSERT INTO ITEMPED VALUES (3353, 25, 263);
INSERT INTO PEDIDO VALUES (3354, 45, 871, 213);
INSERT INTO ITEMPED VALUES (3354, 45, 297);
INSERT INTO ITEMPED VALUES (3354, 53, 47);
INSERT INTO ITEMPED VALUES (3354, 77, 166);
INSERT INTO ITEMPED VALUES (3354, 78, 171);
INSERT INTO PEDIDO VALUES (3355, 20, 180, 111);
INSERT INTO ITEMPED VALUES (3355, 22, 279);
INSERT INTO ITEMPED VALUES (3355, 25, 24);
INSERT INTO ITEMPED VALUES (3355, 31, 211);
INSERT INTO ITEMPED VALUES (3355, 45, 298);
INSERT INTO PEDIDO VALUES (3356, 45, 290, 310);
INSERT INTO ITEMPED VALUES (3356, 31, 271);
INSERT INTO PEDIDO VALUES (3357, 30, 110, 11);
INSERT INTO ITEMPED VALUES (3357, 78, 115);
INSERT INTO ITEMPED VALUES (3357, 13, 188);
INSERT INTO ITEMPED VALUES (3357, 22, 301);
INSERT INTO ITEMPED VALUES (3357, 25, 4);
INSERT INTO PEDIDO VALUES (3358, 45, 830, 720);
INSERT INTO ITEMPED VALUES (3358, 45, 294);
INSERT INTO ITEMPED VALUES (3358, 53, 33);
INSERT INTO ITEMPED VALUES (3358, 77, 201);
INSERT INTO ITEMPED VALUES (3358, 78, 144);
INSERT INTO ITEMPED VALUES (3358, 13, 130);
INSERT INTO ITEMPED VALUES (3358, 22, 215);
INSERT INTO PEDIDO VALUES (3359, 60, 110, 209);
INSERT INTO ITEMPED VALUES (3359, 77, 38);
INSERT INTO ITEMPED VALUES (3359, 78, 105);
INSERT INTO ITEMPED VALUES (3359, 13, 107);
INSERT INTO ITEMPED VALUES (3359, 22, 58);
INSERT INTO ITEMPED VALUES (3359, 25, 46);
INSERT INTO PEDIDO VALUES (3360, 20, 870, 310);
INSERT INTO ITEMPED VALUES (3360, 25, 47);
INSERT INTO ITEMPED VALUES (3360, 31, 249);
INSERT INTO ITEMPED VALUES (3360, 45, 240);
INSERT INTO PEDIDO VALUES (3361, 45, 390, 240);
INSERT INTO ITEMPED VALUES (3361, 31, 51);
INSERT INTO ITEMPED VALUES (3361, 45, 238);
INSERT INTO ITEMPED VALUES (3361, 53, 187);
INSERT INTO ITEMPED VALUES (3361, 77, 240);
INSERT INTO ITEMPED VALUES (3361, 78, 14);
INSERT INTO ITEMPED VALUES (3361, 13, 240);
INSERT INTO PEDIDO VALUES (3362, 10, 20, 310);
INSERT INTO ITEMPED VALUES (3362, 53, 132);
INSERT INTO ITEMPED VALUES (3362, 77, 176);
INSERT INTO ITEMPED VALUES (3362, 78, 157);
INSERT INTO PEDIDO VALUES (3363, 45, 180, 111);
INSERT INTO ITEMPED VALUES (3363, 22, 10);
INSERT INTO ITEMPED VALUES (3363, 25, 266);
INSERT INTO PEDIDO VALUES (3364, 60, 720, 11);
INSERT INTO ITEMPED VALUES (3364, 78, 268);
INSERT INTO ITEMPED VALUES (3364, 13, 160);
INSERT INTO ITEMPED VALUES (3364, 22, 7);
INSERT INTO PEDIDO VALUES (3365, 45, 830, 209);
INSERT INTO ITEMPED VALUES (3365, 77, 249);
INSERT INTO PEDIDO VALUES (3366, 20, 180, 240);
INSERT INTO ITEMPED VALUES (3366, 45, 112);
INSERT INTO PEDIDO VALUES (3367, 45, 20, 250);
INSERT INTO ITEMPED VALUES (3367, 22, 113);
INSERT INTO ITEMPED VALUES (3367, 25, 45);
INSERT INTO ITEMPED VALUES (3367, 31, 52);
INSERT INTO ITEMPED VALUES (3367, 45, 260);
INSERT INTO ITEMPED VALUES (3367, 53, 179);
INSERT INTO ITEMPED VALUES (3367, 77, 159);
INSERT INTO PEDIDO VALUES (3368, 60, 410, 11);
INSERT INTO ITEMPED VALUES (3368, 77, 287);
INSERT INTO ITEMPED VALUES (3368, 78, 168);
INSERT INTO ITEMPED VALUES (3368, 13, 122);
INSERT INTO ITEMPED VALUES (3368, 22, 161);
INSERT INTO ITEMPED VALUES (3368, 25, 198);
INSERT INTO ITEMPED VALUES (3368, 31, 105);
INSERT INTO PEDIDO VALUES (3369, 30, 290, 111);
INSERT INTO ITEMPED VALUES (3369, 13, 110);
INSERT INTO ITEMPED VALUES (3369, 22, 153);
INSERT INTO ITEMPED VALUES (3369, 25, 71);
INSERT INTO ITEMPED VALUES (3369, 31, 223);
INSERT INTO ITEMPED VALUES (3369, 45, 110);
INSERT INTO PEDIDO VALUES (3370, 60, 180, 250);
INSERT INTO ITEMPED VALUES (3370, 25, 271);
INSERT INTO PEDIDO VALUES (3371, 20, 290, 101);
INSERT INTO ITEMPED VALUES (3371, 45, 197);
INSERT INTO ITEMPED VALUES (3371, 53, 174);
INSERT INTO ITEMPED VALUES (3371, 77, 127);
INSERT INTO ITEMPED VALUES (3371, 78, 136);
INSERT INTO ITEMPED VALUES (3371, 13, 49);
INSERT INTO PEDIDO VALUES (3372, 10, 390, 11);
INSERT INTO ITEMPED VALUES (3372, 22, 81);
INSERT INTO PEDIDO VALUES (3373, 60, 110, 310);
INSERT INTO ITEMPED VALUES (3373, 78, 133);
INSERT INTO ITEMPED VALUES (3373, 13, 153);
INSERT INTO ITEMPED VALUES (3373, 22, 91);
INSERT INTO PEDIDO VALUES (3374, 45, 830, 209);
INSERT INTO ITEMPED VALUES (3374, 77, 13);
INSERT INTO ITEMPED VALUES (3374, 78, 268);
INSERT INTO ITEMPED VALUES (3374, 13, 93);
INSERT INTO ITEMPED VALUES (3374, 22, 197);
INSERT INTO ITEMPED VALUES (3374, 25, 240);
INSERT INTO PEDIDO VALUES (3375, 60, 20, 310);
INSERT INTO ITEMPED VALUES (3375, 45, 161);
INSERT INTO ITEMPED VALUES (3375, 53, 82);
INSERT INTO ITEMPED VALUES (3375, 77, 98);
INSERT INTO PEDIDO VALUES (3376, 20, 110, 209);
INSERT INTO ITEMPED VALUES (3376, 13, 196);
INSERT INTO ITEMPED VALUES (3376, 22, 257);
INSERT INTO ITEMPED VALUES (3376, 25, 16);
INSERT INTO ITEMPED VALUES (3376, 31, 123);
INSERT INTO PEDIDO VALUES (3377, 10, 260, 101);
INSERT INTO ITEMPED VALUES (3377, 77, 166);
INSERT INTO ITEMPED VALUES (3377, 78, 100);
INSERT INTO ITEMPED VALUES (3377, 13, 274);
INSERT INTO PEDIDO VALUES (3378, 60, 871, 213);
INSERT INTO ITEMPED VALUES (3378, 53, 98);
INSERT INTO ITEMPED VALUES (3378, 77, 65);
INSERT INTO PEDIDO VALUES (3379, 30, 290, 310);
INSERT INTO ITEMPED VALUES (3379, 31, 215);
INSERT INTO ITEMPED VALUES (3379, 45, 230);
INSERT INTO ITEMPED VALUES (3379, 53, 88);
INSERT INTO PEDIDO VALUES (3380, 45, 260, 11);
INSERT INTO ITEMPED VALUES (3380, 77, 281);
INSERT INTO ITEMPED VALUES (3380, 78, 289);
INSERT INTO ITEMPED VALUES (3380, 13, 177);
INSERT INTO PEDIDO VALUES (3381, 60, 830, 250);
INSERT INTO ITEMPED VALUES (3381, 78, 196);
INSERT INTO PEDIDO VALUES (3382, 20, 20, 213);
INSERT INTO ITEMPED VALUES (3382, 77, 142);
INSERT INTO ITEMPED VALUES (3382, 78, 270);
INSERT INTO ITEMPED VALUES (3382, 13, 114);
INSERT INTO ITEMPED VALUES (3382, 22, 91);
INSERT INTO PEDIDO VALUES (3383, 60, 290, 111);
INSERT INTO ITEMPED VALUES (3383, 31, 98);
INSERT INTO ITEMPED VALUES (3383, 45, 290);
INSERT INTO PEDIDO VALUES (3384, 10, 110, 213);
INSERT INTO ITEMPED VALUES (3384, 77, 260);
INSERT INTO ITEMPED VALUES (3384, 78, 185);
INSERT INTO ITEMPED VALUES (3384, 13, 39);
INSERT INTO ITEMPED VALUES (3384, 22, 269);
INSERT INTO ITEMPED VALUES (3384, 25, 294);
INSERT INTO PEDIDO VALUES (3385, 30, 870, 310);
INSERT INTO ITEMPED VALUES (3385, 78, 191);
INSERT INTO ITEMPED VALUES (3385, 13, 116);
INSERT INTO ITEMPED VALUES (3385, 22, 204);
INSERT INTO PEDIDO VALUES (3386, 45, 260, 240);
INSERT INTO ITEMPED VALUES (3386, 13, 151);
INSERT INTO ITEMPED VALUES (3386, 22, 201);
INSERT INTO ITEMPED VALUES (3386, 25, 10);
INSERT INTO ITEMPED VALUES (3386, 31, 76);
INSERT INTO ITEMPED VALUES (3386, 45, 227);
INSERT INTO PEDIDO VALUES (3387, 20, 390, 209);
INSERT INTO ITEMPED VALUES (3387, 31, 13);
INSERT INTO PEDIDO VALUES (3388, 45, 20, 310);
INSERT INTO ITEMPED VALUES (3388, 77, 246);
INSERT INTO ITEMPED VALUES (3388, 78, 290);
INSERT INTO ITEMPED VALUES (3388, 13, 167);
INSERT INTO PEDIDO VALUES (3389, 20, 870, 101);
INSERT INTO ITEMPED VALUES (3389, 53, 126);
INSERT INTO ITEMPED VALUES (3389, 77, 164);
INSERT INTO ITEMPED VALUES (3389, 78, 85);
INSERT INTO ITEMPED VALUES (3389, 13, 194);
INSERT INTO ITEMPED VALUES (3389, 22, 85);
INSERT INTO PEDIDO VALUES (3390, 30, 110, 310);
INSERT INTO ITEMPED VALUES (3390, 45, 118);
INSERT INTO PEDIDO VALUES (3391, 20, 290, 111);
INSERT INTO ITEMPED VALUES (3391, 25, 193);
INSERT INTO ITEMPED VALUES (3391, 31, 147);
INSERT INTO PEDIDO VALUES (3392, 10, 870, 720);
INSERT INTO ITEMPED VALUES (3392, 77, 241);
INSERT INTO ITEMPED VALUES (3392, 78, 256);
INSERT INTO ITEMPED VALUES (3392, 13, 71);
INSERT INTO ITEMPED VALUES (3392, 22, 6);
INSERT INTO PEDIDO VALUES (3393, 20, 390, 240);
INSERT INTO ITEMPED VALUES (3393, 78, 50);
INSERT INTO PEDIDO VALUES (3394, 10, 180, 101);
INSERT INTO ITEMPED VALUES (3394, 45, 41);
INSERT INTO ITEMPED VALUES (3394, 53, 165);
INSERT INTO ITEMPED VALUES (3394, 77, 74);
INSERT INTO PEDIDO VALUES (3395, 60, 870, 240);
INSERT INTO ITEMPED VALUES (3395, 31, 14);
INSERT INTO ITEMPED VALUES (3395, 45, 33);
INSERT INTO PEDIDO VALUES (3396, 30, 20, 213);
INSERT INTO ITEMPED VALUES (3396, 78, 209);
INSERT INTO ITEMPED VALUES (3396, 13, 176);
INSERT INTO PEDIDO VALUES (3397, 45, 410, 209);
INSERT INTO ITEMPED VALUES (3397, 13, 187);
INSERT INTO ITEMPED VALUES (3397, 22, 50);
INSERT INTO ITEMPED VALUES (3397, 25, 131);
INSERT INTO PEDIDO VALUES (3398, 60, 180, 310);
INSERT INTO ITEMPED VALUES (3398, 22, 160);
INSERT INTO ITEMPED VALUES (3398, 25, 217);
INSERT INTO ITEMPED VALUES (3398, 31, 138);
INSERT INTO PEDIDO VALUES (3399, 20, 20, 240);
INSERT INTO ITEMPED VALUES (3399, 53, 146);
INSERT INTO ITEMPED VALUES (3399, 77, 173);
INSERT INTO ITEMPED VALUES (3399, 78, 146);
INSERT INTO ITEMPED VALUES (3399, 13, 42);
INSERT INTO ITEMPED VALUES (3399, 22, 221);
INSERT INTO PEDIDO VALUES (3400, 60, 870, 11);
INSERT INTO ITEMPED VALUES (3400, 13, 169);
INSERT INTO ITEMPED VALUES (3400, 22, 188);
INSERT INTO ITEMPED VALUES (3400, 25, 40);
INSERT INTO ITEMPED VALUES (3400, 31, 85);
INSERT INTO PEDIDO VALUES (3401, 20, 720, 101);
INSERT INTO ITEMPED VALUES (3401, 31, 6);
INSERT INTO ITEMPED VALUES (3401, 45, 215);
INSERT INTO ITEMPED VALUES (3401, 53, 275);
INSERT INTO PEDIDO VALUES (3402, 30, 830, 720);
INSERT INTO ITEMPED VALUES (3402, 77, 36);
INSERT INTO ITEMPED VALUES (3402, 78, 172);
INSERT INTO ITEMPED VALUES (3402, 13, 83);
INSERT INTO ITEMPED VALUES (3402, 22, 264);
INSERT INTO ITEMPED VALUES (3402, 25, 23);
INSERT INTO PEDIDO VALUES (3403, 10, 260, 11);
INSERT INTO ITEMPED VALUES (3403, 13, 103);
INSERT INTO ITEMPED VALUES (3403, 22, 239);
INSERT INTO PEDIDO VALUES (3404, 45, 290, 111);
INSERT INTO ITEMPED VALUES (3404, 25, 252);
INSERT INTO PEDIDO VALUES (3405, 10, 830, 720);
INSERT INTO ITEMPED VALUES (3405, 77, 229);
INSERT INTO PEDIDO VALUES (3406, 30, 870, 111);
INSERT INTO ITEMPED VALUES (3406, 13, 23);
INSERT INTO ITEMPED VALUES (3406, 22, 265);
INSERT INTO ITEMPED VALUES (3406, 25, 229);
INSERT INTO PEDIDO VALUES (3407, 20, 830, 250);
INSERT INTO ITEMPED VALUES (3407, 22, 268);
INSERT INTO ITEMPED VALUES (3407, 25, 122);
INSERT INTO ITEMPED VALUES (3407, 31, 254);
INSERT INTO PEDIDO VALUES (3408, 60, 110, 209);
INSERT INTO ITEMPED VALUES (3408, 31, 75);
INSERT INTO ITEMPED VALUES (3408, 45, 110);
INSERT INTO PEDIDO VALUES (3409, 30, 871, 101);
INSERT INTO ITEMPED VALUES (3409, 22, 290);
INSERT INTO ITEMPED VALUES (3409, 25, 298);
INSERT INTO PEDIDO VALUES (3410, 60, 830, 209);
INSERT INTO ITEMPED VALUES (3410, 31, 78);
INSERT INTO PEDIDO VALUES (3411, 45, 260, 11);
INSERT INTO ITEMPED VALUES (3411, 77, 297);
INSERT INTO PEDIDO VALUES (3412, 60, 20, 111);
INSERT INTO ITEMPED VALUES (3412, 78, 187);
INSERT INTO ITEMPED VALUES (3412, 13, 270);
INSERT INTO ITEMPED VALUES (3412, 22, 190);
INSERT INTO ITEMPED VALUES (3412, 25, 19);
INSERT INTO ITEMPED VALUES (3412, 31, 26);
INSERT INTO PEDIDO VALUES (3413, 10, 830, 209);
INSERT INTO ITEMPED VALUES (3413, 22, 43);
INSERT INTO ITEMPED VALUES (3413, 25, 19);
INSERT INTO ITEMPED VALUES (3413, 31, 73);
INSERT INTO PEDIDO VALUES (3414, 45, 390, 250);
INSERT INTO ITEMPED VALUES (3414, 78, 199);
INSERT INTO ITEMPED VALUES (3414, 13, 70);
INSERT INTO PEDIDO VALUES (3415, 60, 260, 11);
INSERT INTO ITEMPED VALUES (3415, 25, 53);
INSERT INTO ITEMPED VALUES (3415, 31, 82);
INSERT INTO ITEMPED VALUES (3415, 45, 28);
INSERT INTO ITEMPED VALUES (3415, 53, 276);
INSERT INTO ITEMPED VALUES (3415, 77, 233);
INSERT INTO PEDIDO VALUES (3416, 10, 871, 111);
INSERT INTO ITEMPED VALUES (3416, 45, 26);
INSERT INTO ITEMPED VALUES (3416, 53, 253);
INSERT INTO ITEMPED VALUES (3416, 77, 221);
INSERT INTO ITEMPED VALUES (3416, 78, 118);
INSERT INTO ITEMPED VALUES (3416, 13, 102);
INSERT INTO ITEMPED VALUES (3416, 22, 21);
INSERT INTO PEDIDO VALUES (3417, 45, 110, 213);
INSERT INTO ITEMPED VALUES (3417, 13, 235);
INSERT INTO ITEMPED VALUES (3417, 22, 26);
INSERT INTO ITEMPED VALUES (3417, 25, 240);
INSERT INTO ITEMPED VALUES (3417, 31, 233);
INSERT INTO PEDIDO VALUES (3418, 20, 20, 111);
INSERT INTO ITEMPED VALUES (3418, 78, 68);
INSERT INTO PEDIDO VALUES (3419, 10, 180, 209);
INSERT INTO ITEMPED VALUES (3419, 25, 100);
INSERT INTO ITEMPED VALUES (3419, 31, 187);
INSERT INTO ITEMPED VALUES (3419, 45, 40);
INSERT INTO ITEMPED VALUES (3419, 53, 205);
INSERT INTO ITEMPED VALUES (3419, 77, 68);
INSERT INTO PEDIDO VALUES (3420, 45, 110, 11);
INSERT INTO ITEMPED VALUES (3420, 53, 170);
INSERT INTO ITEMPED VALUES (3420, 77, 182);
INSERT INTO PEDIDO VALUES (3421, 10, 20, 209);
INSERT INTO ITEMPED VALUES (3421, 45, 156);
INSERT INTO ITEMPED VALUES (3421, 53, 219);
INSERT INTO ITEMPED VALUES (3421, 77, 28);
INSERT INTO ITEMPED VALUES (3421, 78, 138);
INSERT INTO PEDIDO VALUES (3422, 60, 290, 111);
INSERT INTO ITEMPED VALUES (3422, 25, 4);
INSERT INTO ITEMPED VALUES (3422, 31, 5);
INSERT INTO ITEMPED VALUES (3422, 45, 226);
INSERT INTO ITEMPED VALUES (3422, 53, 43);
INSERT INTO PEDIDO VALUES (3423, 45, 260, 209);
INSERT INTO ITEMPED VALUES (3423, 77, 101);
INSERT INTO ITEMPED VALUES (3423, 78, 281);
INSERT INTO ITEMPED VALUES (3423, 13, 273);
INSERT INTO PEDIDO VALUES (3424, 20, 20, 101);
INSERT INTO ITEMPED VALUES (3424, 13, 68);
INSERT INTO ITEMPED VALUES (3424, 22, 299);
INSERT INTO ITEMPED VALUES (3424, 25, 221);
INSERT INTO ITEMPED VALUES (3424, 31, 300);
INSERT INTO ITEMPED VALUES (3424, 45, 57);
INSERT INTO PEDIDO VALUES (3425, 45, 870, 213);
INSERT INTO ITEMPED VALUES (3425, 22, 259);
INSERT INTO ITEMPED VALUES (3425, 25, 259);
INSERT INTO PEDIDO VALUES (3426, 10, 110, 310);
INSERT INTO ITEMPED VALUES (3426, 53, 208);
INSERT INTO PEDIDO VALUES (3427, 30, 260, 209);
INSERT INTO ITEMPED VALUES (3427, 31, 18);
INSERT INTO ITEMPED VALUES (3427, 45, 18);
INSERT INTO ITEMPED VALUES (3427, 53, 64);
INSERT INTO ITEMPED VALUES (3427, 77, 6);
INSERT INTO PEDIDO VALUES (3428, 60, 180, 11);
INSERT INTO ITEMPED VALUES (3428, 53, 51);
INSERT INTO ITEMPED VALUES (3428, 77, 103);
INSERT INTO PEDIDO VALUES (3429, 45, 410, 310);
INSERT INTO ITEMPED VALUES (3429, 13, 82);
INSERT INTO ITEMPED VALUES (3429, 22, 181);
INSERT INTO PEDIDO VALUES (3430, 60, 720, 101);
INSERT INTO ITEMPED VALUES (3430, 31, 21);
INSERT INTO ITEMPED VALUES (3430, 45, 215);
INSERT INTO ITEMPED VALUES (3430, 53, 271);
INSERT INTO ITEMPED VALUES (3430, 77, 211);
INSERT INTO ITEMPED VALUES (3430, 78, 59);
INSERT INTO PEDIDO VALUES (3431, 10, 20, 11);
INSERT INTO ITEMPED VALUES (3431, 78, 247);
INSERT INTO ITEMPED VALUES (3431, 13, 31);
INSERT INTO ITEMPED VALUES (3431, 22, 21);
INSERT INTO ITEMPED VALUES (3431, 25, 264);
INSERT INTO PEDIDO VALUES (3432, 30, 390, 213);
INSERT INTO ITEMPED VALUES (3432, 31, 146);
INSERT INTO ITEMPED VALUES (3432, 45, 6);
INSERT INTO PEDIDO VALUES (3433, 20, 290, 209);
INSERT INTO ITEMPED VALUES (3433, 77, 243);
INSERT INTO ITEMPED VALUES (3433, 78, 78);
INSERT INTO ITEMPED VALUES (3433, 13, 263);
INSERT INTO ITEMPED VALUES (3433, 22, 154);
INSERT INTO PEDIDO VALUES (3434, 30, 390, 213);
INSERT INTO ITEMPED VALUES (3434, 25, 226);
INSERT INTO PEDIDO VALUES (3435, 10, 110, 11);
INSERT INTO ITEMPED VALUES (3435, 77, 84);
INSERT INTO ITEMPED VALUES (3435, 78, 170);
INSERT INTO ITEMPED VALUES (3435, 13, 95);
INSERT INTO ITEMPED VALUES (3435, 22, 301);
INSERT INTO ITEMPED VALUES (3435, 25, 133);
INSERT INTO ITEMPED VALUES (3435, 31, 202);
INSERT INTO PEDIDO VALUES (3436, 20, 290, 213);
INSERT INTO ITEMPED VALUES (3436, 31, 188);
INSERT INTO ITEMPED VALUES (3436, 45, 155);
INSERT INTO PEDIDO VALUES (3437, 60, 720, 11);
INSERT INTO ITEMPED VALUES (3437, 25, 261);
INSERT INTO ITEMPED VALUES (3437, 31, 45);
INSERT INTO ITEMPED VALUES (3437, 45, 152);
INSERT INTO PEDIDO VALUES (3438, 20, 410, 209);
INSERT INTO ITEMPED VALUES (3438, 13, 112);
INSERT INTO PEDIDO VALUES (3439, 30, 180, 720);
INSERT INTO ITEMPED VALUES (3439, 31, 132);
INSERT INTO ITEMPED VALUES (3439, 45, 180);
INSERT INTO ITEMPED VALUES (3439, 53, 97);
INSERT INTO ITEMPED VALUES (3439, 77, 54);
INSERT INTO PEDIDO VALUES (3440, 45, 870, 209);
INSERT INTO ITEMPED VALUES (3440, 22, 99);
INSERT INTO ITEMPED VALUES (3440, 25, 113);
INSERT INTO ITEMPED VALUES (3440, 31, 249);
INSERT INTO ITEMPED VALUES (3440, 45, 249);
INSERT INTO ITEMPED VALUES (3440, 53, 46);
INSERT INTO ITEMPED VALUES (3440, 77, 51);
INSERT INTO PEDIDO VALUES (3441, 30, 180, 11);
INSERT INTO ITEMPED VALUES (3441, 77, 107);
INSERT INTO PEDIDO VALUES (3442, 10, 830, 720);
INSERT INTO ITEMPED VALUES (3442, 25, 240);
INSERT INTO ITEMPED VALUES (3442, 31, 126);
INSERT INTO PEDIDO VALUES (3443, 45, 871, 240);
INSERT INTO ITEMPED VALUES (3443, 13, 217);
INSERT INTO PEDIDO VALUES (3444, 60, 830, 209);
INSERT INTO ITEMPED VALUES (3444, 31, 75);
INSERT INTO ITEMPED VALUES (3444, 45, 173);
INSERT INTO ITEMPED VALUES (3444, 53, 38);
INSERT INTO PEDIDO VALUES (3445, 45, 110, 111);
INSERT INTO ITEMPED VALUES (3445, 78, 291);
INSERT INTO ITEMPED VALUES (3445, 13, 214);
INSERT INTO PEDIDO VALUES (3446, 30, 410, 11);
INSERT INTO ITEMPED VALUES (3446, 77, 10);
INSERT INTO ITEMPED VALUES (3446, 78, 5);
INSERT INTO ITEMPED VALUES (3446, 13, 144);
INSERT INTO ITEMPED VALUES (3446, 22, 286);
INSERT INTO PEDIDO VALUES (3447, 60, 390, 111);
INSERT INTO ITEMPED VALUES (3447, 25, 156);
INSERT INTO ITEMPED VALUES (3447, 31, 35);
INSERT INTO ITEMPED VALUES (3447, 45, 218);
INSERT INTO PEDIDO VALUES (3448, 45, 870, 213);
INSERT INTO ITEMPED VALUES (3448, 22, 57);
INSERT INTO ITEMPED VALUES (3448, 25, 220);
INSERT INTO ITEMPED VALUES (3448, 31, 280);
INSERT INTO PEDIDO VALUES (3449, 30, 260, 101);
INSERT INTO ITEMPED VALUES (3449, 45, 60);
INSERT INTO ITEMPED VALUES (3449, 53, 133);
INSERT INTO ITEMPED VALUES (3449, 77, 100);
INSERT INTO PEDIDO VALUES (3450, 60, 870, 310);
INSERT INTO ITEMPED VALUES (3450, 31, 196);
INSERT INTO ITEMPED VALUES (3450, 45, 228);
INSERT INTO ITEMPED VALUES (3450, 53, 56);
INSERT INTO ITEMPED VALUES (3450, 77, 11);
INSERT INTO ITEMPED VALUES (3450, 78, 301);
INSERT INTO ITEMPED VALUES (3450, 13, 68);
INSERT INTO PEDIDO VALUES (3451, 30, 20, 209);
INSERT INTO ITEMPED VALUES (3451, 25, 299);
INSERT INTO ITEMPED VALUES (3451, 31, 275);
INSERT INTO ITEMPED VALUES (3451, 45, 50);
INSERT INTO ITEMPED VALUES (3451, 53, 150);
INSERT INTO ITEMPED VALUES (3451, 77, 228);
INSERT INTO PEDIDO VALUES (3452, 45, 410, 240);
INSERT INTO ITEMPED VALUES (3452, 31, 131);
INSERT INTO ITEMPED VALUES (3452, 45, 236);
INSERT INTO ITEMPED VALUES (3452, 53, 58);
INSERT INTO PEDIDO VALUES (3453, 60, 260, 250);
INSERT INTO ITEMPED VALUES (3453, 13, 164);
INSERT INTO ITEMPED VALUES (3453, 22, 35);
INSERT INTO ITEMPED VALUES (3453, 25, 233);
INSERT INTO ITEMPED VALUES (3453, 31, 126);
INSERT INTO ITEMPED VALUES (3453, 45, 87);
INSERT INTO PEDIDO VALUES (3454, 10, 290, 310);
INSERT INTO ITEMPED VALUES (3454, 25, 94);
INSERT INTO ITEMPED VALUES (3454, 31, 37);
INSERT INTO ITEMPED VALUES (3454, 45, 268);
INSERT INTO ITEMPED VALUES (3454, 53, 84);
INSERT INTO PEDIDO VALUES (3455, 20, 260, 11);
INSERT INTO ITEMPED VALUES (3455, 22, 31);
INSERT INTO PEDIDO VALUES (3456, 30, 110, 720);
INSERT INTO ITEMPED VALUES (3456, 31, 259);
INSERT INTO ITEMPED VALUES (3456, 45, 209);
INSERT INTO ITEMPED VALUES (3456, 53, 140);
INSERT INTO ITEMPED VALUES (3456, 77, 245);
INSERT INTO ITEMPED VALUES (3456, 78, 12);
INSERT INTO PEDIDO VALUES (3457, 10, 260, 101);
INSERT INTO ITEMPED VALUES (3457, 22, 267);
INSERT INTO ITEMPED VALUES (3457, 25, 73);
INSERT INTO ITEMPED VALUES (3457, 31, 132);
INSERT INTO ITEMPED VALUES (3457, 45, 185);
INSERT INTO ITEMPED VALUES (3457, 53, 93);
INSERT INTO PEDIDO VALUES (3458, 60, 20, 209);
INSERT INTO ITEMPED VALUES (3458, 45, 78);
INSERT INTO PEDIDO VALUES (3459, 10, 870, 213);
INSERT INTO ITEMPED VALUES (3459, 13, 179);
INSERT INTO ITEMPED VALUES (3459, 22, 219);
INSERT INTO PEDIDO VALUES (3460, 30, 720, 209);
INSERT INTO ITEMPED VALUES (3460, 31, 176);
INSERT INTO ITEMPED VALUES (3460, 45, 244);
INSERT INTO ITEMPED VALUES (3460, 53, 20);
INSERT INTO ITEMPED VALUES (3460, 77, 247);
INSERT INTO ITEMPED VALUES (3460, 78, 86);
INSERT INTO ITEMPED VALUES (3460, 13, 141);
INSERT INTO PEDIDO VALUES (3461, 20, 180, 310);
INSERT INTO ITEMPED VALUES (3461, 77, 175);
INSERT INTO ITEMPED VALUES (3461, 78, 108);
INSERT INTO PEDIDO VALUES (3462, 30, 20, 720);
INSERT INTO ITEMPED VALUES (3462, 25, 116);
INSERT INTO ITEMPED VALUES (3462, 31, 95);
INSERT INTO ITEMPED VALUES (3462, 45, 247);
INSERT INTO ITEMPED VALUES (3462, 53, 76);
INSERT INTO ITEMPED VALUES (3462, 77, 171);
INSERT INTO ITEMPED VALUES (3462, 78, 68);
INSERT INTO PEDIDO VALUES (3463, 10, 390, 310);
INSERT INTO ITEMPED VALUES (3463, 78, 172);
INSERT INTO ITEMPED VALUES (3463, 13, 221);
INSERT INTO ITEMPED VALUES (3463, 22, 104);
INSERT INTO ITEMPED VALUES (3463, 25, 22);
INSERT INTO ITEMPED VALUES (3463, 31, 148);
INSERT INTO ITEMPED VALUES (3463, 45, 221);
INSERT INTO PEDIDO VALUES (3464, 20, 870, 209);
INSERT INTO ITEMPED VALUES (3464, 31, 300);
INSERT INTO PEDIDO VALUES (3465, 10, 110, 310);
INSERT INTO ITEMPED VALUES (3465, 78, 51);
INSERT INTO ITEMPED VALUES (3465, 13, 289);
INSERT INTO ITEMPED VALUES (3465, 22, 110);
INSERT INTO PEDIDO VALUES (3466, 45, 180, 213);
INSERT INTO ITEMPED VALUES (3466, 53, 14);
INSERT INTO ITEMPED VALUES (3466, 77, 130);
INSERT INTO ITEMPED VALUES (3466, 78, 73);
INSERT INTO ITEMPED VALUES (3466, 13, 153);
INSERT INTO ITEMPED VALUES (3466, 22, 261);
INSERT INTO ITEMPED VALUES (3466, 25, 147);
INSERT INTO PEDIDO VALUES (3467, 20, 260, 720);
INSERT INTO ITEMPED VALUES (3467, 45, 272);
INSERT INTO ITEMPED VALUES (3467, 53, 10);
INSERT INTO ITEMPED VALUES (3467, 77, 132);
INSERT INTO PEDIDO VALUES (3468, 45, 290, 11);
INSERT INTO ITEMPED VALUES (3468, 78, 48);
INSERT INTO PEDIDO VALUES (3469, 20, 20, 209);
INSERT INTO ITEMPED VALUES (3469, 22, 78);
INSERT INTO ITEMPED VALUES (3469, 25, 130);
INSERT INTO ITEMPED VALUES (3469, 31, 59);
INSERT INTO ITEMPED VALUES (3469, 45, 236);
INSERT INTO PEDIDO VALUES (3470, 30, 390, 213);
INSERT INTO ITEMPED VALUES (3470, 25, 46);
INSERT INTO ITEMPED VALUES (3470, 31, 176);
INSERT INTO ITEMPED VALUES (3470, 45, 227);
INSERT INTO PEDIDO VALUES (3471, 20, 870, 101);
INSERT INTO ITEMPED VALUES (3471, 77, 212);
INSERT INTO ITEMPED VALUES (3471, 78, 287);
INSERT INTO ITEMPED VALUES (3471, 13, 34);
INSERT INTO ITEMPED VALUES (3471, 22, 259);
INSERT INTO PEDIDO VALUES (3472, 45, 410, 213);
INSERT INTO ITEMPED VALUES (3472, 31, 186);
INSERT INTO ITEMPED VALUES (3472, 45, 87);
INSERT INTO PEDIDO VALUES (3473, 60, 180, 111);
INSERT INTO ITEMPED VALUES (3473, 25, 85);
INSERT INTO ITEMPED VALUES (3473, 31, 264);
INSERT INTO ITEMPED VALUES (3473, 45, 142);
INSERT INTO ITEMPED VALUES (3473, 53, 70);
INSERT INTO PEDIDO VALUES (3474, 20, 830, 310);
INSERT INTO ITEMPED VALUES (3474, 22, 7);
INSERT INTO PEDIDO VALUES (3475, 30, 20, 213);
INSERT INTO ITEMPED VALUES (3475, 45, 222);
INSERT INTO ITEMPED VALUES (3475, 53, 124);
INSERT INTO PEDIDO VALUES (3476, 20, 410, 111);
INSERT INTO ITEMPED VALUES (3476, 25, 287);
INSERT INTO ITEMPED VALUES (3476, 31, 256);
INSERT INTO ITEMPED VALUES (3476, 45, 209);
INSERT INTO ITEMPED VALUES (3476, 53, 234);
INSERT INTO ITEMPED VALUES (3476, 77, 114);
INSERT INTO ITEMPED VALUES (3476, 78, 219);
INSERT INTO PEDIDO VALUES (3477, 45, 871, 310);
INSERT INTO ITEMPED VALUES (3477, 78, 62);
INSERT INTO PEDIDO VALUES (3478, 10, 870, 101);
INSERT INTO ITEMPED VALUES (3478, 13, 229);
INSERT INTO ITEMPED VALUES (3478, 22, 27);
INSERT INTO ITEMPED VALUES (3478, 25, 290);
INSERT INTO ITEMPED VALUES (3478, 31, 187);
INSERT INTO PEDIDO VALUES (3479, 60, 410, 11);
INSERT INTO ITEMPED VALUES (3479, 22, 202);
INSERT INTO ITEMPED VALUES (3479, 25, 299);
INSERT INTO ITEMPED VALUES (3479, 31, 89);
INSERT INTO ITEMPED VALUES (3479, 45, 231);
INSERT INTO PEDIDO VALUES (3480, 10, 110, 101);
INSERT INTO ITEMPED VALUES (3480, 77, 17);
INSERT INTO ITEMPED VALUES (3480, 78, 53);
INSERT INTO ITEMPED VALUES (3480, 13, 62);
INSERT INTO PEDIDO VALUES (3481, 30, 260, 111);
INSERT INTO ITEMPED VALUES (3481, 78, 42);
INSERT INTO ITEMPED VALUES (3481, 13, 155);
INSERT INTO PEDIDO VALUES (3482, 45, 180, 240);
INSERT INTO ITEMPED VALUES (3482, 45, 196);
INSERT INTO ITEMPED VALUES (3482, 53, 22);
INSERT INTO ITEMPED VALUES (3482, 77, 59);
INSERT INTO PEDIDO VALUES (3483, 10, 20, 213);
INSERT INTO ITEMPED VALUES (3483, 31, 238);
INSERT INTO PEDIDO VALUES (3484, 30, 180, 720);
INSERT INTO ITEMPED VALUES (3484, 78, 20);
INSERT INTO ITEMPED VALUES (3484, 13, 126);
INSERT INTO PEDIDO VALUES (3485, 60, 870, 209);
INSERT INTO ITEMPED VALUES (3485, 22, 147);
INSERT INTO ITEMPED VALUES (3485, 25, 43);
INSERT INTO PEDIDO VALUES (3486, 30, 20, 240);
INSERT INTO ITEMPED VALUES (3486, 45, 66);
INSERT INTO ITEMPED VALUES (3486, 53, 16);
INSERT INTO ITEMPED VALUES (3486, 77, 274);
INSERT INTO ITEMPED VALUES (3486, 78, 172);
INSERT INTO ITEMPED VALUES (3486, 13, 37);
INSERT INTO PEDIDO VALUES (3487, 45, 290, 310);
INSERT INTO ITEMPED VALUES (3487, 53, 107);
INSERT INTO ITEMPED VALUES (3487, 77, 63);
INSERT INTO ITEMPED VALUES (3487, 78, 252);
INSERT INTO ITEMPED VALUES (3487, 13, 164);
INSERT INTO PEDIDO VALUES (3488, 60, 390, 209);
INSERT INTO ITEMPED VALUES (3488, 31, 249);
INSERT INTO ITEMPED VALUES (3488, 45, 35);
INSERT INTO ITEMPED VALUES (3488, 53, 263);
INSERT INTO ITEMPED VALUES (3488, 77, 97);
INSERT INTO PEDIDO VALUES (3489, 10, 180, 213);
INSERT INTO ITEMPED VALUES (3489, 53, 96);
INSERT INTO ITEMPED VALUES (3489, 77, 65);
INSERT INTO ITEMPED VALUES (3489, 78, 68);
INSERT INTO ITEMPED VALUES (3489, 13, 55);
INSERT INTO PEDIDO VALUES (3490, 30, 720, 209);
INSERT INTO ITEMPED VALUES (3490, 31, 161);
INSERT INTO ITEMPED VALUES (3490, 45, 119);
INSERT INTO ITEMPED VALUES (3490, 53, 133);
INSERT INTO ITEMPED VALUES (3490, 77, 72);
INSERT INTO ITEMPED VALUES (3490, 78, 233);
INSERT INTO ITEMPED VALUES (3490, 13, 132);
INSERT INTO PEDIDO VALUES (3491, 10, 830, 213);
INSERT INTO ITEMPED VALUES (3491, 77, 71);
INSERT INTO PEDIDO VALUES (3492, 20, 720, 720);
INSERT INTO ITEMPED VALUES (3492, 25, 20);
INSERT INTO ITEMPED VALUES (3492, 31, 226);
INSERT INTO ITEMPED VALUES (3492, 45, 215);
INSERT INTO ITEMPED VALUES (3492, 53, 185);
INSERT INTO PEDIDO VALUES (3493, 60, 870, 250);
INSERT INTO ITEMPED VALUES (3493, 77, 301);
INSERT INTO ITEMPED VALUES (3493, 78, 231);
INSERT INTO ITEMPED VALUES (3493, 13, 180);
INSERT INTO ITEMPED VALUES (3493, 22, 191);
INSERT INTO ITEMPED VALUES (3493, 25, 87);
INSERT INTO ITEMPED VALUES (3493, 31, 61);
INSERT INTO PEDIDO VALUES (3494, 30, 20, 240);
INSERT INTO ITEMPED VALUES (3494, 25, 54);
INSERT INTO ITEMPED VALUES (3494, 31, 280);
INSERT INTO ITEMPED VALUES (3494, 45, 261);
INSERT INTO ITEMPED VALUES (3494, 53, 113);
INSERT INTO ITEMPED VALUES (3494, 77, 232);
INSERT INTO PEDIDO VALUES (3495, 20, 260, 310);
INSERT INTO ITEMPED VALUES (3495, 53, 300);
INSERT INTO ITEMPED VALUES (3495, 77, 282);
INSERT INTO ITEMPED VALUES (3495, 78, 226);
INSERT INTO PEDIDO VALUES (3496, 30, 390, 240);
INSERT INTO ITEMPED VALUES (3496, 25, 198);
INSERT INTO ITEMPED VALUES (3496, 31, 227);
INSERT INTO ITEMPED VALUES (3496, 45, 207);
INSERT INTO ITEMPED VALUES (3496, 53, 101);
INSERT INTO ITEMPED VALUES (3496, 77, 302);
INSERT INTO PEDIDO VALUES (3497, 60, 830, 209);
INSERT INTO ITEMPED VALUES (3497, 22, 221);
INSERT INTO PEDIDO VALUES (3498, 10, 110, 101);
INSERT INTO ITEMPED VALUES (3498, 78, 28);
INSERT INTO PEDIDO VALUES (3499, 30, 720, 240);
INSERT INTO ITEMPED VALUES (3499, 45, 40);
INSERT INTO ITEMPED VALUES (3499, 53, 127);
INSERT INTO ITEMPED VALUES (3499, 77, 83);
INSERT INTO ITEMPED VALUES (3499, 78, 180);
INSERT INTO ITEMPED VALUES (3499, 13, 198);
INSERT INTO PEDIDO VALUES (3500, 45, 830, 11);
INSERT INTO ITEMPED VALUES (3500, 78, 260);
INSERT INTO ITEMPED VALUES (3500, 13, 124);
INSERT INTO PEDIDO VALUES (3501, 10, 260, 720);
INSERT INTO ITEMPED VALUES (3501, 77, 119);
INSERT INTO PEDIDO VALUES (3502, 60, 410, 240);
INSERT INTO ITEMPED VALUES (3502, 13, 178);
INSERT INTO ITEMPED VALUES (3502, 22, 96);
INSERT INTO ITEMPED VALUES (3502, 25, 235);
INSERT INTO ITEMPED VALUES (3502, 31, 109);
INSERT INTO ITEMPED VALUES (3502, 45, 210);
INSERT INTO PEDIDO VALUES (3503, 20, 290, 209);
INSERT INTO ITEMPED VALUES (3503, 22, 227);
INSERT INTO PEDIDO VALUES (3504, 45, 830, 11);
INSERT INTO ITEMPED VALUES (3504, 78, 280);
INSERT INTO ITEMPED VALUES (3504, 13, 127);
INSERT INTO PEDIDO VALUES (3505, 60, 720, 101);
INSERT INTO ITEMPED VALUES (3505, 22, 300);
INSERT INTO ITEMPED VALUES (3505, 25, 160);
INSERT INTO ITEMPED VALUES (3505, 31, 190);
INSERT INTO ITEMPED VALUES (3505, 45, 198);
INSERT INTO PEDIDO VALUES (3506, 20, 871, 240);
INSERT INTO ITEMPED VALUES (3506, 25, 21);
INSERT INTO ITEMPED VALUES (3506, 31, 268);
INSERT INTO ITEMPED VALUES (3506, 45, 245);
INSERT INTO PEDIDO VALUES (3507, 45, 110, 11);
INSERT INTO ITEMPED VALUES (3507, 45, 207);
INSERT INTO PEDIDO VALUES (3508, 60, 830, 213);
INSERT INTO ITEMPED VALUES (3508, 13, 177);
INSERT INTO ITEMPED VALUES (3508, 22, 201);
INSERT INTO ITEMPED VALUES (3508, 25, 290);
INSERT INTO ITEMPED VALUES (3508, 31, 118);
INSERT INTO ITEMPED VALUES (3508, 45, 12);
INSERT INTO PEDIDO VALUES (3509, 10, 180, 250);
INSERT INTO ITEMPED VALUES (3509, 77, 162);
INSERT INTO ITEMPED VALUES (3509, 78, 198);
INSERT INTO ITEMPED VALUES (3509, 13, 154);
INSERT INTO PEDIDO VALUES (3510, 30, 720, 310);
INSERT INTO ITEMPED VALUES (3510, 13, 16);
INSERT INTO ITEMPED VALUES (3510, 22, 221);
INSERT INTO ITEMPED VALUES (3510, 25, 256);
INSERT INTO ITEMPED VALUES (3510, 31, 74);
INSERT INTO ITEMPED VALUES (3510, 45, 223);
INSERT INTO PEDIDO VALUES (3511, 60, 260, 111);
INSERT INTO ITEMPED VALUES (3511, 53, 298);
INSERT INTO ITEMPED VALUES (3511, 77, 130);
INSERT INTO ITEMPED VALUES (3511, 78, 36);
INSERT INTO ITEMPED VALUES (3511, 13, 124);
INSERT INTO PEDIDO VALUES (3512, 30, 830, 240);
INSERT INTO ITEMPED VALUES (3512, 45, 284);
INSERT INTO ITEMPED VALUES (3512, 53, 154);
INSERT INTO ITEMPED VALUES (3512, 77, 62);
INSERT INTO ITEMPED VALUES (3512, 78, 59);
INSERT INTO ITEMPED VALUES (3512, 13, 44);
INSERT INTO PEDIDO VALUES (3513, 60, 870, 11);
INSERT INTO ITEMPED VALUES (3513, 13, 111);
INSERT INTO ITEMPED VALUES (3513, 22, 94);
INSERT INTO PEDIDO VALUES (3514, 20, 290, 101);
INSERT INTO ITEMPED VALUES (3514, 53, 289);
INSERT INTO ITEMPED VALUES (3514, 77, 8);
INSERT INTO ITEMPED VALUES (3514, 78, 169);
INSERT INTO ITEMPED VALUES (3514, 13, 167);
INSERT INTO PEDIDO VALUES (3515, 10, 180, 209);
INSERT INTO ITEMPED VALUES (3515, 77, 199);
INSERT INTO ITEMPED VALUES (3515, 78, 283);
INSERT INTO ITEMPED VALUES (3515, 13, 281);
INSERT INTO ITEMPED VALUES (3515, 22, 252);
INSERT INTO PEDIDO VALUES (3516, 60, 830, 310);
INSERT INTO ITEMPED VALUES (3516, 22, 13);
INSERT INTO ITEMPED VALUES (3516, 25, 21);
INSERT INTO ITEMPED VALUES (3516, 31, 283);
INSERT INTO ITEMPED VALUES (3516, 45, 75);
INSERT INTO PEDIDO VALUES (3517, 10, 390, 11);
INSERT INTO ITEMPED VALUES (3517, 31, 231);
INSERT INTO ITEMPED VALUES (3517, 45, 22);
INSERT INTO ITEMPED VALUES (3517, 53, 281);
INSERT INTO ITEMPED VALUES (3517, 77, 18);
INSERT INTO PEDIDO VALUES (3518, 30, 410, 240);
INSERT INTO ITEMPED VALUES (3518, 25, 16);
INSERT INTO ITEMPED VALUES (3518, 31, 212);
INSERT INTO ITEMPED VALUES (3518, 45, 32);
INSERT INTO ITEMPED VALUES (3518, 53, 211);
INSERT INTO ITEMPED VALUES (3518, 77, 112);
INSERT INTO PEDIDO VALUES (3519, 60, 20, 209);
INSERT INTO ITEMPED VALUES (3519, 78, 64);
INSERT INTO ITEMPED VALUES (3519, 13, 178);
INSERT INTO PEDIDO VALUES (3520, 20, 260, 101);
INSERT INTO ITEMPED VALUES (3520, 22, 200);
INSERT INTO ITEMPED VALUES (3520, 25, 266);
INSERT INTO ITEMPED VALUES (3520, 31, 290);
INSERT INTO ITEMPED VALUES (3520, 45, 138);
INSERT INTO PEDIDO VALUES (3521, 10, 110, 213);
INSERT INTO ITEMPED VALUES (3521, 45, 247);
INSERT INTO ITEMPED VALUES (3521, 53, 127);
INSERT INTO ITEMPED VALUES (3521, 77, 136);
INSERT INTO ITEMPED VALUES (3521, 78, 139);
INSERT INTO ITEMPED VALUES (3521, 13, 45);
INSERT INTO PEDIDO VALUES (3522, 20, 180, 310);
INSERT INTO ITEMPED VALUES (3522, 13, 10);
INSERT INTO ITEMPED VALUES (3522, 22, 211);
INSERT INTO ITEMPED VALUES (3522, 25, 262);
INSERT INTO ITEMPED VALUES (3522, 31, 69);
INSERT INTO ITEMPED VALUES (3522, 45, 5);
INSERT INTO PEDIDO VALUES (3523, 60, 110, 11);
INSERT INTO ITEMPED VALUES (3523, 45, 296);
INSERT INTO ITEMPED VALUES (3523, 53, 250);
INSERT INTO ITEMPED VALUES (3523, 77, 230);
INSERT INTO ITEMPED VALUES (3523, 78, 54);
INSERT INTO ITEMPED VALUES (3523, 13, 87);
INSERT INTO PEDIDO VALUES (3524, 20, 20, 250);
INSERT INTO ITEMPED VALUES (3524, 78, 164);
INSERT INTO ITEMPED VALUES (3524, 13, 65);
INSERT INTO ITEMPED VALUES (3524, 22, 248);
INSERT INTO ITEMPED VALUES (3524, 25, 47);
INSERT INTO PEDIDO VALUES (3525, 45, 871, 111);
INSERT INTO ITEMPED VALUES (3525, 25, 9);
INSERT INTO ITEMPED VALUES (3525, 31, 99);
INSERT INTO ITEMPED VALUES (3525, 45, 111);
INSERT INTO ITEMPED VALUES (3525, 53, 275);
INSERT INTO ITEMPED VALUES (3525, 77, 155);
INSERT INTO ITEMPED VALUES (3525, 78, 170);
INSERT INTO PEDIDO VALUES (3526, 20, 110, 310);
INSERT INTO ITEMPED VALUES (3526, 53, 266);
INSERT INTO ITEMPED VALUES (3526, 77, 198);
INSERT INTO ITEMPED VALUES (3526, 78, 145);
INSERT INTO ITEMPED VALUES (3526, 13, 201);
INSERT INTO ITEMPED VALUES (3526, 22, 115);
INSERT INTO PEDIDO VALUES (3527, 45, 260, 213);
INSERT INTO ITEMPED VALUES (3527, 22, 200);
INSERT INTO ITEMPED VALUES (3527, 25, 118);
INSERT INTO ITEMPED VALUES (3527, 31, 144);
INSERT INTO ITEMPED VALUES (3527, 45, 224);
INSERT INTO ITEMPED VALUES (3527, 53, 44);
INSERT INTO ITEMPED VALUES (3527, 77, 75);
INSERT INTO PEDIDO VALUES (3528, 10, 390, 111);
INSERT INTO ITEMPED VALUES (3528, 77, 231);
INSERT INTO ITEMPED VALUES (3528, 78, 46);
INSERT INTO PEDIDO VALUES (3529, 30, 720, 11);
INSERT INTO ITEMPED VALUES (3529, 53, 102);
INSERT INTO ITEMPED VALUES (3529, 77, 139);
INSERT INTO ITEMPED VALUES (3529, 78, 181);
INSERT INTO ITEMPED VALUES (3529, 13, 78);
INSERT INTO PEDIDO VALUES (3530, 60, 180, 310);
INSERT INTO ITEMPED VALUES (3530, 25, 237);
INSERT INTO ITEMPED VALUES (3530, 31, 207);
INSERT INTO PEDIDO VALUES (3531, 10, 410, 101);
INSERT INTO ITEMPED VALUES (3531, 22, 115);
INSERT INTO ITEMPED VALUES (3531, 25, 298);
INSERT INTO ITEMPED VALUES (3531, 31, 274);
INSERT INTO ITEMPED VALUES (3531, 45, 223);
INSERT INTO PEDIDO VALUES (3532, 20, 110, 111);
INSERT INTO ITEMPED VALUES (3532, 45, 227);
INSERT INTO PEDIDO VALUES (3533, 60, 260, 11);
INSERT INTO ITEMPED VALUES (3533, 31, 152);
INSERT INTO ITEMPED VALUES (3533, 45, 60);
INSERT INTO ITEMPED VALUES (3533, 53, 55);
INSERT INTO ITEMPED VALUES (3533, 77, 90);
INSERT INTO ITEMPED VALUES (3533, 78, 301);
INSERT INTO PEDIDO VALUES (3534, 20, 720, 310);
INSERT INTO ITEMPED VALUES (3534, 53, 215);
INSERT INTO PEDIDO VALUES (3535, 45, 110, 240);
INSERT INTO ITEMPED VALUES (3535, 78, 116);
INSERT INTO ITEMPED VALUES (3535, 13, 142);
INSERT INTO ITEMPED VALUES (3535, 22, 139);
INSERT INTO ITEMPED VALUES (3535, 25, 130);
INSERT INTO ITEMPED VALUES (3535, 31, 123);
INSERT INTO ITEMPED VALUES (3535, 45, 214);
INSERT INTO PEDIDO VALUES (3536, 20, 390, 101);
INSERT INTO ITEMPED VALUES (3536, 53, 80);
INSERT INTO ITEMPED VALUES (3536, 77, 87);
INSERT INTO ITEMPED VALUES (3536, 78, 73);
INSERT INTO ITEMPED VALUES (3536, 13, 277);
INSERT INTO PEDIDO VALUES (3537, 45, 830, 310);
INSERT INTO ITEMPED VALUES (3537, 13, 187);
INSERT INTO ITEMPED VALUES (3537, 22, 227);
INSERT INTO PEDIDO VALUES (3538, 60, 110, 250);
INSERT INTO ITEMPED VALUES (3538, 31, 241);
INSERT INTO ITEMPED VALUES (3538, 45, 93);
INSERT INTO PEDIDO VALUES (3539, 45, 870, 11);
INSERT INTO ITEMPED VALUES (3539, 77, 233);
INSERT INTO ITEMPED VALUES (3539, 78, 210);
INSERT INTO ITEMPED VALUES (3539, 13, 189);
INSERT INTO PEDIDO VALUES (3540, 60, 290, 310);
INSERT INTO ITEMPED VALUES (3540, 31, 236);
INSERT INTO PEDIDO VALUES (3541, 30, 20, 11);
INSERT INTO ITEMPED VALUES (3541, 45, 37);
INSERT INTO ITEMPED VALUES (3541, 53, 251);
INSERT INTO ITEMPED VALUES (3541, 77, 157);
INSERT INTO PEDIDO VALUES (3542, 20, 110, 209);
INSERT INTO ITEMPED VALUES (3542, 13, 238);
INSERT INTO ITEMPED VALUES (3542, 22, 251);
INSERT INTO ITEMPED VALUES (3542, 25, 220);
INSERT INTO ITEMPED VALUES (3542, 31, 126);
INSERT INTO PEDIDO VALUES (3543, 60, 870, 250);
INSERT INTO ITEMPED VALUES (3543, 31, 167);
INSERT INTO ITEMPED VALUES (3543, 45, 205);
INSERT INTO ITEMPED VALUES (3543, 53, 300);
INSERT INTO ITEMPED VALUES (3543, 77, 187);
INSERT INTO ITEMPED VALUES (3543, 78, 203);
INSERT INTO ITEMPED VALUES (3543, 13, 178);
INSERT INTO PEDIDO VALUES (3544, 30, 260, 240);
INSERT INTO ITEMPED VALUES (3544, 78, 69);
INSERT INTO ITEMPED VALUES (3544, 13, 10);
INSERT INTO PEDIDO VALUES (3545, 60, 870, 720);
INSERT INTO ITEMPED VALUES (3545, 31, 94);
INSERT INTO ITEMPED VALUES (3545, 45, 243);
INSERT INTO ITEMPED VALUES (3545, 53, 206);
INSERT INTO ITEMPED VALUES (3545, 77, 75);
INSERT INTO PEDIDO VALUES (3546, 20, 180, 11);
INSERT INTO ITEMPED VALUES (3546, 25, 50);
INSERT INTO ITEMPED VALUES (3546, 31, 223);
INSERT INTO ITEMPED VALUES (3546, 45, 164);
INSERT INTO ITEMPED VALUES (3546, 53, 262);
INSERT INTO ITEMPED VALUES (3546, 77, 65);
INSERT INTO ITEMPED VALUES (3546, 78, 6);
INSERT INTO PEDIDO VALUES (3547, 60, 830, 209);
INSERT INTO ITEMPED VALUES (3547, 77, 230);
INSERT INTO ITEMPED VALUES (3547, 78, 302);
INSERT INTO ITEMPED VALUES (3547, 13, 163);
INSERT INTO ITEMPED VALUES (3547, 22, 123);
INSERT INTO PEDIDO VALUES (3548, 20, 720, 101);
INSERT INTO ITEMPED VALUES (3548, 25, 225);
INSERT INTO ITEMPED VALUES (3548, 31, 219);
INSERT INTO PEDIDO VALUES (3549, 60, 260, 310);
INSERT INTO ITEMPED VALUES (3549, 22, 264);
INSERT INTO ITEMPED VALUES (3549, 25, 267);
INSERT INTO ITEMPED VALUES (3549, 31, 45);
INSERT INTO ITEMPED VALUES (3549, 45, 20);
INSERT INTO ITEMPED VALUES (3549, 53, 122);
INSERT INTO PEDIDO VALUES (3550, 30, 20, 720);
INSERT INTO ITEMPED VALUES (3550, 25, 48);
INSERT INTO ITEMPED VALUES (3550, 31, 268);
INSERT INTO ITEMPED VALUES (3550, 45, 144);
INSERT INTO ITEMPED VALUES (3550, 53, 27);
INSERT INTO ITEMPED VALUES (3550, 77, 296);
INSERT INTO PEDIDO VALUES (3551, 20, 260, 240);
INSERT INTO ITEMPED VALUES (3551, 77, 223);
INSERT INTO ITEMPED VALUES (3551, 78, 240);
INSERT INTO PEDIDO VALUES (3552, 60, 720, 720);
INSERT INTO ITEMPED VALUES (3552, 31, 268);
INSERT INTO ITEMPED VALUES (3552, 45, 280);
INSERT INTO ITEMPED VALUES (3552, 53, 56);
INSERT INTO PEDIDO VALUES (3553, 10, 290, 209);
INSERT INTO ITEMPED VALUES (3553, 22, 80);
INSERT INTO ITEMPED VALUES (3553, 25, 44);
INSERT INTO ITEMPED VALUES (3553, 31, 23);
INSERT INTO ITEMPED VALUES (3553, 45, 223);
INSERT INTO PEDIDO VALUES (3554, 20, 830, 213);
INSERT INTO ITEMPED VALUES (3554, 13, 69);
INSERT INTO PEDIDO VALUES (3555, 60, 260, 111);
INSERT INTO ITEMPED VALUES (3555, 53, 149);
INSERT INTO ITEMPED VALUES (3555, 77, 33);
INSERT INTO PEDIDO VALUES (3556, 10, 870, 720);
INSERT INTO ITEMPED VALUES (3556, 45, 14);
INSERT INTO ITEMPED VALUES (3556, 53, 239);
INSERT INTO ITEMPED VALUES (3556, 77, 257);
INSERT INTO ITEMPED VALUES (3556, 78, 56);
INSERT INTO ITEMPED VALUES (3556, 13, 37);
INSERT INTO ITEMPED VALUES (3556, 22, 265);
INSERT INTO PEDIDO VALUES (3557, 30, 410, 250);
INSERT INTO ITEMPED VALUES (3557, 13, 295);
INSERT INTO ITEMPED VALUES (3557, 22, 14);
INSERT INTO ITEMPED VALUES (3557, 25, 196);
INSERT INTO ITEMPED VALUES (3557, 31, 248);
INSERT INTO PEDIDO VALUES (3558, 10, 830, 101);
INSERT INTO ITEMPED VALUES (3558, 53, 59);
INSERT INTO ITEMPED VALUES (3558, 77, 244);
INSERT INTO PEDIDO VALUES (3559, 45, 720, 209);
INSERT INTO ITEMPED VALUES (3559, 25, 19);
INSERT INTO ITEMPED VALUES (3559, 31, 51);
INSERT INTO PEDIDO VALUES (3560, 30, 390, 101);
INSERT INTO ITEMPED VALUES (3560, 22, 147);
INSERT INTO ITEMPED VALUES (3560, 25, 131);
INSERT INTO ITEMPED VALUES (3560, 31, 75);
INSERT INTO ITEMPED VALUES (3560, 45, 192);
INSERT INTO ITEMPED VALUES (3560, 53, 86);
INSERT INTO PEDIDO VALUES (3561, 60, 871, 11);
INSERT INTO ITEMPED VALUES (3561, 53, 75);
INSERT INTO ITEMPED VALUES (3561, 77, 26);
INSERT INTO ITEMPED VALUES (3561, 78, 253);
INSERT INTO PEDIDO VALUES (3562, 10, 20, 209);
INSERT INTO ITEMPED VALUES (3562, 22, 96);
INSERT INTO ITEMPED VALUES (3562, 25, 72);
INSERT INTO ITEMPED VALUES (3562, 31, 251);
INSERT INTO ITEMPED VALUES (3562, 45, 247);
INSERT INTO PEDIDO VALUES (3563, 20, 290, 250);
INSERT INTO ITEMPED VALUES (3563, 77, 267);
INSERT INTO ITEMPED VALUES (3563, 78, 218);
INSERT INTO ITEMPED VALUES (3563, 13, 270);
INSERT INTO ITEMPED VALUES (3563, 22, 193);
INSERT INTO ITEMPED VALUES (3563, 25, 139);
INSERT INTO PEDIDO VALUES (3564, 45, 390, 209);
INSERT INTO ITEMPED VALUES (3564, 31, 248);
INSERT INTO PEDIDO VALUES (3565, 10, 20, 213);
INSERT INTO ITEMPED VALUES (3565, 22, 98);
INSERT INTO ITEMPED VALUES (3565, 25, 188);
INSERT INTO PEDIDO VALUES (3566, 30, 180, 11);
INSERT INTO ITEMPED VALUES (3566, 25, 183);
INSERT INTO ITEMPED VALUES (3566, 31, 36);
INSERT INTO ITEMPED VALUES (3566, 45, 59);
INSERT INTO ITEMPED VALUES (3566, 53, 147);
INSERT INTO ITEMPED VALUES (3566, 77, 115);
INSERT INTO PEDIDO VALUES (3567, 45, 410, 310);
INSERT INTO ITEMPED VALUES (3567, 77, 104);
INSERT INTO PEDIDO VALUES (3568, 60, 720, 720);
INSERT INTO ITEMPED VALUES (3568, 25, 119);
INSERT INTO ITEMPED VALUES (3568, 31, 173);
INSERT INTO ITEMPED VALUES (3568, 45, 171);
INSERT INTO PEDIDO VALUES (3569, 30, 110, 213);
INSERT INTO ITEMPED VALUES (3569, 13, 217);
INSERT INTO ITEMPED VALUES (3569, 22, 287);
INSERT INTO ITEMPED VALUES (3569, 25, 266);
INSERT INTO ITEMPED VALUES (3569, 31, 107);
INSERT INTO ITEMPED VALUES (3569, 45, 18);
INSERT INTO PEDIDO VALUES (3570, 60, 410, 240);
INSERT INTO ITEMPED VALUES (3570, 22, 274);
INSERT INTO ITEMPED VALUES (3570, 25, 262);
INSERT INTO PEDIDO VALUES (3571, 45, 871, 11);
INSERT INTO ITEMPED VALUES (3571, 31, 302);
INSERT INTO ITEMPED VALUES (3571, 45, 15);
INSERT INTO ITEMPED VALUES (3571, 53, 80);
INSERT INTO ITEMPED VALUES (3571, 77, 71);
INSERT INTO PEDIDO VALUES (3572, 60, 180, 111);
INSERT INTO ITEMPED VALUES (3572, 25, 49);
INSERT INTO ITEMPED VALUES (3572, 31, 250);
INSERT INTO ITEMPED VALUES (3572, 45, 232);
INSERT INTO ITEMPED VALUES (3572, 53, 183);
INSERT INTO ITEMPED VALUES (3572, 77, 29);
INSERT INTO ITEMPED VALUES (3572, 78, 112);
INSERT INTO PEDIDO VALUES (3573, 30, 20, 101);
INSERT INTO ITEMPED VALUES (3573, 22, 296);
INSERT INTO ITEMPED VALUES (3573, 25, 24);
INSERT INTO ITEMPED VALUES (3573, 31, 110);
INSERT INTO ITEMPED VALUES (3573, 45, 58);
INSERT INTO ITEMPED VALUES (3573, 53, 88);
INSERT INTO ITEMPED VALUES (3573, 77, 52);
INSERT INTO PEDIDO VALUES (3574, 45, 410, 209);
INSERT INTO ITEMPED VALUES (3574, 13, 182);
INSERT INTO ITEMPED VALUES (3574, 22, 48);
INSERT INTO ITEMPED VALUES (3574, 25, 192);
INSERT INTO PEDIDO VALUES (3575, 10, 390, 240);
INSERT INTO ITEMPED VALUES (3575, 31, 69);
INSERT INTO ITEMPED VALUES (3575, 45, 47);
INSERT INTO ITEMPED VALUES (3575, 53, 242);
INSERT INTO ITEMPED VALUES (3575, 77, 156);
INSERT INTO PEDIDO VALUES (3576, 20, 720, 101);
INSERT INTO ITEMPED VALUES (3576, 25, 295);
INSERT INTO ITEMPED VALUES (3576, 31, 270);
INSERT INTO ITEMPED VALUES (3576, 45, 266);
INSERT INTO ITEMPED VALUES (3576, 53, 150);
INSERT INTO PEDIDO VALUES (3577, 45, 260, 11);
INSERT INTO ITEMPED VALUES (3577, 78, 44);
INSERT INTO ITEMPED VALUES (3577, 13, 270);
INSERT INTO PEDIDO VALUES (3578, 30, 830, 310);
INSERT INTO ITEMPED VALUES (3578, 53, 22);
INSERT INTO ITEMPED VALUES (3578, 77, 158);
INSERT INTO ITEMPED VALUES (3578, 78, 203);
INSERT INTO ITEMPED VALUES (3578, 13, 230);
INSERT INTO PEDIDO VALUES (3579, 20, 260, 250);
INSERT INTO ITEMPED VALUES (3579, 45, 122);
INSERT INTO ITEMPED VALUES (3579, 53, 111);
INSERT INTO ITEMPED VALUES (3579, 77, 167);
INSERT INTO ITEMPED VALUES (3579, 78, 239);
INSERT INTO PEDIDO VALUES (3580, 30, 110, 11);
INSERT INTO ITEMPED VALUES (3580, 22, 66);
INSERT INTO ITEMPED VALUES (3580, 25, 107);
INSERT INTO PEDIDO VALUES (3581, 60, 260, 111);
INSERT INTO ITEMPED VALUES (3581, 78, 31);
INSERT INTO ITEMPED VALUES (3581, 13, 187);
INSERT INTO ITEMPED VALUES (3581, 22, 84);
INSERT INTO ITEMPED VALUES (3581, 25, 58);
INSERT INTO PEDIDO VALUES (3582, 30, 830, 209);
INSERT INTO ITEMPED VALUES (3582, 22, 215);
INSERT INTO ITEMPED VALUES (3582, 25, 5);
INSERT INTO ITEMPED VALUES (3582, 31, 136);
INSERT INTO ITEMPED VALUES (3582, 45, 115);
INSERT INTO ITEMPED VALUES (3582, 53, 103);
INSERT INTO PEDIDO VALUES (3583, 10, 180, 310);
INSERT INTO ITEMPED VALUES (3583, 31, 155);
INSERT INTO ITEMPED VALUES (3583, 45, 73);
INSERT INTO ITEMPED VALUES (3583, 53, 50);
INSERT INTO ITEMPED VALUES (3583, 77, 175);
INSERT INTO PEDIDO VALUES (3584, 30, 871, 11);
INSERT INTO ITEMPED VALUES (3584, 22, 300);
INSERT INTO ITEMPED VALUES (3584, 25, 136);
INSERT INTO ITEMPED VALUES (3584, 31, 79);
INSERT INTO ITEMPED VALUES (3584, 45, 45);
INSERT INTO PEDIDO VALUES (3585, 20, 870, 250);
INSERT INTO ITEMPED VALUES (3585, 78, 71);
INSERT INTO ITEMPED VALUES (3585, 13, 256);
INSERT INTO ITEMPED VALUES (3585, 22, 22);
INSERT INTO ITEMPED VALUES (3585, 25, 213);
INSERT INTO ITEMPED VALUES (3585, 31, 243);
INSERT INTO ITEMPED VALUES (3585, 45, 35);
INSERT INTO PEDIDO VALUES (3586, 45, 180, 213);
INSERT INTO ITEMPED VALUES (3586, 13, 244);
INSERT INTO ITEMPED VALUES (3586, 22, 175);
INSERT INTO PEDIDO VALUES (3587, 30, 20, 11);
INSERT INTO ITEMPED VALUES (3587, 53, 12);
INSERT INTO ITEMPED VALUES (3587, 77, 149);
INSERT INTO ITEMPED VALUES (3587, 78, 167);
INSERT INTO ITEMPED VALUES (3587, 13, 248);
INSERT INTO PEDIDO VALUES (3588, 45, 870, 250);
INSERT INTO ITEMPED VALUES (3588, 22, 117);
INSERT INTO ITEMPED VALUES (3588, 25, 297);
INSERT INTO PEDIDO VALUES (3589, 60, 260, 111);
INSERT INTO ITEMPED VALUES (3589, 77, 182);
INSERT INTO ITEMPED VALUES (3589, 78, 184);
INSERT INTO ITEMPED VALUES (3589, 13, 198);
INSERT INTO ITEMPED VALUES (3589, 22, 237);
INSERT INTO ITEMPED VALUES (3589, 25, 158);
INSERT INTO ITEMPED VALUES (3589, 31, 296);
INSERT INTO PEDIDO VALUES (3590, 10, 290, 213);
INSERT INTO ITEMPED VALUES (3590, 31, 176);
INSERT INTO ITEMPED VALUES (3590, 45, 110);
INSERT INTO ITEMPED VALUES (3590, 53, 104);
INSERT INTO ITEMPED VALUES (3590, 77, 244);
INSERT INTO ITEMPED VALUES (3590, 78, 114);
INSERT INTO ITEMPED VALUES (3590, 13, 57);
INSERT INTO PEDIDO VALUES (3591, 45, 180, 209);
INSERT INTO ITEMPED VALUES (3591, 22, 137);
INSERT INTO ITEMPED VALUES (3591, 25, 105);
INSERT INTO ITEMPED VALUES (3591, 31, 299);
INSERT INTO ITEMPED VALUES (3591, 45, 237);
INSERT INTO ITEMPED VALUES (3591, 53, 29);
INSERT INTO PEDIDO VALUES (3592, 10, 20, 240);
INSERT INTO ITEMPED VALUES (3592, 53, 81);
INSERT INTO ITEMPED VALUES (3592, 77, 35);
INSERT INTO ITEMPED VALUES (3592, 78, 244);
INSERT INTO ITEMPED VALUES (3592, 13, 130);
INSERT INTO PEDIDO VALUES (3593, 60, 870, 213);
INSERT INTO ITEMPED VALUES (3593, 25, 120);
INSERT INTO ITEMPED VALUES (3593, 31, 246);
INSERT INTO PEDIDO VALUES (3594, 30, 830, 250);
INSERT INTO ITEMPED VALUES (3594, 53, 121);
INSERT INTO ITEMPED VALUES (3594, 77, 292);
INSERT INTO PEDIDO VALUES (3595, 60, 870, 11);
INSERT INTO ITEMPED VALUES (3595, 31, 243);
INSERT INTO PEDIDO VALUES (3596, 45, 871, 111);
INSERT INTO ITEMPED VALUES (3596, 22, 136);
INSERT INTO ITEMPED VALUES (3596, 25, 22);
INSERT INTO ITEMPED VALUES (3596, 31, 97);
INSERT INTO ITEMPED VALUES (3596, 45, 147);
INSERT INTO ITEMPED VALUES (3596, 53, 197);
INSERT INTO PEDIDO VALUES (3597, 10, 390, 720);
INSERT INTO ITEMPED VALUES (3597, 13, 193);
INSERT INTO ITEMPED VALUES (3597, 22, 154);
INSERT INTO ITEMPED VALUES (3597, 25, 216);
INSERT INTO ITEMPED VALUES (3597, 31, 143);
INSERT INTO ITEMPED VALUES (3597, 45, 218);
INSERT INTO PEDIDO VALUES (3598, 30, 110, 213);
INSERT INTO ITEMPED VALUES (3598, 31, 78);
INSERT INTO ITEMPED VALUES (3598, 45, 276);
INSERT INTO ITEMPED VALUES (3598, 53, 217);
INSERT INTO ITEMPED VALUES (3598, 77, 138);
INSERT INTO ITEMPED VALUES (3598, 78, 23);
INSERT INTO ITEMPED VALUES (3598, 13, 262);
INSERT INTO PEDIDO VALUES (3599, 10, 290, 720);
INSERT INTO ITEMPED VALUES (3599, 13, 289);
INSERT INTO ITEMPED VALUES (3599, 22, 205);
INSERT INTO ITEMPED VALUES (3599, 25, 60);
INSERT INTO ITEMPED VALUES (3599, 31, 260);
INSERT INTO ITEMPED VALUES (3599, 45, 101);
INSERT INTO ITEMPED VALUES (3599, 53, 205);
INSERT INTO PEDIDO VALUES (3600, 60, 390, 101);
INSERT INTO ITEMPED VALUES (3600, 78, 190);
INSERT INTO ITEMPED VALUES (3600, 13, 70);
INSERT INTO ITEMPED VALUES (3600, 22, 267);
INSERT INTO ITEMPED VALUES (3600, 25, 274);
INSERT INTO ITEMPED VALUES (3600, 31, 25);
INSERT INTO ITEMPED VALUES (3600, 45, 248);
INSERT INTO PEDIDO VALUES (3601, 45, 290, 310);
INSERT INTO ITEMPED VALUES (3601, 22, 240);
INSERT INTO ITEMPED VALUES (3601, 25, 124);
INSERT INTO ITEMPED VALUES (3601, 31, 121);
INSERT INTO ITEMPED VALUES (3601, 45, 36);
INSERT INTO ITEMPED VALUES (3601, 53, 290);
INSERT INTO PEDIDO VALUES (3602, 10, 390, 213);
INSERT INTO ITEMPED VALUES (3602, 77, 7);
INSERT INTO ITEMPED VALUES (3602, 78, 154);
INSERT INTO ITEMPED VALUES (3602, 13, 268);
INSERT INTO PEDIDO VALUES (3603, 60, 260, 101);
INSERT INTO ITEMPED VALUES (3603, 25, 139);
INSERT INTO ITEMPED VALUES (3603, 31, 100);
INSERT INTO ITEMPED VALUES (3603, 45, 288);
INSERT INTO ITEMPED VALUES (3603, 53, 225);
INSERT INTO ITEMPED VALUES (3603, 77, 22);
INSERT INTO PEDIDO VALUES (3604, 45, 390, 209);
INSERT INTO ITEMPED VALUES (3604, 31, 146);
INSERT INTO ITEMPED VALUES (3604, 45, 271);
INSERT INTO ITEMPED VALUES (3604, 53, 10);
INSERT INTO ITEMPED VALUES (3604, 77, 10);
INSERT INTO ITEMPED VALUES (3604, 78, 62);
INSERT INTO ITEMPED VALUES (3604, 13, 92);
INSERT INTO PEDIDO VALUES (3605, 60, 260, 240);
INSERT INTO ITEMPED VALUES (3605, 77, 215);
INSERT INTO ITEMPED VALUES (3605, 78, 278);
INSERT INTO PEDIDO VALUES (3606, 30, 870, 213);
INSERT INTO ITEMPED VALUES (3606, 22, 146);
INSERT INTO ITEMPED VALUES (3606, 25, 154);
INSERT INTO ITEMPED VALUES (3606, 31, 87);
INSERT INTO ITEMPED VALUES (3606, 45, 129);
INSERT INTO ITEMPED VALUES (3606, 53, 23);
INSERT INTO ITEMPED VALUES (3606, 77, 85);
INSERT INTO PEDIDO VALUES (3607, 10, 180, 11);
INSERT INTO ITEMPED VALUES (3607, 13, 212);
INSERT INTO ITEMPED VALUES (3607, 22, 246);
INSERT INTO ITEMPED VALUES (3607, 25, 186);
INSERT INTO PEDIDO VALUES (3608, 45, 390, 250);
INSERT INTO ITEMPED VALUES (3608, 45, 165);
INSERT INTO ITEMPED VALUES (3608, 53, 61);
INSERT INTO PEDIDO VALUES (3609, 30, 110, 209);
INSERT INTO ITEMPED VALUES (3609, 13, 97);
INSERT INTO ITEMPED VALUES (3609, 22, 125);
INSERT INTO ITEMPED VALUES (3609, 25, 120);
INSERT INTO ITEMPED VALUES (3609, 31, 108);
INSERT INTO PEDIDO VALUES (3610, 60, 871, 310);
INSERT INTO ITEMPED VALUES (3610, 22, 224);
INSERT INTO ITEMPED VALUES (3610, 25, 29);
INSERT INTO ITEMPED VALUES (3610, 31, 100);
INSERT INTO ITEMPED VALUES (3610, 45, 298);
INSERT INTO ITEMPED VALUES (3610, 53, 15);
INSERT INTO PEDIDO VALUES (3611, 20, 390, 250);
INSERT INTO ITEMPED VALUES (3611, 31, 119);
INSERT INTO ITEMPED VALUES (3611, 45, 107);
INSERT INTO ITEMPED VALUES (3611, 53, 96);
INSERT INTO PEDIDO VALUES (3612, 60, 110, 11);
INSERT INTO ITEMPED VALUES (3612, 78, 279);
INSERT INTO ITEMPED VALUES (3612, 13, 63);
INSERT INTO ITEMPED VALUES (3612, 22, 58);
INSERT INTO ITEMPED VALUES (3612, 25, 251);
INSERT INTO ITEMPED VALUES (3612, 31, 38);
INSERT INTO ITEMPED VALUES (3612, 45, 35);
INSERT INTO PEDIDO VALUES (3613, 20, 720, 101);
INSERT INTO ITEMPED VALUES (3613, 77, 160);
INSERT INTO ITEMPED VALUES (3613, 78, 254);
INSERT INTO PEDIDO VALUES (3614, 45, 260, 250);
INSERT INTO ITEMPED VALUES (3614, 53, 109);
INSERT INTO ITEMPED VALUES (3614, 77, 150);
INSERT INTO ITEMPED VALUES (3614, 78, 156);
INSERT INTO ITEMPED VALUES (3614, 13, 6);
INSERT INTO ITEMPED VALUES (3614, 22, 293);
INSERT INTO ITEMPED VALUES (3614, 25, 208);
INSERT INTO PEDIDO VALUES (3615, 20, 180, 209);
INSERT INTO ITEMPED VALUES (3615, 25, 99);
INSERT INTO ITEMPED VALUES (3615, 31, 145);
INSERT INTO ITEMPED VALUES (3615, 45, 91);
INSERT INTO PEDIDO VALUES (3616, 10, 720, 213);
INSERT INTO ITEMPED VALUES (3616, 13, 26);
INSERT INTO ITEMPED VALUES (3616, 22, 46);
INSERT INTO ITEMPED VALUES (3616, 25, 77);
INSERT INTO ITEMPED VALUES (3616, 31, 302);
INSERT INTO ITEMPED VALUES (3616, 45, 272);
INSERT INTO PEDIDO VALUES (3617, 60, 870, 111);
INSERT INTO ITEMPED VALUES (3617, 45, 246);
INSERT INTO PEDIDO VALUES (3618, 20, 20, 250);
INSERT INTO ITEMPED VALUES (3618, 22, 166);
INSERT INTO ITEMPED VALUES (3618, 25, 288);
INSERT INTO ITEMPED VALUES (3618, 31, 141);
INSERT INTO ITEMPED VALUES (3618, 45, 92);
INSERT INTO ITEMPED VALUES (3618, 53, 39);
INSERT INTO ITEMPED VALUES (3618, 77, 137);
INSERT INTO PEDIDO VALUES (3619, 10, 260, 111);
INSERT INTO ITEMPED VALUES (3619, 53, 223);
INSERT INTO ITEMPED VALUES (3619, 77, 37);
INSERT INTO ITEMPED VALUES (3619, 78, 38);
INSERT INTO ITEMPED VALUES (3619, 13, 10);
INSERT INTO ITEMPED VALUES (3619, 22, 35);
INSERT INTO ITEMPED VALUES (3619, 25, 231);
INSERT INTO PEDIDO VALUES (3620, 30, 110, 101);
INSERT INTO ITEMPED VALUES (3620, 77, 251);
INSERT INTO ITEMPED VALUES (3620, 78, 69);
INSERT INTO ITEMPED VALUES (3620, 13, 264);
INSERT INTO ITEMPED VALUES (3620, 22, 103);
INSERT INTO PEDIDO VALUES (3621, 60, 180, 111);
INSERT INTO ITEMPED VALUES (3621, 25, 147);
INSERT INTO ITEMPED VALUES (3621, 31, 271);
INSERT INTO PEDIDO VALUES (3622, 10, 390, 213);
INSERT INTO ITEMPED VALUES (3622, 31, 86);
INSERT INTO PEDIDO VALUES (3623, 20, 410, 240);
INSERT INTO ITEMPED VALUES (3623, 22, 227);
INSERT INTO ITEMPED VALUES (3623, 25, 288);
INSERT INTO ITEMPED VALUES (3623, 31, 158);
INSERT INTO ITEMPED VALUES (3623, 45, 64);
INSERT INTO PEDIDO VALUES (3624, 10, 720, 11);
INSERT INTO ITEMPED VALUES (3624, 25, 291);
INSERT INTO PEDIDO VALUES (3625, 30, 110, 213);
INSERT INTO ITEMPED VALUES (3625, 53, 134);
INSERT INTO ITEMPED VALUES (3625, 77, 92);
INSERT INTO PEDIDO VALUES (3626, 45, 180, 250);
INSERT INTO ITEMPED VALUES (3626, 78, 289);
INSERT INTO ITEMPED VALUES (3626, 13, 296);
INSERT INTO ITEMPED VALUES (3626, 22, 108);
INSERT INTO ITEMPED VALUES (3626, 25, 122);
INSERT INTO ITEMPED VALUES (3626, 31, 268);
INSERT INTO PEDIDO VALUES (3627, 10, 410, 209);
INSERT INTO ITEMPED VALUES (3627, 45, 167);
INSERT INTO ITEMPED VALUES (3627, 53, 201);
INSERT INTO ITEMPED VALUES (3627, 77, 90);
INSERT INTO ITEMPED VALUES (3627, 78, 202);
INSERT INTO PEDIDO VALUES (3628, 45, 830, 310);
INSERT INTO ITEMPED VALUES (3628, 13, 182);
INSERT INTO ITEMPED VALUES (3628, 22, 99);
INSERT INTO ITEMPED VALUES (3628, 25, 126);
INSERT INTO PEDIDO VALUES (3629, 30, 290, 209);
INSERT INTO ITEMPED VALUES (3629, 78, 66);
INSERT INTO ITEMPED VALUES (3629, 13, 151);
INSERT INTO ITEMPED VALUES (3629, 22, 144);
INSERT INTO ITEMPED VALUES (3629, 25, 156);
INSERT INTO ITEMPED VALUES (3629, 31, 279);
INSERT INTO ITEMPED VALUES (3629, 45, 276);
INSERT INTO PEDIDO VALUES (3630, 45, 720, 11);
INSERT INTO ITEMPED VALUES (3630, 53, 164);
INSERT INTO ITEMPED VALUES (3630, 77, 165);
INSERT INTO PEDIDO VALUES (3631, 10, 110, 310);
INSERT INTO ITEMPED VALUES (3631, 13, 133);
INSERT INTO PEDIDO VALUES (3632, 30, 180, 720);
INSERT INTO ITEMPED VALUES (3632, 45, 238);
INSERT INTO ITEMPED VALUES (3632, 53, 207);
INSERT INTO PEDIDO VALUES (3633, 60, 390, 310);
INSERT INTO ITEMPED VALUES (3633, 22, 74);
INSERT INTO ITEMPED VALUES (3633, 25, 61);
INSERT INTO ITEMPED VALUES (3633, 31, 96);
INSERT INTO ITEMPED VALUES (3633, 45, 35);
INSERT INTO ITEMPED VALUES (3633, 53, 286);
INSERT INTO PEDIDO VALUES (3634, 30, 871, 111);
INSERT INTO ITEMPED VALUES (3634, 53, 73);
INSERT INTO ITEMPED VALUES (3634, 77, 208);
INSERT INTO ITEMPED VALUES (3634, 78, 99);
INSERT INTO ITEMPED VALUES (3634, 13, 148);
INSERT INTO ITEMPED VALUES (3634, 22, 292);
INSERT INTO ITEMPED VALUES (3634, 25, 245);
INSERT INTO PEDIDO VALUES (3635, 45, 180, 213);
INSERT INTO ITEMPED VALUES (3635, 78, 233);
INSERT INTO ITEMPED VALUES (3635, 13, 120);
INSERT INTO ITEMPED VALUES (3635, 22, 30);
INSERT INTO ITEMPED VALUES (3635, 25, 94);
INSERT INTO PEDIDO VALUES (3636, 20, 260, 101);
INSERT INTO ITEMPED VALUES (3636, 13, 91);
INSERT INTO ITEMPED VALUES (3636, 22, 239);
INSERT INTO ITEMPED VALUES (3636, 25, 14);
INSERT INTO ITEMPED VALUES (3636, 31, 234);
INSERT INTO ITEMPED VALUES (3636, 45, 279);
INSERT INTO PEDIDO VALUES (3637, 45, 180, 213);
INSERT INTO ITEMPED VALUES (3637, 53, 205);
INSERT INTO ITEMPED VALUES (3637, 77, 132);
INSERT INTO ITEMPED VALUES (3637, 78, 200);
INSERT INTO PEDIDO VALUES (3638, 10, 870, 11);
INSERT INTO ITEMPED VALUES (3638, 45, 239);
INSERT INTO ITEMPED VALUES (3638, 53, 75);
INSERT INTO ITEMPED VALUES (3638, 77, 46);
INSERT INTO ITEMPED VALUES (3638, 78, 214);
INSERT INTO ITEMPED VALUES (3638, 13, 97);
INSERT INTO PEDIDO VALUES (3639, 20, 390, 111);
INSERT INTO ITEMPED VALUES (3639, 78, 38);
INSERT INTO ITEMPED VALUES (3639, 13, 32);
INSERT INTO ITEMPED VALUES (3639, 22, 47);
INSERT INTO ITEMPED VALUES (3639, 25, 210);
INSERT INTO PEDIDO VALUES (3640, 60, 20, 720);
INSERT INTO ITEMPED VALUES (3640, 31, 29);
INSERT INTO ITEMPED VALUES (3640, 45, 134);
INSERT INTO ITEMPED VALUES (3640, 53, 262);
INSERT INTO ITEMPED VALUES (3640, 77, 201);
INSERT INTO ITEMPED VALUES (3640, 78, 215);
INSERT INTO ITEMPED VALUES (3640, 13, 296);
INSERT INTO PEDIDO VALUES (3641, 45, 260, 213);
INSERT INTO ITEMPED VALUES (3641, 53, 49);
INSERT INTO ITEMPED VALUES (3641, 77, 212);
INSERT INTO ITEMPED VALUES (3641, 78, 169);
INSERT INTO ITEMPED VALUES (3641, 13, 244);
INSERT INTO ITEMPED VALUES (3641, 22, 216);
INSERT INTO ITEMPED VALUES (3641, 25, 157);
INSERT INTO PEDIDO VALUES (3642, 10, 871, 101);
INSERT INTO ITEMPED VALUES (3642, 22, 50);
INSERT INTO ITEMPED VALUES (3642, 25, 268);
INSERT INTO PEDIDO VALUES (3643, 45, 180, 250);
INSERT INTO ITEMPED VALUES (3643, 77, 119);
INSERT INTO PEDIDO VALUES (3644, 10, 110, 209);
INSERT INTO ITEMPED VALUES (3644, 13, 255);
INSERT INTO ITEMPED VALUES (3644, 22, 108);
INSERT INTO ITEMPED VALUES (3644, 25, 244);
INSERT INTO ITEMPED VALUES (3644, 31, 117);
INSERT INTO ITEMPED VALUES (3644, 45, 131);
INSERT INTO ITEMPED VALUES (3644, 53, 165);
INSERT INTO PEDIDO VALUES (3645, 20, 871, 111);
INSERT INTO ITEMPED VALUES (3645, 31, 74);
INSERT INTO ITEMPED VALUES (3645, 45, 55);
INSERT INTO ITEMPED VALUES (3645, 53, 205);
INSERT INTO ITEMPED VALUES (3645, 77, 49);
INSERT INTO PEDIDO VALUES (3646, 10, 830, 209);
INSERT INTO ITEMPED VALUES (3646, 78, 11);
INSERT INTO ITEMPED VALUES (3646, 13, 63);
INSERT INTO ITEMPED VALUES (3646, 22, 141);
INSERT INTO ITEMPED VALUES (3646, 25, 131);
INSERT INTO ITEMPED VALUES (3646, 31, 194);
INSERT INTO ITEMPED VALUES (3646, 45, 94);
INSERT INTO PEDIDO VALUES (3647, 60, 871, 720);
INSERT INTO ITEMPED VALUES (3647, 25, 146);
INSERT INTO ITEMPED VALUES (3647, 31, 35);
INSERT INTO ITEMPED VALUES (3647, 45, 299);
INSERT INTO ITEMPED VALUES (3647, 53, 102);
INSERT INTO PEDIDO VALUES (3648, 10, 290, 250);
INSERT INTO ITEMPED VALUES (3648, 78, 293);
INSERT INTO ITEMPED VALUES (3648, 13, 91);
INSERT INTO ITEMPED VALUES (3648, 22, 168);
INSERT INTO ITEMPED VALUES (3648, 25, 137);
INSERT INTO ITEMPED VALUES (3648, 31, 62);
INSERT INTO PEDIDO VALUES (3649, 30, 390, 11);
INSERT INTO ITEMPED VALUES (3649, 22, 120);
INSERT INTO ITEMPED VALUES (3649, 25, 217);
INSERT INTO ITEMPED VALUES (3649, 31, 75);
INSERT INTO ITEMPED VALUES (3649, 45, 35);
INSERT INTO PEDIDO VALUES (3650, 60, 180, 250);
INSERT INTO ITEMPED VALUES (3650, 53, 292);
INSERT INTO PEDIDO VALUES (3651, 30, 390, 111);
INSERT INTO ITEMPED VALUES (3651, 25, 65);
INSERT INTO ITEMPED VALUES (3651, 31, 238);
INSERT INTO ITEMPED VALUES (3651, 45, 284);
INSERT INTO ITEMPED VALUES (3651, 53, 132);
INSERT INTO PEDIDO VALUES (3652, 10, 870, 101);
INSERT INTO ITEMPED VALUES (3652, 78, 130);
INSERT INTO ITEMPED VALUES (3652, 13, 99);
INSERT INTO ITEMPED VALUES (3652, 22, 7);
INSERT INTO ITEMPED VALUES (3652, 25, 122);
INSERT INTO ITEMPED VALUES (3652, 31, 171);
INSERT INTO PEDIDO VALUES (3653, 60, 720, 720);
INSERT INTO ITEMPED VALUES (3653, 25, 229);
INSERT INTO ITEMPED VALUES (3653, 31, 7);
INSERT INTO ITEMPED VALUES (3653, 45, 281);
INSERT INTO ITEMPED VALUES (3653, 53, 291);
INSERT INTO ITEMPED VALUES (3653, 77, 141);
INSERT INTO PEDIDO VALUES (3654, 30, 260, 111);
INSERT INTO ITEMPED VALUES (3654, 78, 94);
INSERT INTO ITEMPED VALUES (3654, 13, 87);
INSERT INTO ITEMPED VALUES (3654, 22, 181);
INSERT INTO ITEMPED VALUES (3654, 25, 234);
INSERT INTO ITEMPED VALUES (3654, 31, 212);
INSERT INTO PEDIDO VALUES (3655, 20, 871, 213);
INSERT INTO ITEMPED VALUES (3655, 77, 298);
INSERT INTO PEDIDO VALUES (3656, 30, 20, 240);
INSERT INTO ITEMPED VALUES (3656, 25, 170);
INSERT INTO PEDIDO VALUES (3657, 20, 180, 310);
INSERT INTO ITEMPED VALUES (3657, 13, 108);
INSERT INTO ITEMPED VALUES (3657, 22, 53);
INSERT INTO ITEMPED VALUES (3657, 25, 112);
INSERT INTO PEDIDO VALUES (3658, 30, 410, 101);
INSERT INTO ITEMPED VALUES (3658, 45, 30);
INSERT INTO ITEMPED VALUES (3658, 53, 177);
INSERT INTO ITEMPED VALUES (3658, 77, 64);
INSERT INTO ITEMPED VALUES (3658, 78, 144);
INSERT INTO ITEMPED VALUES (3658, 13, 7);
INSERT INTO PEDIDO VALUES (3659, 10, 870, 720);
INSERT INTO ITEMPED VALUES (3659, 78, 69);
INSERT INTO ITEMPED VALUES (3659, 13, 94);
INSERT INTO ITEMPED VALUES (3659, 22, 183);
INSERT INTO PEDIDO VALUES (3660, 45, 871, 209);
INSERT INTO ITEMPED VALUES (3660, 31, 119);
INSERT INTO ITEMPED VALUES (3660, 45, 79);
INSERT INTO ITEMPED VALUES (3660, 53, 36);
INSERT INTO ITEMPED VALUES (3660, 77, 97);
INSERT INTO ITEMPED VALUES (3660, 78, 24);
INSERT INTO ITEMPED VALUES (3660, 13, 142);
INSERT INTO PEDIDO VALUES (3661, 20, 260, 250);
INSERT INTO ITEMPED VALUES (3661, 77, 219);
INSERT INTO PEDIDO VALUES (3662, 10, 110, 209);
INSERT INTO ITEMPED VALUES (3662, 53, 226);
INSERT INTO ITEMPED VALUES (3662, 77, 38);
INSERT INTO ITEMPED VALUES (3662, 78, 298);
INSERT INTO ITEMPED VALUES (3662, 13, 271);
INSERT INTO PEDIDO VALUES (3663, 30, 410, 213);
INSERT INTO ITEMPED VALUES (3663, 22, 32);
INSERT INTO ITEMPED VALUES (3663, 25, 191);
INSERT INTO ITEMPED VALUES (3663, 31, 206);
INSERT INTO PEDIDO VALUES (3664, 45, 390, 240);
INSERT INTO ITEMPED VALUES (3664, 45, 158);
INSERT INTO ITEMPED VALUES (3664, 53, 95);
INSERT INTO ITEMPED VALUES (3664, 77, 78);
INSERT INTO ITEMPED VALUES (3664, 78, 266);
INSERT INTO ITEMPED VALUES (3664, 13, 107);
INSERT INTO PEDIDO VALUES (3665, 10, 720, 250);
INSERT INTO ITEMPED VALUES (3665, 53, 99);
INSERT INTO PEDIDO VALUES (3666, 20, 290, 310);
INSERT INTO ITEMPED VALUES (3666, 13, 218);
INSERT INTO ITEMPED VALUES (3666, 22, 81);
INSERT INTO ITEMPED VALUES (3666, 25, 176);
INSERT INTO PEDIDO VALUES (3667, 45, 871, 111);
INSERT INTO ITEMPED VALUES (3667, 45, 297);
INSERT INTO ITEMPED VALUES (3667, 53, 64);
INSERT INTO ITEMPED VALUES (3667, 77, 223);
INSERT INTO ITEMPED VALUES (3667, 78, 105);
INSERT INTO ITEMPED VALUES (3667, 13, 248);
INSERT INTO PEDIDO VALUES (3668, 60, 180, 240);
INSERT INTO ITEMPED VALUES (3668, 77, 219);
INSERT INTO PEDIDO VALUES (3669, 45, 871, 111);
INSERT INTO ITEMPED VALUES (3669, 45, 279);
INSERT INTO ITEMPED VALUES (3669, 53, 156);
INSERT INTO PEDIDO VALUES (3670, 60, 110, 213);
INSERT INTO ITEMPED VALUES (3670, 78, 97);
INSERT INTO ITEMPED VALUES (3670, 13, 35);
INSERT INTO PEDIDO VALUES (3671, 45, 720, 250);
INSERT INTO ITEMPED VALUES (3671, 53, 131);
INSERT INTO ITEMPED VALUES (3671, 77, 133);
INSERT INTO ITEMPED VALUES (3671, 78, 88);
INSERT INTO ITEMPED VALUES (3671, 13, 225);
INSERT INTO ITEMPED VALUES (3671, 22, 257);
INSERT INTO ITEMPED VALUES (3671, 25, 154);
INSERT INTO PEDIDO VALUES (3672, 20, 20, 11);
INSERT INTO ITEMPED VALUES (3672, 31, 206);
INSERT INTO ITEMPED VALUES (3672, 45, 196);
INSERT INTO ITEMPED VALUES (3672, 53, 66);
INSERT INTO PEDIDO VALUES (3673, 60, 870, 209);
INSERT INTO ITEMPED VALUES (3673, 45, 160);
INSERT INTO PEDIDO VALUES (3674, 30, 871, 111);
INSERT INTO ITEMPED VALUES (3674, 53, 16);
INSERT INTO ITEMPED VALUES (3674, 77, 110);
INSERT INTO PEDIDO VALUES (3675, 20, 720, 209);
INSERT INTO ITEMPED VALUES (3675, 45, 195);
INSERT INTO ITEMPED VALUES (3675, 53, 123);
INSERT INTO ITEMPED VALUES (3675, 77, 276);
INSERT INTO ITEMPED VALUES (3675, 78, 120);
INSERT INTO ITEMPED VALUES (3675, 13, 171);
INSERT INTO ITEMPED VALUES (3675, 22, 240);
INSERT INTO PEDIDO VALUES (3676, 30, 110, 111);
INSERT INTO ITEMPED VALUES (3676, 78, 210);
INSERT INTO PEDIDO VALUES (3677, 10, 410, 240);
INSERT INTO ITEMPED VALUES (3677, 13, 82);
INSERT INTO ITEMPED VALUES (3677, 22, 250);
INSERT INTO ITEMPED VALUES (3677, 25, 131);
INSERT INTO ITEMPED VALUES (3677, 31, 282);
INSERT INTO ITEMPED VALUES (3677, 45, 178);
INSERT INTO ITEMPED VALUES (3677, 53, 299);
INSERT INTO PEDIDO VALUES (3678, 20, 20, 111);
INSERT INTO ITEMPED VALUES (3678, 25, 38);
INSERT INTO ITEMPED VALUES (3678, 31, 257);
INSERT INTO ITEMPED VALUES (3678, 45, 130);
INSERT INTO ITEMPED VALUES (3678, 53, 277);
INSERT INTO ITEMPED VALUES (3678, 77, 67);
INSERT INTO ITEMPED VALUES (3678, 78, 177);
INSERT INTO PEDIDO VALUES (3679, 60, 180, 240);
INSERT INTO ITEMPED VALUES (3679, 31, 186);
INSERT INTO PEDIDO VALUES (3680, 30, 110, 209);
INSERT INTO ITEMPED VALUES (3680, 22, 301);
INSERT INTO ITEMPED VALUES (3680, 25, 179);
INSERT INTO ITEMPED VALUES (3680, 31, 181);
INSERT INTO ITEMPED VALUES (3680, 45, 70);
INSERT INTO PEDIDO VALUES (3681, 45, 830, 111);
INSERT INTO ITEMPED VALUES (3681, 25, 292);
INSERT INTO ITEMPED VALUES (3681, 31, 234);
INSERT INTO ITEMPED VALUES (3681, 45, 104);
INSERT INTO ITEMPED VALUES (3681, 53, 220);
INSERT INTO ITEMPED VALUES (3681, 77, 211);
INSERT INTO PEDIDO VALUES (3682, 20, 720, 101);
INSERT INTO ITEMPED VALUES (3682, 13, 150);
INSERT INTO ITEMPED VALUES (3682, 22, 283);
INSERT INTO ITEMPED VALUES (3682, 25, 102);
INSERT INTO ITEMPED VALUES (3682, 31, 163);
INSERT INTO ITEMPED VALUES (3682, 45, 239);
INSERT INTO PEDIDO VALUES (3683, 60, 390, 310);
INSERT INTO ITEMPED VALUES (3683, 22, 129);
INSERT INTO ITEMPED VALUES (3683, 25, 120);
INSERT INTO ITEMPED VALUES (3683, 31, 206);
INSERT INTO ITEMPED VALUES (3683, 45, 40);
INSERT INTO ITEMPED VALUES (3683, 53, 260);
INSERT INTO ITEMPED VALUES (3683, 77, 80);
INSERT INTO PEDIDO VALUES (3684, 45, 290, 720);
INSERT INTO ITEMPED VALUES (3684, 13, 275);
INSERT INTO PEDIDO VALUES (3685, 30, 830, 101);
INSERT INTO ITEMPED VALUES (3685, 31, 240);
INSERT INTO ITEMPED VALUES (3685, 45, 215);
INSERT INTO ITEMPED VALUES (3685, 53, 230);
INSERT INTO PEDIDO VALUES (3686, 45, 180, 720);
INSERT INTO ITEMPED VALUES (3686, 53, 211);
INSERT INTO ITEMPED VALUES (3686, 77, 190);
INSERT INTO ITEMPED VALUES (3686, 78, 298);
INSERT INTO ITEMPED VALUES (3686, 13, 46);
INSERT INTO PEDIDO VALUES (3687, 60, 110, 310);
INSERT INTO ITEMPED VALUES (3687, 25, 236);
INSERT INTO ITEMPED VALUES (3687, 31, 4);
INSERT INTO ITEMPED VALUES (3687, 45, 114);
INSERT INTO ITEMPED VALUES (3687, 53, 215);
INSERT INTO ITEMPED VALUES (3687, 77, 64);
INSERT INTO ITEMPED VALUES (3687, 78, 23);
INSERT INTO PEDIDO VALUES (3688, 20, 20, 250);
INSERT INTO ITEMPED VALUES (3688, 45, 147);
INSERT INTO PEDIDO VALUES (3689, 45, 830, 213);
INSERT INTO ITEMPED VALUES (3689, 22, 98);
INSERT INTO PEDIDO VALUES (3690, 20, 871, 209);
INSERT INTO ITEMPED VALUES (3690, 25, 201);
INSERT INTO ITEMPED VALUES (3690, 31, 172);
INSERT INTO ITEMPED VALUES (3690, 45, 226);
INSERT INTO ITEMPED VALUES (3690, 53, 41);
INSERT INTO ITEMPED VALUES (3690, 77, 79);
INSERT INTO ITEMPED VALUES (3690, 78, 60);
INSERT INTO PEDIDO VALUES (3691, 45, 260, 213);
INSERT INTO ITEMPED VALUES (3691, 31, 75);
INSERT INTO ITEMPED VALUES (3691, 45, 88);
INSERT INTO ITEMPED VALUES (3691, 53, 54);
INSERT INTO ITEMPED VALUES (3691, 77, 159);
INSERT INTO PEDIDO VALUES (3692, 30, 870, 111);
INSERT INTO ITEMPED VALUES (3692, 25, 150);
INSERT INTO PEDIDO VALUES (3693, 20, 720, 209);
INSERT INTO ITEMPED VALUES (3693, 22, 117);
INSERT INTO ITEMPED VALUES (3693, 25, 208);
INSERT INTO PEDIDO VALUES (3694, 10, 830, 310);
INSERT INTO ITEMPED VALUES (3694, 13, 55);
INSERT INTO ITEMPED VALUES (3694, 22, 164);
INSERT INTO PEDIDO VALUES (3695, 45, 871, 720);
INSERT INTO ITEMPED VALUES (3695, 78, 185);
INSERT INTO ITEMPED VALUES (3695, 13, 298);
INSERT INTO ITEMPED VALUES (3695, 22, 244);
INSERT INTO ITEMPED VALUES (3695, 25, 212);
INSERT INTO PEDIDO VALUES (3696, 60, 110, 240);
INSERT INTO ITEMPED VALUES (3696, 77, 302);
INSERT INTO ITEMPED VALUES (3696, 78, 262);
INSERT INTO ITEMPED VALUES (3696, 13, 156);
INSERT INTO ITEMPED VALUES (3696, 22, 291);
INSERT INTO ITEMPED VALUES (3696, 25, 114);
INSERT INTO ITEMPED VALUES (3696, 31, 254);
INSERT INTO PEDIDO VALUES (3697, 20, 720, 720);
INSERT INTO ITEMPED VALUES (3697, 78, 235);
INSERT INTO PEDIDO VALUES (3698, 60, 871, 240);
INSERT INTO ITEMPED VALUES (3698, 22, 243);
INSERT INTO PEDIDO VALUES (3699, 20, 410, 213);
INSERT INTO ITEMPED VALUES (3699, 13, 3);
INSERT INTO PEDIDO VALUES (3700, 45, 390, 209);
INSERT INTO ITEMPED VALUES (3700, 45, 206);
INSERT INTO PEDIDO VALUES (3701, 60, 870, 11);
INSERT INTO ITEMPED VALUES (3701, 13, 302);
INSERT INTO ITEMPED VALUES (3701, 22, 266);
INSERT INTO ITEMPED VALUES (3701, 25, 126);
INSERT INTO PEDIDO VALUES (3702, 30, 871, 101);
INSERT INTO ITEMPED VALUES (3702, 45, 9);
INSERT INTO PEDIDO VALUES (3703, 10, 20, 11);
INSERT INTO ITEMPED VALUES (3703, 53, 159);
INSERT INTO ITEMPED VALUES (3703, 77, 103);
INSERT INTO ITEMPED VALUES (3703, 78, 189);
INSERT INTO ITEMPED VALUES (3703, 13, 266);
INSERT INTO PEDIDO VALUES (3704, 60, 390, 240);
INSERT INTO ITEMPED VALUES (3704, 13, 137);
INSERT INTO ITEMPED VALUES (3704, 22, 203);
INSERT INTO ITEMPED VALUES (3704, 25, 58);
INSERT INTO ITEMPED VALUES (3704, 31, 270);
INSERT INTO ITEMPED VALUES (3704, 45, 140);
INSERT INTO ITEMPED VALUES (3704, 53, 162);
INSERT INTO PEDIDO VALUES (3705, 10, 870, 310);
INSERT INTO ITEMPED VALUES (3705, 31, 180);
INSERT INTO ITEMPED VALUES (3705, 45, 204);
INSERT INTO ITEMPED VALUES (3705, 53, 246);
INSERT INTO ITEMPED VALUES (3705, 77, 282);
INSERT INTO ITEMPED VALUES (3705, 78, 81);
INSERT INTO ITEMPED VALUES (3705, 13, 56);
INSERT INTO PEDIDO VALUES (3706, 60, 180, 213);
INSERT INTO ITEMPED VALUES (3706, 22, 289);
INSERT INTO ITEMPED VALUES (3706, 25, 77);
INSERT INTO PEDIDO VALUES (3707, 10, 871, 101);
INSERT INTO ITEMPED VALUES (3707, 45, 122);
INSERT INTO ITEMPED VALUES (3707, 53, 20);
INSERT INTO PEDIDO VALUES (3708, 30, 410, 240);
INSERT INTO ITEMPED VALUES (3708, 31, 157);
INSERT INTO ITEMPED VALUES (3708, 45, 287);
INSERT INTO ITEMPED VALUES (3708, 53, 198);
INSERT INTO ITEMPED VALUES (3708, 77, 222);
INSERT INTO PEDIDO VALUES (3709, 60, 830, 111);
INSERT INTO ITEMPED VALUES (3709, 22, 263);
INSERT INTO ITEMPED VALUES (3709, 25, 64);
INSERT INTO ITEMPED VALUES (3709, 31, 289);
INSERT INTO PEDIDO VALUES (3710, 10, 390, 310);
INSERT INTO ITEMPED VALUES (3710, 31, 75);
INSERT INTO ITEMPED VALUES (3710, 45, 300);
INSERT INTO ITEMPED VALUES (3710, 53, 211);
INSERT INTO ITEMPED VALUES (3710, 77, 184);
INSERT INTO ITEMPED VALUES (3710, 78, 229);
INSERT INTO ITEMPED VALUES (3710, 13, 108);
INSERT INTO PEDIDO VALUES (3711, 45, 410, 111);
INSERT INTO ITEMPED VALUES (3711, 77, 295);
INSERT INTO PEDIDO VALUES (3712, 30, 870, 240);
INSERT INTO ITEMPED VALUES (3712, 78, 144);
INSERT INTO ITEMPED VALUES (3712, 13, 97);
INSERT INTO ITEMPED VALUES (3712, 22, 187);
INSERT INTO ITEMPED VALUES (3712, 25, 49);
INSERT INTO PEDIDO VALUES (3713, 45, 260, 720);
INSERT INTO ITEMPED VALUES (3713, 25, 226);
INSERT INTO ITEMPED VALUES (3713, 31, 212);
INSERT INTO PEDIDO VALUES (3714, 60, 871, 240);
INSERT INTO ITEMPED VALUES (3714, 53, 249);
INSERT INTO PEDIDO VALUES (3715, 45, 390, 720);
INSERT INTO ITEMPED VALUES (3715, 31, 215);
INSERT INTO ITEMPED VALUES (3715, 45, 41);
INSERT INTO PEDIDO VALUES (3716, 30, 720, 310);
INSERT INTO ITEMPED VALUES (3716, 13, 169);
INSERT INTO ITEMPED VALUES (3716, 22, 98);
INSERT INTO PEDIDO VALUES (3717, 10, 390, 240);
INSERT INTO ITEMPED VALUES (3717, 31, 4);
INSERT INTO ITEMPED VALUES (3717, 45, 83);
INSERT INTO ITEMPED VALUES (3717, 53, 286);
INSERT INTO PEDIDO VALUES (3718, 60, 260, 101);
INSERT INTO ITEMPED VALUES (3718, 45, 259);
INSERT INTO ITEMPED VALUES (3718, 53, 19);
INSERT INTO ITEMPED VALUES (3718, 77, 28);
INSERT INTO ITEMPED VALUES (3718, 78, 278);
INSERT INTO ITEMPED VALUES (3718, 13, 181);
INSERT INTO ITEMPED VALUES (3718, 22, 110);
INSERT INTO PEDIDO VALUES (3719, 10, 871, 213);
INSERT INTO ITEMPED VALUES (3719, 77, 76);
INSERT INTO PEDIDO VALUES (3720, 30, 870, 250);
INSERT INTO ITEMPED VALUES (3720, 25, 198);
INSERT INTO ITEMPED VALUES (3720, 31, 178);
INSERT INTO ITEMPED VALUES (3720, 45, 292);
INSERT INTO PEDIDO VALUES (3721, 60, 110, 310);
INSERT INTO ITEMPED VALUES (3721, 45, 139);
INSERT INTO ITEMPED VALUES (3721, 53, 127);
INSERT INTO ITEMPED VALUES (3721, 77, 78);
INSERT INTO ITEMPED VALUES (3721, 78, 86);
INSERT INTO ITEMPED VALUES (3721, 13, 105);
INSERT INTO PEDIDO VALUES (3722, 45, 870, 101);
INSERT INTO ITEMPED VALUES (3722, 22, 298);
INSERT INTO ITEMPED VALUES (3722, 25, 135);
INSERT INTO ITEMPED VALUES (3722, 31, 163);
INSERT INTO ITEMPED VALUES (3722, 45, 129);
INSERT INTO ITEMPED VALUES (3722, 53, 15);
INSERT INTO PEDIDO VALUES (3723, 20, 390, 250);
INSERT INTO ITEMPED VALUES (3723, 77, 155);
INSERT INTO ITEMPED VALUES (3723, 78, 68);
INSERT INTO ITEMPED VALUES (3723, 13, 219);
INSERT INTO ITEMPED VALUES (3723, 22, 67);
INSERT INTO ITEMPED VALUES (3723, 25, 194);
INSERT INTO ITEMPED VALUES (3723, 31, 3);
INSERT INTO PEDIDO VALUES (3724, 45, 260, 310);
INSERT INTO ITEMPED VALUES (3724, 78, 278);
INSERT INTO ITEMPED VALUES (3724, 13, 39);
INSERT INTO ITEMPED VALUES (3724, 22, 88);
INSERT INTO ITEMPED VALUES (3724, 25, 154);
INSERT INTO ITEMPED VALUES (3724, 31, 75);
INSERT INTO ITEMPED VALUES (3724, 45, 27);
INSERT INTO PEDIDO VALUES (3725, 60, 290, 213);
INSERT INTO ITEMPED VALUES (3725, 13, 242);
INSERT INTO ITEMPED VALUES (3725, 22, 299);
INSERT INTO ITEMPED VALUES (3725, 25, 254);
INSERT INTO ITEMPED VALUES (3725, 31, 173);
INSERT INTO ITEMPED VALUES (3725, 45, 24);
INSERT INTO ITEMPED VALUES (3725, 53, 226);
INSERT INTO PEDIDO VALUES (3726, 20, 830, 11);
INSERT INTO ITEMPED VALUES (3726, 53, 36);
INSERT INTO ITEMPED VALUES (3726, 77, 265);
INSERT INTO PEDIDO VALUES (3727, 45, 180, 240);
INSERT INTO ITEMPED VALUES (3727, 78, 224);
INSERT INTO ITEMPED VALUES (3727, 13, 107);
INSERT INTO ITEMPED VALUES (3727, 22, 151);
INSERT INTO ITEMPED VALUES (3727, 25, 5);
INSERT INTO PEDIDO VALUES (3728, 30, 390, 101);
INSERT INTO ITEMPED VALUES (3728, 53, 170);
INSERT INTO ITEMPED VALUES (3728, 77, 175);
INSERT INTO PEDIDO VALUES (3729, 45, 20, 213);
INSERT INTO ITEMPED VALUES (3729, 45, 169);
INSERT INTO ITEMPED VALUES (3729, 53, 58);
INSERT INTO ITEMPED VALUES (3729, 77, 261);
INSERT INTO ITEMPED VALUES (3729, 78, 35);
INSERT INTO ITEMPED VALUES (3729, 13, 272);
INSERT INTO PEDIDO VALUES (3730, 30, 720, 101);
INSERT INTO ITEMPED VALUES (3730, 53, 159);
INSERT INTO ITEMPED VALUES (3730, 77, 137);
INSERT INTO ITEMPED VALUES (3730, 78, 80);
INSERT INTO PEDIDO VALUES (3731, 20, 260, 240);
INSERT INTO ITEMPED VALUES (3731, 78, 55);
INSERT INTO ITEMPED VALUES (3731, 13, 100);
INSERT INTO ITEMPED VALUES (3731, 22, 141);
INSERT INTO ITEMPED VALUES (3731, 25, 298);
INSERT INTO PEDIDO VALUES (3732, 45, 870, 209);
INSERT INTO ITEMPED VALUES (3732, 25, 240);
INSERT INTO ITEMPED VALUES (3732, 31, 139);
INSERT INTO ITEMPED VALUES (3732, 45, 255);
INSERT INTO PEDIDO VALUES (3733, 30, 180, 240);
INSERT INTO ITEMPED VALUES (3733, 45, 202);
INSERT INTO ITEMPED VALUES (3733, 53, 217);
INSERT INTO ITEMPED VALUES (3733, 77, 131);
INSERT INTO ITEMPED VALUES (3733, 78, 282);
INSERT INTO PEDIDO VALUES (3734, 45, 410, 11);
INSERT INTO ITEMPED VALUES (3734, 25, 142);
INSERT INTO ITEMPED VALUES (3734, 31, 287);
INSERT INTO ITEMPED VALUES (3734, 45, 298);
INSERT INTO ITEMPED VALUES (3734, 53, 182);
INSERT INTO ITEMPED VALUES (3734, 77, 96);
INSERT INTO PEDIDO VALUES (3735, 10, 390, 250);
INSERT INTO ITEMPED VALUES (3735, 13, 105);
INSERT INTO ITEMPED VALUES (3735, 22, 259);
INSERT INTO ITEMPED VALUES (3735, 25, 31);
INSERT INTO ITEMPED VALUES (3735, 31, 179);
INSERT INTO PEDIDO VALUES (3736, 20, 260, 101);
INSERT INTO ITEMPED VALUES (3736, 25, 209);
INSERT INTO ITEMPED VALUES (3736, 31, 227);
INSERT INTO ITEMPED VALUES (3736, 45, 70);
INSERT INTO ITEMPED VALUES (3736, 53, 286);
INSERT INTO PEDIDO VALUES (3737, 45, 390, 240);
INSERT INTO ITEMPED VALUES (3737, 22, 196);
INSERT INTO ITEMPED VALUES (3737, 25, 135);
INSERT INTO ITEMPED VALUES (3737, 31, 167);
INSERT INTO PEDIDO VALUES (3738, 30, 20, 720);
INSERT INTO ITEMPED VALUES (3738, 78, 42);
INSERT INTO ITEMPED VALUES (3738, 13, 242);
INSERT INTO ITEMPED VALUES (3738, 22, 217);
INSERT INTO ITEMPED VALUES (3738, 25, 145);
INSERT INTO ITEMPED VALUES (3738, 31, 46);
INSERT INTO ITEMPED VALUES (3738, 45, 267);
INSERT INTO PEDIDO VALUES (3739, 60, 110, 209);
INSERT INTO ITEMPED VALUES (3739, 22, 77);
INSERT INTO ITEMPED VALUES (3739, 25, 157);
INSERT INTO ITEMPED VALUES (3739, 31, 259);
INSERT INTO ITEMPED VALUES (3739, 45, 255);
INSERT INTO ITEMPED VALUES (3739, 53, 4);
INSERT INTO ITEMPED VALUES (3739, 77, 296);
INSERT INTO PEDIDO VALUES (3740, 10, 180, 310);
INSERT INTO ITEMPED VALUES (3740, 25, 158);
INSERT INTO ITEMPED VALUES (3740, 31, 93);
INSERT INTO ITEMPED VALUES (3740, 45, 187);
INSERT INTO ITEMPED VALUES (3740, 53, 240);
INSERT INTO ITEMPED VALUES (3740, 77, 140);
INSERT INTO ITEMPED VALUES (3740, 78, 192);
INSERT INTO PEDIDO VALUES (3741, 60, 410, 101);
INSERT INTO ITEMPED VALUES (3741, 53, 110);
INSERT INTO ITEMPED VALUES (3741, 77, 150);
INSERT INTO ITEMPED VALUES (3741, 78, 214);
INSERT INTO ITEMPED VALUES (3741, 13, 103);
INSERT INTO ITEMPED VALUES (3741, 22, 17);
INSERT INTO PEDIDO VALUES (3742, 45, 830, 240);
INSERT INTO ITEMPED VALUES (3742, 25, 21);
INSERT INTO ITEMPED VALUES (3742, 31, 165);
INSERT INTO ITEMPED VALUES (3742, 45, 82);
INSERT INTO ITEMPED VALUES (3742, 53, 279);
INSERT INTO PEDIDO VALUES (3743, 30, 870, 11);
INSERT INTO ITEMPED VALUES (3743, 45, 107);
INSERT INTO ITEMPED VALUES (3743, 53, 148);
INSERT INTO ITEMPED VALUES (3743, 77, 60);
INSERT INTO ITEMPED VALUES (3743, 78, 170);
INSERT INTO ITEMPED VALUES (3743, 13, 207);
INSERT INTO PEDIDO VALUES (3744, 20, 871, 310);
INSERT INTO ITEMPED VALUES (3744, 77, 200);
INSERT INTO ITEMPED VALUES (3744, 78, 111);
INSERT INTO ITEMPED VALUES (3744, 13, 219);
INSERT INTO ITEMPED VALUES (3744, 22, 262);
INSERT INTO ITEMPED VALUES (3744, 25, 178);
INSERT INTO ITEMPED VALUES (3744, 31, 279);
INSERT INTO PEDIDO VALUES (3745, 10, 260, 240);
INSERT INTO ITEMPED VALUES (3745, 45, 249);
INSERT INTO ITEMPED VALUES (3745, 53, 83);
INSERT INTO PEDIDO VALUES (3746, 30, 410, 213);
INSERT INTO ITEMPED VALUES (3746, 78, 261);
INSERT INTO PEDIDO VALUES (3747, 45, 830, 720);
INSERT INTO ITEMPED VALUES (3747, 13, 150);
INSERT INTO ITEMPED VALUES (3747, 22, 35);
INSERT INTO PEDIDO VALUES (3748, 60, 870, 213);
INSERT INTO ITEMPED VALUES (3748, 22, 142);
INSERT INTO ITEMPED VALUES (3748, 25, 158);
INSERT INTO ITEMPED VALUES (3748, 31, 213);
INSERT INTO ITEMPED VALUES (3748, 45, 65);
INSERT INTO ITEMPED VALUES (3748, 53, 67);
INSERT INTO PEDIDO VALUES (3749, 45, 410, 720);
INSERT INTO ITEMPED VALUES (3749, 25, 92);
INSERT INTO ITEMPED VALUES (3749, 31, 208);
INSERT INTO ITEMPED VALUES (3749, 45, 33);
INSERT INTO ITEMPED VALUES (3749, 53, 131);
INSERT INTO PEDIDO VALUES (3750, 20, 290, 250);
INSERT INTO ITEMPED VALUES (3750, 13, 119);
INSERT INTO PEDIDO VALUES (3751, 30, 720, 101);
INSERT INTO ITEMPED VALUES (3751, 78, 242);
INSERT INTO ITEMPED VALUES (3751, 13, 242);
INSERT INTO ITEMPED VALUES (3751, 22, 228);
INSERT INTO ITEMPED VALUES (3751, 25, 102);
INSERT INTO PEDIDO VALUES (3752, 45, 180, 209);
INSERT INTO ITEMPED VALUES (3752, 45, 131);
INSERT INTO PEDIDO VALUES (3753, 10, 410, 11);
INSERT INTO ITEMPED VALUES (3753, 13, 97);
INSERT INTO PEDIDO VALUES (3754, 20, 110, 101);
INSERT INTO ITEMPED VALUES (3754, 25, 75);
INSERT INTO ITEMPED VALUES (3754, 31, 200);
INSERT INTO ITEMPED VALUES (3754, 45, 277);
INSERT INTO ITEMPED VALUES (3754, 53, 127);
INSERT INTO PEDIDO VALUES (3755, 45, 870, 209);
INSERT INTO ITEMPED VALUES (3755, 31, 122);
INSERT INTO ITEMPED VALUES (3755, 45, 84);
INSERT INTO ITEMPED VALUES (3755, 53, 93);
INSERT INTO ITEMPED VALUES (3755, 77, 301);
INSERT INTO ITEMPED VALUES (3755, 78, 288);
INSERT INTO PEDIDO VALUES (3756, 30, 290, 101);
INSERT INTO ITEMPED VALUES (3756, 78, 247);
INSERT INTO ITEMPED VALUES (3756, 13, 226);
INSERT INTO PEDIDO VALUES (3757, 60, 830, 213);
INSERT INTO ITEMPED VALUES (3757, 25, 128);
INSERT INTO PEDIDO VALUES (3758, 10, 410, 240);
INSERT INTO ITEMPED VALUES (3758, 45, 228);
INSERT INTO ITEMPED VALUES (3758, 53, 243);
INSERT INTO ITEMPED VALUES (3758, 77, 220);
INSERT INTO ITEMPED VALUES (3758, 78, 212);
INSERT INTO PEDIDO VALUES (3759, 20, 390, 101);
INSERT INTO ITEMPED VALUES (3759, 25, 141);
INSERT INTO ITEMPED VALUES (3759, 31, 15);
INSERT INTO PEDIDO VALUES (3760, 10, 110, 310);
INSERT INTO ITEMPED VALUES (3760, 53, 192);
INSERT INTO ITEMPED VALUES (3760, 77, 74);
INSERT INTO ITEMPED VALUES (3760, 78, 62);
INSERT INTO PEDIDO VALUES (3761, 20, 720, 111);
INSERT INTO ITEMPED VALUES (3761, 13, 69);
INSERT INTO ITEMPED VALUES (3761, 22, 166);
INSERT INTO PEDIDO VALUES (3762, 45, 260, 720);
INSERT INTO ITEMPED VALUES (3762, 78, 226);
INSERT INTO ITEMPED VALUES (3762, 13, 151);
INSERT INTO ITEMPED VALUES (3762, 22, 65);
INSERT INTO PEDIDO VALUES (3763, 30, 720, 250);
INSERT INTO ITEMPED VALUES (3763, 25, 67);
INSERT INTO ITEMPED VALUES (3763, 31, 177);
INSERT INTO ITEMPED VALUES (3763, 45, 251);
INSERT INTO ITEMPED VALUES (3763, 53, 259);
INSERT INTO ITEMPED VALUES (3763, 77, 226);
INSERT INTO ITEMPED VALUES (3763, 78, 131);
INSERT INTO PEDIDO VALUES (3764, 20, 390, 111);
INSERT INTO ITEMPED VALUES (3764, 77, 180);
INSERT INTO ITEMPED VALUES (3764, 78, 105);
INSERT INTO ITEMPED VALUES (3764, 13, 278);
INSERT INTO PEDIDO VALUES (3765, 10, 871, 250);
INSERT INTO ITEMPED VALUES (3765, 53, 274);
INSERT INTO ITEMPED VALUES (3765, 77, 115);
INSERT INTO PEDIDO VALUES (3766, 30, 290, 310);
INSERT INTO ITEMPED VALUES (3766, 25, 248);
INSERT INTO PEDIDO VALUES (3767, 45, 260, 250);
INSERT INTO ITEMPED VALUES (3767, 53, 53);
INSERT INTO ITEMPED VALUES (3767, 77, 48);
INSERT INTO ITEMPED VALUES (3767, 78, 244);
INSERT INTO ITEMPED VALUES (3767, 13, 136);
INSERT INTO ITEMPED VALUES (3767, 22, 164);
INSERT INTO PEDIDO VALUES (3768, 10, 20, 240);
INSERT INTO ITEMPED VALUES (3768, 25, 48);
INSERT INTO PEDIDO VALUES (3769, 20, 720, 720);
INSERT INTO ITEMPED VALUES (3769, 13, 150);
INSERT INTO ITEMPED VALUES (3769, 22, 287);
INSERT INTO PEDIDO VALUES (3770, 60, 871, 11);
INSERT INTO ITEMPED VALUES (3770, 78, 256);
INSERT INTO ITEMPED VALUES (3770, 13, 258);
INSERT INTO ITEMPED VALUES (3770, 22, 84);
INSERT INTO ITEMPED VALUES (3770, 25, 283);
INSERT INTO ITEMPED VALUES (3770, 31, 85);
INSERT INTO PEDIDO VALUES (3771, 10, 20, 111);
INSERT INTO ITEMPED VALUES (3771, 31, 49);
INSERT INTO ITEMPED VALUES (3771, 45, 67);
INSERT INTO ITEMPED VALUES (3771, 53, 40);
INSERT INTO ITEMPED VALUES (3771, 77, 98);
INSERT INTO PEDIDO VALUES (3772, 30, 260, 213);
INSERT INTO ITEMPED VALUES (3772, 77, 178);
INSERT INTO ITEMPED VALUES (3772, 78, 123);
INSERT INTO PEDIDO VALUES (3773, 10, 870, 101);
INSERT INTO ITEMPED VALUES (3773, 78, 102);
INSERT INTO ITEMPED VALUES (3773, 13, 58);
INSERT INTO ITEMPED VALUES (3773, 22, 273);
INSERT INTO PEDIDO VALUES (3774, 20, 720, 250);
INSERT INTO ITEMPED VALUES (3774, 77, 207);
INSERT INTO ITEMPED VALUES (3774, 78, 3);
INSERT INTO ITEMPED VALUES (3774, 13, 160);
INSERT INTO ITEMPED VALUES (3774, 22, 103);
INSERT INTO ITEMPED VALUES (3774, 25, 284);
INSERT INTO ITEMPED VALUES (3774, 31, 135);
INSERT INTO PEDIDO VALUES (3775, 10, 410, 213);
INSERT INTO ITEMPED VALUES (3775, 25, 111);
INSERT INTO ITEMPED VALUES (3775, 31, 287);
INSERT INTO ITEMPED VALUES (3775, 45, 59);
INSERT INTO ITEMPED VALUES (3775, 53, 5);
INSERT INTO PEDIDO VALUES (3776, 60, 871, 240);
INSERT INTO ITEMPED VALUES (3776, 22, 286);
INSERT INTO ITEMPED VALUES (3776, 25, 273);
INSERT INTO ITEMPED VALUES (3776, 31, 202);
INSERT INTO ITEMPED VALUES (3776, 45, 257);
INSERT INTO ITEMPED VALUES (3776, 53, 184);
INSERT INTO ITEMPED VALUES (3776, 77, 278);
INSERT INTO PEDIDO VALUES (3777, 10, 390, 111);
INSERT INTO ITEMPED VALUES (3777, 78, 51);
INSERT INTO PEDIDO VALUES (3778, 60, 871, 240);
INSERT INTO ITEMPED VALUES (3778, 53, 185);
INSERT INTO ITEMPED VALUES (3778, 77, 148);
INSERT INTO ITEMPED VALUES (3778, 78, 133);
INSERT INTO ITEMPED VALUES (3778, 13, 210);
INSERT INTO PEDIDO VALUES (3779, 30, 720, 310);
INSERT INTO ITEMPED VALUES (3779, 22, 83);
INSERT INTO ITEMPED VALUES (3779, 25, 282);
INSERT INTO ITEMPED VALUES (3779, 31, 187);
INSERT INTO ITEMPED VALUES (3779, 45, 36);
INSERT INTO PEDIDO VALUES (3780, 10, 870, 209);
INSERT INTO ITEMPED VALUES (3780, 53, 187);
INSERT INTO PEDIDO VALUES (3781, 20, 410, 111);
INSERT INTO ITEMPED VALUES (3781, 45, 112);
INSERT INTO ITEMPED VALUES (3781, 53, 252);
INSERT INTO ITEMPED VALUES (3781, 77, 133);
INSERT INTO ITEMPED VALUES (3781, 78, 296);
INSERT INTO PEDIDO VALUES (3782, 30, 260, 240);
INSERT INTO ITEMPED VALUES (3782, 31, 168);
INSERT INTO ITEMPED VALUES (3782, 45, 117);
INSERT INTO ITEMPED VALUES (3782, 53, 129);
INSERT INTO PEDIDO VALUES (3783, 10, 110, 111);
INSERT INTO ITEMPED VALUES (3783, 25, 286);
INSERT INTO ITEMPED VALUES (3783, 31, 43);
INSERT INTO ITEMPED VALUES (3783, 45, 284);
INSERT INTO ITEMPED VALUES (3783, 53, 98);
INSERT INTO PEDIDO VALUES (3784, 60, 830, 101);
INSERT INTO ITEMPED VALUES (3784, 22, 188);
INSERT INTO ITEMPED VALUES (3784, 25, 236);
INSERT INTO ITEMPED VALUES (3784, 31, 28);
INSERT INTO ITEMPED VALUES (3784, 45, 212);
INSERT INTO ITEMPED VALUES (3784, 53, 24);
INSERT INTO PEDIDO VALUES (3785, 45, 20, 213);
INSERT INTO ITEMPED VALUES (3785, 77, 41);
INSERT INTO ITEMPED VALUES (3785, 78, 192);
INSERT INTO ITEMPED VALUES (3785, 13, 229);
INSERT INTO ITEMPED VALUES (3785, 22, 130);
INSERT INTO ITEMPED VALUES (3785, 25, 94);
INSERT INTO ITEMPED VALUES (3785, 31, 67);
INSERT INTO PEDIDO VALUES (3786, 60, 720, 111);
INSERT INTO ITEMPED VALUES (3786, 22, 238);
INSERT INTO ITEMPED VALUES (3786, 25, 65);
INSERT INTO ITEMPED VALUES (3786, 31, 280);
INSERT INTO ITEMPED VALUES (3786, 45, 297);
INSERT INTO ITEMPED VALUES (3786, 53, 13);
INSERT INTO PEDIDO VALUES (3787, 30, 290, 720);
INSERT INTO ITEMPED VALUES (3787, 25, 91);
INSERT INTO PEDIDO VALUES (3788, 10, 830, 11);
INSERT INTO ITEMPED VALUES (3788, 31, 56);
INSERT INTO PEDIDO VALUES (3789, 30, 390, 240);
INSERT INTO ITEMPED VALUES (3789, 25, 216);
INSERT INTO PEDIDO VALUES (3790, 20, 290, 111);
INSERT INTO ITEMPED VALUES (3790, 13, 24);
INSERT INTO ITEMPED VALUES (3790, 22, 264);
INSERT INTO ITEMPED VALUES (3790, 25, 185);
INSERT INTO PEDIDO VALUES (3791, 45, 110, 310);
INSERT INTO ITEMPED VALUES (3791, 78, 201);
INSERT INTO PEDIDO VALUES (3792, 20, 830, 213);
INSERT INTO ITEMPED VALUES (3792, 31, 298);
INSERT INTO ITEMPED VALUES (3792, 45, 111);
INSERT INTO ITEMPED VALUES (3792, 53, 200);
INSERT INTO PEDIDO VALUES (3793, 45, 720, 209);
INSERT INTO ITEMPED VALUES (3793, 22, 67);
INSERT INTO ITEMPED VALUES (3793, 25, 171);
INSERT INTO ITEMPED VALUES (3793, 31, 277);
INSERT INTO ITEMPED VALUES (3793, 45, 219);
INSERT INTO ITEMPED VALUES (3793, 53, 248);
INSERT INTO ITEMPED VALUES (3793, 77, 117);
INSERT INTO PEDIDO VALUES (3794, 30, 260, 240);
INSERT INTO ITEMPED VALUES (3794, 31, 125);
INSERT INTO ITEMPED VALUES (3794, 45, 173);
INSERT INTO ITEMPED VALUES (3794, 53, 47);
INSERT INTO ITEMPED VALUES (3794, 77, 217);
INSERT INTO PEDIDO VALUES (3795, 20, 290, 310);
INSERT INTO ITEMPED VALUES (3795, 25, 161);
INSERT INTO ITEMPED VALUES (3795, 31, 132);
INSERT INTO PEDIDO VALUES (3796, 10, 830, 111);
INSERT INTO ITEMPED VALUES (3796, 77, 133);
INSERT INTO PEDIDO VALUES (3797, 60, 290, 11);
INSERT INTO ITEMPED VALUES (3797, 45, 210);
INSERT INTO ITEMPED VALUES (3797, 53, 91);
INSERT INTO ITEMPED VALUES (3797, 77, 280);
INSERT INTO ITEMPED VALUES (3797, 78, 279);
INSERT INTO ITEMPED VALUES (3797, 13, 28);
INSERT INTO ITEMPED VALUES (3797, 22, 194);
INSERT INTO PEDIDO VALUES (3798, 45, 871, 250);
INSERT INTO ITEMPED VALUES (3798, 77, 11);
INSERT INTO ITEMPED VALUES (3798, 78, 29);
INSERT INTO ITEMPED VALUES (3798, 13, 50);
INSERT INTO ITEMPED VALUES (3798, 22, 143);
INSERT INTO ITEMPED VALUES (3798, 25, 135);
INSERT INTO ITEMPED VALUES (3798, 31, 148);
INSERT INTO PEDIDO VALUES (3799, 10, 260, 111);
INSERT INTO ITEMPED VALUES (3799, 13, 253);
INSERT INTO ITEMPED VALUES (3799, 22, 65);
INSERT INTO PEDIDO VALUES (3800, 60, 410, 101);
INSERT INTO ITEMPED VALUES (3800, 77, 231);
INSERT INTO ITEMPED VALUES (3800, 78, 70);
INSERT INTO ITEMPED VALUES (3800, 13, 93);
INSERT INTO ITEMPED VALUES (3800, 22, 52);
INSERT INTO ITEMPED VALUES (3800, 25, 76);
INSERT INTO ITEMPED VALUES (3800, 31, 262);
INSERT INTO PEDIDO VALUES (3801, 30, 110, 250);
INSERT INTO ITEMPED VALUES (3801, 22, 50);
INSERT INTO ITEMPED VALUES (3801, 25, 34);
INSERT INTO ITEMPED VALUES (3801, 31, 210);
INSERT INTO ITEMPED VALUES (3801, 45, 271);
INSERT INTO ITEMPED VALUES (3801, 53, 28);
INSERT INTO PEDIDO VALUES (3802, 60, 871, 720);
INSERT INTO ITEMPED VALUES (3802, 53, 43);
INSERT INTO PEDIDO VALUES (3803, 45, 110, 209);
INSERT INTO ITEMPED VALUES (3803, 25, 117);
INSERT INTO ITEMPED VALUES (3803, 31, 293);
INSERT INTO ITEMPED VALUES (3803, 45, 75);
INSERT INTO ITEMPED VALUES (3803, 53, 237);
INSERT INTO ITEMPED VALUES (3803, 77, 229);
INSERT INTO PEDIDO VALUES (3804, 30, 870, 720);
INSERT INTO ITEMPED VALUES (3804, 78, 75);
INSERT INTO PEDIDO VALUES (3805, 20, 390, 250);
INSERT INTO ITEMPED VALUES (3805, 31, 55);
INSERT INTO ITEMPED VALUES (3805, 45, 27);
INSERT INTO PEDIDO VALUES (3806, 30, 720, 240);
INSERT INTO ITEMPED VALUES (3806, 78, 154);
INSERT INTO ITEMPED VALUES (3806, 13, 184);
INSERT INTO ITEMPED VALUES (3806, 22, 276);
INSERT INTO PEDIDO VALUES (3807, 60, 410, 11);
INSERT INTO ITEMPED VALUES (3807, 25, 289);
INSERT INTO ITEMPED VALUES (3807, 31, 287);
INSERT INTO ITEMPED VALUES (3807, 45, 120);
INSERT INTO PEDIDO VALUES (3808, 45, 390, 240);
INSERT INTO ITEMPED VALUES (3808, 53, 71);
INSERT INTO ITEMPED VALUES (3808, 77, 134);
INSERT INTO ITEMPED VALUES (3808, 78, 245);
INSERT INTO ITEMPED VALUES (3808, 13, 168);
INSERT INTO ITEMPED VALUES (3808, 22, 34);
INSERT INTO PEDIDO VALUES (3809, 20, 870, 11);
INSERT INTO ITEMPED VALUES (3809, 31, 155);
INSERT INTO PEDIDO VALUES (3810, 45, 871, 111);
INSERT INTO ITEMPED VALUES (3810, 13, 74);
INSERT INTO ITEMPED VALUES (3810, 22, 201);
INSERT INTO ITEMPED VALUES (3810, 25, 207);
INSERT INTO ITEMPED VALUES (3810, 31, 241);
INSERT INTO ITEMPED VALUES (3810, 45, 14);
INSERT INTO ITEMPED VALUES (3810, 53, 294);
INSERT INTO PEDIDO VALUES (3811, 30, 290, 101);
INSERT INTO ITEMPED VALUES (3811, 25, 148);
INSERT INTO ITEMPED VALUES (3811, 31, 192);
INSERT INTO ITEMPED VALUES (3811, 45, 262);
INSERT INTO ITEMPED VALUES (3811, 53, 225);
INSERT INTO ITEMPED VALUES (3811, 77, 64);
INSERT INTO PEDIDO VALUES (3812, 60, 720, 209);
INSERT INTO ITEMPED VALUES (3812, 45, 26);
INSERT INTO PEDIDO VALUES (3813, 20, 390, 11);
INSERT INTO ITEMPED VALUES (3813, 13, 154);
INSERT INTO PEDIDO VALUES (3814, 60, 180, 111);
INSERT INTO ITEMPED VALUES (3814, 25, 163);
INSERT INTO ITEMPED VALUES (3814, 31, 48);
INSERT INTO ITEMPED VALUES (3814, 45, 276);
INSERT INTO PEDIDO VALUES (3815, 30, 870, 250);
INSERT INTO ITEMPED VALUES (3815, 78, 138);
INSERT INTO PEDIDO VALUES (3816, 20, 260, 310);
INSERT INTO ITEMPED VALUES (3816, 45, 154);
INSERT INTO ITEMPED VALUES (3816, 53, 151);
INSERT INTO ITEMPED VALUES (3816, 77, 120);
INSERT INTO ITEMPED VALUES (3816, 78, 63);
INSERT INTO ITEMPED VALUES (3816, 13, 28);
INSERT INTO PEDIDO VALUES (3817, 60, 110, 11);
INSERT INTO ITEMPED VALUES (3817, 31, 66);
INSERT INTO ITEMPED VALUES (3817, 45, 190);
INSERT INTO PEDIDO VALUES (3818, 45, 390, 250);
INSERT INTO ITEMPED VALUES (3818, 25, 75);
INSERT INTO PEDIDO VALUES (3819, 10, 720, 310);
INSERT INTO ITEMPED VALUES (3819, 22, 46);
INSERT INTO ITEMPED VALUES (3819, 25, 63);
INSERT INTO ITEMPED VALUES (3819, 31, 14);
INSERT INTO ITEMPED VALUES (3819, 45, 100);
INSERT INTO ITEMPED VALUES (3819, 53, 190);
INSERT INTO PEDIDO VALUES (3820, 30, 870, 209);
INSERT INTO ITEMPED VALUES (3820, 77, 14);
INSERT INTO PEDIDO VALUES (3821, 45, 20, 111);
INSERT INTO ITEMPED VALUES (3821, 53, 70);
INSERT INTO ITEMPED VALUES (3821, 77, 202);
INSERT INTO PEDIDO VALUES (3822, 30, 870, 720);
INSERT INTO ITEMPED VALUES (3822, 25, 179);
INSERT INTO PEDIDO VALUES (3823, 45, 720, 11);
INSERT INTO ITEMPED VALUES (3823, 45, 260);
INSERT INTO ITEMPED VALUES (3823, 53, 6);
INSERT INTO PEDIDO VALUES (3824, 20, 260, 209);
INSERT INTO ITEMPED VALUES (3824, 53, 125);
INSERT INTO ITEMPED VALUES (3824, 77, 233);
INSERT INTO ITEMPED VALUES (3824, 78, 16);
INSERT INTO ITEMPED VALUES (3824, 13, 8);
INSERT INTO ITEMPED VALUES (3824, 22, 200);
INSERT INTO PEDIDO VALUES (3825, 60, 871, 101);
INSERT INTO ITEMPED VALUES (3825, 45, 250);
INSERT INTO ITEMPED VALUES (3825, 53, 119);
INSERT INTO ITEMPED VALUES (3825, 77, 300);
INSERT INTO ITEMPED VALUES (3825, 78, 94);
INSERT INTO ITEMPED VALUES (3825, 13, 281);
INSERT INTO ITEMPED VALUES (3825, 22, 123);
INSERT INTO PEDIDO VALUES (3826, 20, 720, 111);
INSERT INTO ITEMPED VALUES (3826, 22, 253);
INSERT INTO ITEMPED VALUES (3826, 25, 272);
INSERT INTO PEDIDO VALUES (3827, 60, 390, 240);
INSERT INTO ITEMPED VALUES (3827, 13, 23);
INSERT INTO ITEMPED VALUES (3827, 22, 28);
INSERT INTO ITEMPED VALUES (3827, 25, 138);
INSERT INTO PEDIDO VALUES (3828, 20, 410, 11);
INSERT INTO ITEMPED VALUES (3828, 77, 76);
INSERT INTO ITEMPED VALUES (3828, 78, 69);
INSERT INTO ITEMPED VALUES (3828, 13, 149);
INSERT INTO ITEMPED VALUES (3828, 22, 124);
INSERT INTO PEDIDO VALUES (3829, 10, 290, 101);
INSERT INTO ITEMPED VALUES (3829, 53, 286);
INSERT INTO ITEMPED VALUES (3829, 77, 99);
INSERT INTO ITEMPED VALUES (3829, 78, 144);
INSERT INTO ITEMPED VALUES (3829, 13, 299);
INSERT INTO ITEMPED VALUES (3829, 22, 129);
INSERT INTO PEDIDO VALUES (3830, 30, 410, 240);
INSERT INTO ITEMPED VALUES (3830, 31, 155);
INSERT INTO ITEMPED VALUES (3830, 45, 284);
INSERT INTO PEDIDO VALUES (3831, 10, 870, 209);
INSERT INTO ITEMPED VALUES (3831, 45, 163);
INSERT INTO ITEMPED VALUES (3831, 53, 65);
INSERT INTO ITEMPED VALUES (3831, 77, 181);
INSERT INTO PEDIDO VALUES (3832, 30, 180, 11);
INSERT INTO ITEMPED VALUES (3832, 13, 74);
INSERT INTO ITEMPED VALUES (3832, 22, 259);
INSERT INTO ITEMPED VALUES (3832, 25, 215);
INSERT INTO ITEMPED VALUES (3832, 31, 251);
INSERT INTO ITEMPED VALUES (3832, 45, 39);
INSERT INTO PEDIDO VALUES (3833, 20, 20, 240);
INSERT INTO ITEMPED VALUES (3833, 45, 210);
INSERT INTO ITEMPED VALUES (3833, 53, 256);
INSERT INTO ITEMPED VALUES (3833, 77, 154);
INSERT INTO PEDIDO VALUES (3834, 45, 180, 720);
INSERT INTO ITEMPED VALUES (3834, 77, 150);
INSERT INTO ITEMPED VALUES (3834, 78, 78);
INSERT INTO ITEMPED VALUES (3834, 13, 104);
INSERT INTO PEDIDO VALUES (3835, 20, 410, 111);
INSERT INTO ITEMPED VALUES (3835, 78, 98);
INSERT INTO ITEMPED VALUES (3835, 13, 58);
INSERT INTO ITEMPED VALUES (3835, 22, 128);
INSERT INTO PEDIDO VALUES (3836, 30, 110, 250);
INSERT INTO ITEMPED VALUES (3836, 45, 25);
INSERT INTO ITEMPED VALUES (3836, 53, 37);
INSERT INTO ITEMPED VALUES (3836, 77, 194);
INSERT INTO ITEMPED VALUES (3836, 78, 166);
INSERT INTO PEDIDO VALUES (3837, 20, 260, 111);
INSERT INTO ITEMPED VALUES (3837, 53, 217);
INSERT INTO PEDIDO VALUES (3838, 45, 871, 213);
INSERT INTO ITEMPED VALUES (3838, 13, 213);
INSERT INTO ITEMPED VALUES (3838, 22, 189);
INSERT INTO ITEMPED VALUES (3838, 25, 248);
INSERT INTO ITEMPED VALUES (3838, 31, 203);
INSERT INTO PEDIDO VALUES (3839, 30, 830, 240);
INSERT INTO ITEMPED VALUES (3839, 22, 25);
INSERT INTO ITEMPED VALUES (3839, 25, 91);
INSERT INTO ITEMPED VALUES (3839, 31, 196);
INSERT INTO ITEMPED VALUES (3839, 45, 295);
INSERT INTO ITEMPED VALUES (3839, 53, 232);
INSERT INTO ITEMPED VALUES (3839, 77, 253);
INSERT INTO PEDIDO VALUES (3840, 45, 870, 101);
INSERT INTO ITEMPED VALUES (3840, 31, 152);
INSERT INTO PEDIDO VALUES (3841, 20, 830, 11);
INSERT INTO ITEMPED VALUES (3841, 13, 77);
INSERT INTO PEDIDO VALUES (3842, 45, 20, 213);
INSERT INTO ITEMPED VALUES (3842, 25, 54);
INSERT INTO ITEMPED VALUES (3842, 31, 169);
INSERT INTO PEDIDO VALUES (3843, 10, 870, 250);
INSERT INTO ITEMPED VALUES (3843, 13, 171);
INSERT INTO PEDIDO VALUES (3844, 30, 720, 720);
INSERT INTO ITEMPED VALUES (3844, 78, 229);
INSERT INTO ITEMPED VALUES (3844, 13, 154);
INSERT INTO ITEMPED VALUES (3844, 22, 259);
INSERT INTO ITEMPED VALUES (3844, 25, 248);
INSERT INTO ITEMPED VALUES (3844, 31, 21);
INSERT INTO PEDIDO VALUES (3845, 10, 180, 101);
INSERT INTO ITEMPED VALUES (3845, 25, 141);
INSERT INTO ITEMPED VALUES (3845, 31, 150);
INSERT INTO ITEMPED VALUES (3845, 45, 113);
INSERT INTO ITEMPED VALUES (3845, 53, 268);
INSERT INTO ITEMPED VALUES (3845, 77, 196);
INSERT INTO PEDIDO VALUES (3846, 60, 871, 213);
INSERT INTO ITEMPED VALUES (3846, 22, 12);
INSERT INTO ITEMPED VALUES (3846, 25, 97);
INSERT INTO ITEMPED VALUES (3846, 31, 237);
INSERT INTO ITEMPED VALUES (3846, 45, 20);
INSERT INTO PEDIDO VALUES (3847, 20, 260, 111);
INSERT INTO ITEMPED VALUES (3847, 77, 136);
INSERT INTO ITEMPED VALUES (3847, 78, 284);
INSERT INTO ITEMPED VALUES (3847, 13, 136);
INSERT INTO ITEMPED VALUES (3847, 22, 17);
INSERT INTO ITEMPED VALUES (3847, 25, 130);
INSERT INTO ITEMPED VALUES (3847, 31, 30);
INSERT INTO PEDIDO VALUES (3848, 30, 180, 101);
INSERT INTO ITEMPED VALUES (3848, 31, 240);
INSERT INTO ITEMPED VALUES (3848, 45, 192);
INSERT INTO ITEMPED VALUES (3848, 53, 198);
INSERT INTO ITEMPED VALUES (3848, 77, 298);
INSERT INTO ITEMPED VALUES (3848, 78, 245);
INSERT INTO ITEMPED VALUES (3848, 13, 142);
INSERT INTO PEDIDO VALUES (3849, 10, 110, 310);
INSERT INTO ITEMPED VALUES (3849, 45, 274);
INSERT INTO ITEMPED VALUES (3849, 53, 148);
INSERT INTO ITEMPED VALUES (3849, 77, 72);
INSERT INTO ITEMPED VALUES (3849, 78, 282);
INSERT INTO PEDIDO VALUES (3850, 20, 20, 720);
INSERT INTO ITEMPED VALUES (3850, 13, 178);
INSERT INTO ITEMPED VALUES (3850, 22, 169);
INSERT INTO PEDIDO VALUES (3851, 10, 870, 310);
INSERT INTO ITEMPED VALUES (3851, 31, 248);
INSERT INTO ITEMPED VALUES (3851, 45, 88);
INSERT INTO ITEMPED VALUES (3851, 53, 198);
INSERT INTO ITEMPED VALUES (3851, 77, 58);
INSERT INTO ITEMPED VALUES (3851, 78, 228);
INSERT INTO ITEMPED VALUES (3851, 13, 171);
INSERT INTO PEDIDO VALUES (3852, 45, 390, 111);
INSERT INTO ITEMPED VALUES (3852, 77, 15);
INSERT INTO ITEMPED VALUES (3852, 78, 21);
INSERT INTO ITEMPED VALUES (3852, 13, 275);
INSERT INTO ITEMPED VALUES (3852, 22, 60);
INSERT INTO ITEMPED VALUES (3852, 25, 153);
INSERT INTO ITEMPED VALUES (3852, 31, 198);
INSERT INTO PEDIDO VALUES (3853, 20, 830, 209);
INSERT INTO ITEMPED VALUES (3853, 22, 234);
INSERT INTO ITEMPED VALUES (3853, 25, 7);
INSERT INTO ITEMPED VALUES (3853, 31, 82);
INSERT INTO PEDIDO VALUES (3854, 10, 110, 101);
INSERT INTO ITEMPED VALUES (3854, 78, 22);
INSERT INTO ITEMPED VALUES (3854, 13, 113);
INSERT INTO ITEMPED VALUES (3854, 22, 206);
INSERT INTO PEDIDO VALUES (3855, 20, 410, 111);
INSERT INTO ITEMPED VALUES (3855, 13, 215);
INSERT INTO ITEMPED VALUES (3855, 22, 193);
INSERT INTO PEDIDO VALUES (3856, 45, 180, 720);
INSERT INTO ITEMPED VALUES (3856, 78, 146);
INSERT INTO ITEMPED VALUES (3856, 13, 175);
INSERT INTO ITEMPED VALUES (3856, 22, 240);
INSERT INTO ITEMPED VALUES (3856, 25, 195);
INSERT INTO PEDIDO VALUES (3857, 60, 260, 101);
INSERT INTO ITEMPED VALUES (3857, 77, 57);
INSERT INTO ITEMPED VALUES (3857, 78, 138);
INSERT INTO ITEMPED VALUES (3857, 13, 172);
INSERT INTO ITEMPED VALUES (3857, 22, 50);
INSERT INTO PEDIDO VALUES (3858, 30, 830, 310);
INSERT INTO ITEMPED VALUES (3858, 45, 120);
INSERT INTO ITEMPED VALUES (3858, 53, 98);
INSERT INTO ITEMPED VALUES (3858, 77, 228);
INSERT INTO ITEMPED VALUES (3858, 78, 24);
INSERT INTO ITEMPED VALUES (3858, 13, 242);
INSERT INTO ITEMPED VALUES (3858, 22, 254);
INSERT INTO PEDIDO VALUES (3859, 10, 390, 720);
INSERT INTO ITEMPED VALUES (3859, 25, 273);
INSERT INTO ITEMPED VALUES (3859, 31, 290);
INSERT INTO ITEMPED VALUES (3859, 45, 27);
INSERT INTO ITEMPED VALUES (3859, 53, 229);
INSERT INTO ITEMPED VALUES (3859, 77, 281);
INSERT INTO ITEMPED VALUES (3859, 78, 208);
INSERT INTO PEDIDO VALUES (3860, 45, 260, 250);
INSERT INTO ITEMPED VALUES (3860, 31, 3);
INSERT INTO ITEMPED VALUES (3860, 45, 286);
INSERT INTO ITEMPED VALUES (3860, 53, 298);
INSERT INTO ITEMPED VALUES (3860, 77, 146);
INSERT INTO ITEMPED VALUES (3860, 78, 292);
INSERT INTO PEDIDO VALUES (3861, 20, 180, 11);
INSERT INTO ITEMPED VALUES (3861, 77, 127);
INSERT INTO ITEMPED VALUES (3861, 78, 173);
INSERT INTO PEDIDO VALUES (3862, 10, 871, 101);
INSERT INTO ITEMPED VALUES (3862, 13, 72);
INSERT INTO ITEMPED VALUES (3862, 22, 279);
INSERT INTO ITEMPED VALUES (3862, 25, 14);
INSERT INTO ITEMPED VALUES (3862, 31, 285);
INSERT INTO ITEMPED VALUES (3862, 45, 293);
INSERT INTO ITEMPED VALUES (3862, 53, 118);
INSERT INTO PEDIDO VALUES (3863, 45, 180, 209);
INSERT INTO ITEMPED VALUES (3863, 25, 80);
INSERT INTO ITEMPED VALUES (3863, 31, 6);
INSERT INTO ITEMPED VALUES (3863, 45, 223);
INSERT INTO ITEMPED VALUES (3863, 53, 146);
INSERT INTO ITEMPED VALUES (3863, 77, 99);
INSERT INTO ITEMPED VALUES (3863, 78, 301);
INSERT INTO PEDIDO VALUES (3864, 10, 290, 11);
INSERT INTO ITEMPED VALUES (3864, 31, 41);
INSERT INTO ITEMPED VALUES (3864, 45, 133);
INSERT INTO ITEMPED VALUES (3864, 53, 127);
INSERT INTO ITEMPED VALUES (3864, 77, 101);
INSERT INTO PEDIDO VALUES (3865, 60, 260, 111);
INSERT INTO ITEMPED VALUES (3865, 22, 81);
INSERT INTO ITEMPED VALUES (3865, 25, 155);
INSERT INTO ITEMPED VALUES (3865, 31, 192);
INSERT INTO PEDIDO VALUES (3866, 20, 110, 101);
INSERT INTO ITEMPED VALUES (3866, 31, 297);
INSERT INTO PEDIDO VALUES (3867, 60, 20, 250);
INSERT INTO ITEMPED VALUES (3867, 25, 222);
INSERT INTO ITEMPED VALUES (3867, 31, 147);
INSERT INTO PEDIDO VALUES (3868, 10, 290, 720);
INSERT INTO ITEMPED VALUES (3868, 45, 297);
INSERT INTO ITEMPED VALUES (3868, 53, 85);
INSERT INTO ITEMPED VALUES (3868, 77, 104);
INSERT INTO PEDIDO VALUES (3869, 60, 260, 101);
INSERT INTO ITEMPED VALUES (3869, 78, 66);
INSERT INTO ITEMPED VALUES (3869, 13, 101);
INSERT INTO ITEMPED VALUES (3869, 22, 235);
INSERT INTO ITEMPED VALUES (3869, 25, 185);
INSERT INTO ITEMPED VALUES (3869, 31, 209);
INSERT INTO ITEMPED VALUES (3869, 45, 287);
INSERT INTO PEDIDO VALUES (3870, 10, 110, 240);
INSERT INTO ITEMPED VALUES (3870, 53, 63);
INSERT INTO PEDIDO VALUES (3871, 30, 20, 11);
INSERT INTO ITEMPED VALUES (3871, 45, 95);
INSERT INTO PEDIDO VALUES (3872, 60, 410, 213);
INSERT INTO ITEMPED VALUES (3872, 77, 64);
INSERT INTO ITEMPED VALUES (3872, 78, 244);
INSERT INTO ITEMPED VALUES (3872, 13, 5);
INSERT INTO ITEMPED VALUES (3872, 22, 31);
INSERT INTO ITEMPED VALUES (3872, 25, 61);
INSERT INTO ITEMPED VALUES (3872, 31, 137);
INSERT INTO PEDIDO VALUES (3873, 45, 830, 240);
INSERT INTO ITEMPED VALUES (3873, 22, 110);
INSERT INTO ITEMPED VALUES (3873, 25, 286);
INSERT INTO ITEMPED VALUES (3873, 31, 281);
INSERT INTO ITEMPED VALUES (3873, 45, 184);
INSERT INTO ITEMPED VALUES (3873, 53, 209);
INSERT INTO PEDIDO VALUES (3874, 60, 871, 111);
INSERT INTO ITEMPED VALUES (3874, 53, 149);
INSERT INTO ITEMPED VALUES (3874, 77, 164);
INSERT INTO ITEMPED VALUES (3874, 78, 271);
INSERT INTO ITEMPED VALUES (3874, 13, 118);
INSERT INTO PEDIDO VALUES (3875, 20, 830, 11);
INSERT INTO ITEMPED VALUES (3875, 78, 242);
INSERT INTO PEDIDO VALUES (3876, 30, 180, 240);
INSERT INTO ITEMPED VALUES (3876, 25, 131);
INSERT INTO ITEMPED VALUES (3876, 31, 224);
INSERT INTO ITEMPED VALUES (3876, 45, 136);
INSERT INTO PEDIDO VALUES (3877, 60, 390, 310);
INSERT INTO ITEMPED VALUES (3877, 22, 281);
INSERT INTO ITEMPED VALUES (3877, 25, 118);
INSERT INTO ITEMPED VALUES (3877, 31, 44);
INSERT INTO ITEMPED VALUES (3877, 45, 202);
INSERT INTO ITEMPED VALUES (3877, 53, 136);
INSERT INTO PEDIDO VALUES (3878, 10, 410, 720);
INSERT INTO ITEMPED VALUES (3878, 13, 144);
INSERT INTO ITEMPED VALUES (3878, 22, 294);
INSERT INTO ITEMPED VALUES (3878, 25, 240);
INSERT INTO ITEMPED VALUES (3878, 31, 148);
INSERT INTO ITEMPED VALUES (3878, 45, 213);
INSERT INTO PEDIDO VALUES (3879, 20, 290, 310);
INSERT INTO ITEMPED VALUES (3879, 53, 138);
INSERT INTO ITEMPED VALUES (3879, 77, 46);
INSERT INTO ITEMPED VALUES (3879, 78, 93);
INSERT INTO ITEMPED VALUES (3879, 13, 149);
INSERT INTO ITEMPED VALUES (3879, 22, 73);
INSERT INTO ITEMPED VALUES (3879, 25, 77);
INSERT INTO PEDIDO VALUES (3880, 10, 390, 250);
INSERT INTO ITEMPED VALUES (3880, 78, 134);
INSERT INTO ITEMPED VALUES (3880, 13, 275);
INSERT INTO ITEMPED VALUES (3880, 22, 264);
INSERT INTO ITEMPED VALUES (3880, 25, 40);
INSERT INTO ITEMPED VALUES (3880, 31, 224);
INSERT INTO ITEMPED VALUES (3880, 45, 98);
INSERT INTO PEDIDO VALUES (3881, 60, 260, 310);
INSERT INTO ITEMPED VALUES (3881, 13, 66);
INSERT INTO ITEMPED VALUES (3881, 22, 109);
INSERT INTO ITEMPED VALUES (3881, 25, 250);
INSERT INTO ITEMPED VALUES (3881, 31, 170);
INSERT INTO ITEMPED VALUES (3881, 45, 237);
INSERT INTO ITEMPED VALUES (3881, 53, 108);
INSERT INTO PEDIDO VALUES (3882, 10, 870, 213);
INSERT INTO ITEMPED VALUES (3882, 77, 204);
INSERT INTO ITEMPED VALUES (3882, 78, 61);
INSERT INTO ITEMPED VALUES (3882, 13, 232);
INSERT INTO ITEMPED VALUES (3882, 22, 296);
INSERT INTO ITEMPED VALUES (3882, 25, 78);
INSERT INTO ITEMPED VALUES (3882, 31, 62);
INSERT INTO PEDIDO VALUES (3883, 30, 410, 310);
INSERT INTO ITEMPED VALUES (3883, 78, 212);
INSERT INTO ITEMPED VALUES (3883, 13, 245);
INSERT INTO ITEMPED VALUES (3883, 22, 57);
INSERT INTO ITEMPED VALUES (3883, 25, 124);
INSERT INTO PEDIDO VALUES (3884, 60, 870, 111);
INSERT INTO ITEMPED VALUES (3884, 22, 32);
INSERT INTO PEDIDO VALUES (3885, 30, 720, 240);
INSERT INTO ITEMPED VALUES (3885, 31, 238);
INSERT INTO ITEMPED VALUES (3885, 45, 251);
INSERT INTO ITEMPED VALUES (3885, 53, 146);
INSERT INTO ITEMPED VALUES (3885, 77, 282);
INSERT INTO ITEMPED VALUES (3885, 78, 207);
INSERT INTO ITEMPED VALUES (3885, 13, 164);
INSERT INTO PEDIDO VALUES (3886, 60, 20, 720);
INSERT INTO ITEMPED VALUES (3886, 13, 281);
INSERT INTO ITEMPED VALUES (3886, 22, 288);
INSERT INTO ITEMPED VALUES (3886, 25, 289);
INSERT INTO ITEMPED VALUES (3886, 31, 79);
INSERT INTO ITEMPED VALUES (3886, 45, 178);
INSERT INTO ITEMPED VALUES (3886, 53, 221);
INSERT INTO PEDIDO VALUES (3887, 20, 410, 310);
INSERT INTO ITEMPED VALUES (3887, 45, 278);
INSERT INTO PEDIDO VALUES (3888, 10, 870, 250);
INSERT INTO ITEMPED VALUES (3888, 22, 253);
INSERT INTO ITEMPED VALUES (3888, 25, 265);
INSERT INTO ITEMPED VALUES (3888, 31, 22);
INSERT INTO ITEMPED VALUES (3888, 45, 73);
INSERT INTO ITEMPED VALUES (3888, 53, 199);
INSERT INTO ITEMPED VALUES (3888, 77, 299);
INSERT INTO PEDIDO VALUES (3889, 20, 830, 310);
INSERT INTO ITEMPED VALUES (3889, 13, 72);
INSERT INTO ITEMPED VALUES (3889, 22, 6);
INSERT INTO ITEMPED VALUES (3889, 25, 166);
INSERT INTO PEDIDO VALUES (3890, 60, 720, 209);
INSERT INTO ITEMPED VALUES (3890, 22, 8);
INSERT INTO ITEMPED VALUES (3890, 25, 271);
INSERT INTO ITEMPED VALUES (3890, 31, 32);
INSERT INTO PEDIDO VALUES (3891, 30, 20, 720);
INSERT INTO ITEMPED VALUES (3891, 31, 20);
INSERT INTO PEDIDO VALUES (3892, 60, 871, 250);
INSERT INTO ITEMPED VALUES (3892, 22, 130);
INSERT INTO ITEMPED VALUES (3892, 25, 166);
INSERT INTO PEDIDO VALUES (3893, 30, 20, 101);
INSERT INTO ITEMPED VALUES (3893, 53, 205);
INSERT INTO ITEMPED VALUES (3893, 77, 25);
INSERT INTO ITEMPED VALUES (3893, 78, 72);
INSERT INTO ITEMPED VALUES (3893, 13, 14);
INSERT INTO ITEMPED VALUES (3893, 22, 76);
INSERT INTO PEDIDO VALUES (3894, 20, 110, 213);
INSERT INTO ITEMPED VALUES (3894, 78, 137);
INSERT INTO ITEMPED VALUES (3894, 13, 228);
INSERT INTO ITEMPED VALUES (3894, 22, 77);
INSERT INTO PEDIDO VALUES (3895, 10, 290, 250);
INSERT INTO ITEMPED VALUES (3895, 45, 264);
INSERT INTO PEDIDO VALUES (3896, 45, 830, 111);
INSERT INTO ITEMPED VALUES (3896, 25, 260);
INSERT INTO PEDIDO VALUES (3897, 10, 290, 213);
INSERT INTO ITEMPED VALUES (3897, 13, 183);
INSERT INTO ITEMPED VALUES (3897, 22, 145);
INSERT INTO ITEMPED VALUES (3897, 25, 110);
INSERT INTO ITEMPED VALUES (3897, 31, 132);
INSERT INTO ITEMPED VALUES (3897, 45, 58);
INSERT INTO PEDIDO VALUES (3898, 20, 260, 310);
INSERT INTO ITEMPED VALUES (3898, 22, 239);
INSERT INTO PEDIDO VALUES (3899, 10, 390, 101);
INSERT INTO ITEMPED VALUES (3899, 25, 134);
INSERT INTO ITEMPED VALUES (3899, 31, 47);
INSERT INTO PEDIDO VALUES (3900, 60, 720, 250);
INSERT INTO ITEMPED VALUES (3900, 78, 12);
INSERT INTO PEDIDO VALUES (3901, 30, 20, 720);
INSERT INTO ITEMPED VALUES (3901, 31, 207);
INSERT INTO ITEMPED VALUES (3901, 45, 160);
INSERT INTO ITEMPED VALUES (3901, 53, 245);
INSERT INTO PEDIDO VALUES (3902, 45, 110, 250);
INSERT INTO ITEMPED VALUES (3902, 77, 25);
INSERT INTO ITEMPED VALUES (3902, 78, 23);
INSERT INTO ITEMPED VALUES (3902, 13, 242);
INSERT INTO PEDIDO VALUES (3903, 20, 260, 310);
INSERT INTO ITEMPED VALUES (3903, 45, 238);
INSERT INTO ITEMPED VALUES (3903, 53, 118);
INSERT INTO ITEMPED VALUES (3903, 77, 43);
INSERT INTO PEDIDO VALUES (3904, 30, 830, 111);
INSERT INTO ITEMPED VALUES (3904, 13, 266);
INSERT INTO PEDIDO VALUES (3905, 10, 180, 213);
INSERT INTO ITEMPED VALUES (3905, 45, 206);
INSERT INTO ITEMPED VALUES (3905, 53, 36);
INSERT INTO ITEMPED VALUES (3905, 77, 104);
INSERT INTO ITEMPED VALUES (3905, 78, 255);
INSERT INTO ITEMPED VALUES (3905, 13, 293);
INSERT INTO PEDIDO VALUES (3906, 20, 20, 209);
INSERT INTO ITEMPED VALUES (3906, 77, 120);
INSERT INTO ITEMPED VALUES (3906, 78, 244);
INSERT INTO ITEMPED VALUES (3906, 13, 237);
INSERT INTO ITEMPED VALUES (3906, 22, 199);
INSERT INTO ITEMPED VALUES (3906, 25, 10);
INSERT INTO ITEMPED VALUES (3906, 31, 163);
INSERT INTO PEDIDO VALUES (3907, 45, 410, 720);
INSERT INTO ITEMPED VALUES (3907, 78, 123);
INSERT INTO PEDIDO VALUES (3908, 20, 720, 240);
INSERT INTO ITEMPED VALUES (3908, 77, 73);
INSERT INTO ITEMPED VALUES (3908, 78, 14);
INSERT INTO ITEMPED VALUES (3908, 13, 137);
INSERT INTO ITEMPED VALUES (3908, 22, 192);
INSERT INTO ITEMPED VALUES (3908, 25, 145);
INSERT INTO ITEMPED VALUES (3908, 31, 274);
INSERT INTO PEDIDO VALUES (3909, 60, 870, 101);
INSERT INTO ITEMPED VALUES (3909, 45, 234);
INSERT INTO PEDIDO VALUES (3910, 20, 180, 213);
INSERT INTO ITEMPED VALUES (3910, 78, 174);
INSERT INTO ITEMPED VALUES (3910, 13, 85);
INSERT INTO ITEMPED VALUES (3910, 22, 265);
INSERT INTO ITEMPED VALUES (3910, 25, 210);
INSERT INTO ITEMPED VALUES (3910, 31, 68);
INSERT INTO ITEMPED VALUES (3910, 45, 8);
INSERT INTO PEDIDO VALUES (3911, 45, 830, 310);
INSERT INTO ITEMPED VALUES (3911, 45, 14);
INSERT INTO ITEMPED VALUES (3911, 53, 25);
INSERT INTO ITEMPED VALUES (3911, 77, 32);
INSERT INTO ITEMPED VALUES (3911, 78, 20);
INSERT INTO ITEMPED VALUES (3911, 13, 197);
INSERT INTO PEDIDO VALUES (3912, 20, 260, 250);
INSERT INTO ITEMPED VALUES (3912, 53, 269);
INSERT INTO ITEMPED VALUES (3912, 77, 161);
INSERT INTO ITEMPED VALUES (3912, 78, 74);
INSERT INTO ITEMPED VALUES (3912, 13, 147);
INSERT INTO ITEMPED VALUES (3912, 22, 75);
INSERT INTO ITEMPED VALUES (3912, 25, 82);
INSERT INTO PEDIDO VALUES (3913, 10, 830, 111);
INSERT INTO ITEMPED VALUES (3913, 31, 4);
INSERT INTO ITEMPED VALUES (3913, 45, 263);
INSERT INTO ITEMPED VALUES (3913, 53, 48);
INSERT INTO ITEMPED VALUES (3913, 77, 184);
INSERT INTO ITEMPED VALUES (3913, 78, 302);
INSERT INTO PEDIDO VALUES (3914, 60, 260, 209);
INSERT INTO ITEMPED VALUES (3914, 25, 70);
INSERT INTO ITEMPED VALUES (3914, 31, 221);
INSERT INTO PEDIDO VALUES (3915, 30, 20, 240);
INSERT INTO ITEMPED VALUES (3915, 78, 81);
INSERT INTO ITEMPED VALUES (3915, 13, 136);
INSERT INTO ITEMPED VALUES (3915, 22, 39);
INSERT INTO ITEMPED VALUES (3915, 25, 96);
INSERT INTO ITEMPED VALUES (3915, 31, 60);
INSERT INTO PEDIDO VALUES (3916, 20, 290, 111);
INSERT INTO ITEMPED VALUES (3916, 77, 184);
INSERT INTO ITEMPED VALUES (3916, 78, 272);
INSERT INTO ITEMPED VALUES (3916, 13, 249);
INSERT INTO ITEMPED VALUES (3916, 22, 105);
INSERT INTO ITEMPED VALUES (3916, 25, 132);
INSERT INTO PEDIDO VALUES (3917, 10, 871, 209);
INSERT INTO ITEMPED VALUES (3917, 13, 39);
INSERT INTO ITEMPED VALUES (3917, 22, 111);
INSERT INTO PEDIDO VALUES (3918, 45, 180, 213);
INSERT INTO ITEMPED VALUES (3918, 25, 167);
INSERT INTO ITEMPED VALUES (3918, 31, 32);
INSERT INTO PEDIDO VALUES (3919, 10, 870, 720);
INSERT INTO ITEMPED VALUES (3919, 13, 180);
INSERT INTO ITEMPED VALUES (3919, 22, 33);
INSERT INTO PEDIDO VALUES (3920, 30, 20, 250);
INSERT INTO ITEMPED VALUES (3920, 53, 90);
INSERT INTO ITEMPED VALUES (3920, 77, 290);
INSERT INTO ITEMPED VALUES (3920, 78, 98);
INSERT INTO ITEMPED VALUES (3920, 13, 228);
INSERT INTO PEDIDO VALUES (3921, 10, 871, 240);
INSERT INTO ITEMPED VALUES (3921, 77, 228);
INSERT INTO ITEMPED VALUES (3921, 78, 141);
INSERT INTO ITEMPED VALUES (3921, 13, 276);
INSERT INTO ITEMPED VALUES (3921, 22, 81);
INSERT INTO ITEMPED VALUES (3921, 25, 136);
INSERT INTO ITEMPED VALUES (3921, 31, 258);
INSERT INTO PEDIDO VALUES (3922, 20, 260, 250);
INSERT INTO ITEMPED VALUES (3922, 31, 60);
INSERT INTO ITEMPED VALUES (3922, 45, 293);
INSERT INTO ITEMPED VALUES (3922, 53, 139);
INSERT INTO PEDIDO VALUES (3923, 10, 110, 240);
INSERT INTO ITEMPED VALUES (3923, 77, 284);
INSERT INTO ITEMPED VALUES (3923, 78, 101);
INSERT INTO ITEMPED VALUES (3923, 13, 190);
INSERT INTO PEDIDO VALUES (3924, 20, 870, 101);
INSERT INTO ITEMPED VALUES (3924, 45, 137);
INSERT INTO ITEMPED VALUES (3924, 53, 162);
INSERT INTO ITEMPED VALUES (3924, 77, 259);
INSERT INTO PEDIDO VALUES (3925, 10, 290, 209);
INSERT INTO ITEMPED VALUES (3925, 25, 9);
INSERT INTO ITEMPED VALUES (3925, 31, 233);
INSERT INTO ITEMPED VALUES (3925, 45, 182);
INSERT INTO ITEMPED VALUES (3925, 53, 249);
INSERT INTO ITEMPED VALUES (3925, 77, 276);
INSERT INTO PEDIDO VALUES (3926, 20, 110, 213);
INSERT INTO ITEMPED VALUES (3926, 53, 71);
INSERT INTO ITEMPED VALUES (3926, 77, 194);
INSERT INTO ITEMPED VALUES (3926, 78, 261);
INSERT INTO PEDIDO VALUES (3927, 60, 870, 101);
INSERT INTO ITEMPED VALUES (3927, 22, 112);
INSERT INTO ITEMPED VALUES (3927, 25, 95);
INSERT INTO ITEMPED VALUES (3927, 31, 290);
INSERT INTO ITEMPED VALUES (3927, 45, 175);
INSERT INTO ITEMPED VALUES (3927, 53, 80);
INSERT INTO PEDIDO VALUES (3928, 30, 871, 720);
INSERT INTO ITEMPED VALUES (3928, 13, 50);
INSERT INTO PEDIDO VALUES (3929, 60, 870, 310);
INSERT INTO ITEMPED VALUES (3929, 22, 16);
INSERT INTO ITEMPED VALUES (3929, 25, 171);
INSERT INTO ITEMPED VALUES (3929, 31, 152);
INSERT INTO PEDIDO VALUES (3930, 10, 720, 11);
INSERT INTO ITEMPED VALUES (3930, 13, 259);
INSERT INTO PEDIDO VALUES (3931, 60, 390, 111);
INSERT INTO ITEMPED VALUES (3931, 25, 129);
INSERT INTO ITEMPED VALUES (3931, 31, 215);
INSERT INTO ITEMPED VALUES (3931, 45, 77);
INSERT INTO PEDIDO VALUES (3932, 30, 720, 250);
INSERT INTO ITEMPED VALUES (3932, 31, 166);
INSERT INTO PEDIDO VALUES (3933, 10, 870, 240);
INSERT INTO ITEMPED VALUES (3933, 53, 129);
INSERT INTO ITEMPED VALUES (3933, 77, 268);
INSERT INTO ITEMPED VALUES (3933, 78, 214);
INSERT INTO ITEMPED VALUES (3933, 13, 166);
INSERT INTO PEDIDO VALUES (3934, 30, 290, 11);
INSERT INTO ITEMPED VALUES (3934, 31, 217);
INSERT INTO ITEMPED VALUES (3934, 45, 162);
INSERT INTO ITEMPED VALUES (3934, 53, 140);
INSERT INTO ITEMPED VALUES (3934, 77, 158);
INSERT INTO ITEMPED VALUES (3934, 78, 99);
INSERT INTO PEDIDO VALUES (3935, 60, 871, 209);
INSERT INTO ITEMPED VALUES (3935, 13, 76);
INSERT INTO ITEMPED VALUES (3935, 22, 177);
INSERT INTO PEDIDO VALUES (3936, 30, 260, 213);
INSERT INTO ITEMPED VALUES (3936, 22, 200);
INSERT INTO PEDIDO VALUES (3937, 60, 830, 209);
INSERT INTO ITEMPED VALUES (3937, 13, 179);
INSERT INTO ITEMPED VALUES (3937, 22, 53);
INSERT INTO ITEMPED VALUES (3937, 25, 75);
INSERT INTO ITEMPED VALUES (3937, 31, 271);
INSERT INTO PEDIDO VALUES (3938, 30, 20, 213);
INSERT INTO ITEMPED VALUES (3938, 77, 221);
INSERT INTO ITEMPED VALUES (3938, 78, 205);
INSERT INTO ITEMPED VALUES (3938, 13, 41);
INSERT INTO ITEMPED VALUES (3938, 22, 76);
INSERT INTO ITEMPED VALUES (3938, 25, 271);
INSERT INTO PEDIDO VALUES (3939, 10, 720, 250);
INSERT INTO ITEMPED VALUES (3939, 13, 64);
INSERT INTO ITEMPED VALUES (3939, 22, 115);
INSERT INTO PEDIDO VALUES (3940, 30, 260, 720);
INSERT INTO ITEMPED VALUES (3940, 25, 196);
INSERT INTO ITEMPED VALUES (3940, 31, 62);
INSERT INTO PEDIDO VALUES (3941, 45, 871, 111);
INSERT INTO ITEMPED VALUES (3941, 45, 239);
INSERT INTO ITEMPED VALUES (3941, 53, 280);
INSERT INTO PEDIDO VALUES (3942, 60, 720, 250);
INSERT INTO ITEMPED VALUES (3942, 31, 31);
INSERT INTO ITEMPED VALUES (3942, 45, 13);
INSERT INTO ITEMPED VALUES (3942, 53, 234);
INSERT INTO ITEMPED VALUES (3942, 77, 219);
INSERT INTO ITEMPED VALUES (3942, 78, 100);
INSERT INTO ITEMPED VALUES (3942, 13, 138);
INSERT INTO PEDIDO VALUES (3943, 30, 110, 209);
INSERT INTO ITEMPED VALUES (3943, 45, 130);
INSERT INTO PEDIDO VALUES (3944, 45, 871, 213);
INSERT INTO ITEMPED VALUES (3944, 13, 108);
INSERT INTO ITEMPED VALUES (3944, 22, 214);
INSERT INTO ITEMPED VALUES (3944, 25, 234);
INSERT INTO PEDIDO VALUES (3945, 30, 830, 11);
INSERT INTO ITEMPED VALUES (3945, 77, 123);
INSERT INTO ITEMPED VALUES (3945, 78, 79);
INSERT INTO ITEMPED VALUES (3945, 13, 278);
INSERT INTO PEDIDO VALUES (3946, 10, 20, 209);
INSERT INTO ITEMPED VALUES (3946, 22, 208);
INSERT INTO ITEMPED VALUES (3946, 25, 295);
INSERT INTO ITEMPED VALUES (3946, 31, 112);
INSERT INTO ITEMPED VALUES (3946, 45, 28);
INSERT INTO ITEMPED VALUES (3946, 53, 258);
INSERT INTO PEDIDO VALUES (3947, 30, 830, 720);
INSERT INTO ITEMPED VALUES (3947, 31, 10);
INSERT INTO ITEMPED VALUES (3947, 45, 83);
INSERT INTO ITEMPED VALUES (3947, 53, 238);
INSERT INTO PEDIDO VALUES (3948, 45, 871, 213);
INSERT INTO ITEMPED VALUES (3948, 53, 163);
INSERT INTO ITEMPED VALUES (3948, 77, 17);
INSERT INTO PEDIDO VALUES (3949, 10, 260, 310);
INSERT INTO ITEMPED VALUES (3949, 13, 171);
INSERT INTO ITEMPED VALUES (3949, 22, 185);
INSERT INTO ITEMPED VALUES (3949, 25, 144);
INSERT INTO ITEMPED VALUES (3949, 31, 98);
INSERT INTO PEDIDO VALUES (3950, 45, 410, 11);
INSERT INTO ITEMPED VALUES (3950, 31, 216);
INSERT INTO ITEMPED VALUES (3950, 45, 167);
INSERT INTO ITEMPED VALUES (3950, 53, 286);
INSERT INTO ITEMPED VALUES (3950, 77, 85);
INSERT INTO ITEMPED VALUES (3950, 78, 232);
INSERT INTO PEDIDO VALUES (3951, 10, 871, 240);
INSERT INTO ITEMPED VALUES (3951, 25, 8);
INSERT INTO ITEMPED VALUES (3951, 31, 290);
INSERT INTO ITEMPED VALUES (3951, 45, 265);
INSERT INTO ITEMPED VALUES (3951, 53, 282);
INSERT INTO PEDIDO VALUES (3952, 30, 110, 11);
INSERT INTO ITEMPED VALUES (3952, 77, 56);
INSERT INTO ITEMPED VALUES (3952, 78, 211);
INSERT INTO ITEMPED VALUES (3952, 13, 255);
INSERT INTO ITEMPED VALUES (3952, 22, 162);
INSERT INTO ITEMPED VALUES (3952, 25, 179);
INSERT INTO PEDIDO VALUES (3953, 60, 871, 240);
INSERT INTO ITEMPED VALUES (3953, 22, 215);
INSERT INTO ITEMPED VALUES (3953, 25, 36);
INSERT INTO PEDIDO VALUES (3954, 45, 720, 11);
INSERT INTO ITEMPED VALUES (3954, 13, 95);
INSERT INTO ITEMPED VALUES (3954, 22, 278);
INSERT INTO ITEMPED VALUES (3954, 25, 97);
INSERT INTO ITEMPED VALUES (3954, 31, 20);
INSERT INTO ITEMPED VALUES (3954, 45, 246);
INSERT INTO PEDIDO VALUES (3955, 20, 390, 720);
INSERT INTO ITEMPED VALUES (3955, 53, 214);
INSERT INTO ITEMPED VALUES (3955, 77, 99);
INSERT INTO ITEMPED VALUES (3955, 78, 146);
INSERT INTO ITEMPED VALUES (3955, 13, 136);
INSERT INTO ITEMPED VALUES (3955, 22, 69);
INSERT INTO PEDIDO VALUES (3956, 60, 180, 310);
INSERT INTO ITEMPED VALUES (3956, 78, 53);
INSERT INTO ITEMPED VALUES (3956, 13, 80);
INSERT INTO ITEMPED VALUES (3956, 22, 249);
INSERT INTO ITEMPED VALUES (3956, 25, 235);
INSERT INTO ITEMPED VALUES (3956, 31, 13);
INSERT INTO ITEMPED VALUES (3956, 45, 286);
INSERT INTO PEDIDO VALUES (3957, 20, 720, 720);
INSERT INTO ITEMPED VALUES (3957, 13, 19);
INSERT INTO ITEMPED VALUES (3957, 22, 46);
INSERT INTO ITEMPED VALUES (3957, 25, 243);
INSERT INTO ITEMPED VALUES (3957, 31, 149);
INSERT INTO ITEMPED VALUES (3957, 45, 83);
INSERT INTO ITEMPED VALUES (3957, 53, 105);
INSERT INTO PEDIDO VALUES (3958, 30, 870, 11);
INSERT INTO ITEMPED VALUES (3958, 53, 177);
INSERT INTO ITEMPED VALUES (3958, 77, 21);
INSERT INTO ITEMPED VALUES (3958, 78, 240);
INSERT INTO ITEMPED VALUES (3958, 13, 251);
INSERT INTO ITEMPED VALUES (3958, 22, 39);
INSERT INTO ITEMPED VALUES (3958, 25, 26);
INSERT INTO PEDIDO VALUES (3959, 10, 180, 240);
INSERT INTO ITEMPED VALUES (3959, 13, 244);
INSERT INTO ITEMPED VALUES (3959, 22, 38);
INSERT INTO ITEMPED VALUES (3959, 25, 122);
INSERT INTO ITEMPED VALUES (3959, 31, 275);
INSERT INTO ITEMPED VALUES (3959, 45, 112);
INSERT INTO ITEMPED VALUES (3959, 53, 247);
INSERT INTO PEDIDO VALUES (3960, 60, 830, 111);
INSERT INTO ITEMPED VALUES (3960, 77, 60);
INSERT INTO ITEMPED VALUES (3960, 78, 127);
INSERT INTO ITEMPED VALUES (3960, 13, 177);
INSERT INTO ITEMPED VALUES (3960, 22, 59);
INSERT INTO ITEMPED VALUES (3960, 25, 105);
INSERT INTO ITEMPED VALUES (3960, 31, 152);
INSERT INTO PEDIDO VALUES (3961, 30, 20, 213);
INSERT INTO ITEMPED VALUES (3961, 25, 9);
INSERT INTO ITEMPED VALUES (3961, 31, 285);
INSERT INTO ITEMPED VALUES (3961, 45, 66);
INSERT INTO ITEMPED VALUES (3961, 53, 38);
INSERT INTO ITEMPED VALUES (3961, 77, 184);
INSERT INTO PEDIDO VALUES (3962, 60, 870, 111);
INSERT INTO ITEMPED VALUES (3962, 13, 9);
INSERT INTO ITEMPED VALUES (3962, 22, 83);
INSERT INTO ITEMPED VALUES (3962, 25, 207);
INSERT INTO ITEMPED VALUES (3962, 31, 158);
INSERT INTO ITEMPED VALUES (3962, 45, 13);
INSERT INTO ITEMPED VALUES (3962, 53, 238);
INSERT INTO PEDIDO VALUES (3963, 45, 20, 240);
INSERT INTO ITEMPED VALUES (3963, 77, 16);
INSERT INTO ITEMPED VALUES (3963, 78, 32);
INSERT INTO ITEMPED VALUES (3963, 13, 271);
INSERT INTO ITEMPED VALUES (3963, 22, 132);
INSERT INTO ITEMPED VALUES (3963, 25, 91);
INSERT INTO ITEMPED VALUES (3963, 31, 284);
INSERT INTO PEDIDO VALUES (3964, 10, 180, 720);
INSERT INTO ITEMPED VALUES (3964, 25, 122);
INSERT INTO ITEMPED VALUES (3964, 31, 46);
INSERT INTO ITEMPED VALUES (3964, 45, 188);
INSERT INTO ITEMPED VALUES (3964, 53, 177);
INSERT INTO ITEMPED VALUES (3964, 77, 123);
INSERT INTO ITEMPED VALUES (3964, 78, 68);
INSERT INTO PEDIDO VALUES (3965, 60, 830, 213);
INSERT INTO ITEMPED VALUES (3965, 78, 266);
INSERT INTO PEDIDO VALUES (3966, 30, 871, 209);
INSERT INTO ITEMPED VALUES (3966, 31, 285);
INSERT INTO ITEMPED VALUES (3966, 45, 256);
INSERT INTO ITEMPED VALUES (3966, 53, 113);
INSERT INTO ITEMPED VALUES (3966, 77, 235);
INSERT INTO ITEMPED VALUES (3966, 78, 62);
INSERT INTO ITEMPED VALUES (3966, 13, 293);
INSERT INTO PEDIDO VALUES (3967, 45, 830, 11);
INSERT INTO ITEMPED VALUES (3967, 13, 179);
INSERT INTO ITEMPED VALUES (3967, 22, 211);
INSERT INTO ITEMPED VALUES (3967, 25, 21);
INSERT INTO PEDIDO VALUES (3968, 20, 110, 209);
INSERT INTO ITEMPED VALUES (3968, 45, 4);
INSERT INTO ITEMPED VALUES (3968, 53, 172);
INSERT INTO ITEMPED VALUES (3968, 77, 199);
INSERT INTO PEDIDO VALUES (3969, 10, 830, 310);
INSERT INTO ITEMPED VALUES (3969, 13, 143);
INSERT INTO ITEMPED VALUES (3969, 22, 35);
INSERT INTO PEDIDO VALUES (3970, 30, 410, 213);
INSERT INTO ITEMPED VALUES (3970, 77, 270);
INSERT INTO PEDIDO VALUES (3971, 45, 110, 240);
INSERT INTO ITEMPED VALUES (3971, 31, 94);
INSERT INTO ITEMPED VALUES (3971, 45, 254);
INSERT INTO ITEMPED VALUES (3971, 53, 55);
INSERT INTO PEDIDO VALUES (3972, 30, 20, 720);
INSERT INTO ITEMPED VALUES (3972, 77, 84);
INSERT INTO ITEMPED VALUES (3972, 78, 293);
INSERT INTO PEDIDO VALUES (3973, 20, 871, 111);
INSERT INTO ITEMPED VALUES (3973, 53, 259);
INSERT INTO ITEMPED VALUES (3973, 77, 178);
INSERT INTO ITEMPED VALUES (3973, 78, 106);
INSERT INTO ITEMPED VALUES (3973, 13, 196);
INSERT INTO PEDIDO VALUES (3974, 60, 110, 240);
INSERT INTO ITEMPED VALUES (3974, 22, 29);
INSERT INTO ITEMPED VALUES (3974, 25, 20);
INSERT INTO ITEMPED VALUES (3974, 31, 105);
INSERT INTO ITEMPED VALUES (3974, 45, 266);
INSERT INTO ITEMPED VALUES (3974, 53, 269);
INSERT INTO PEDIDO VALUES (3975, 10, 180, 213);
INSERT INTO ITEMPED VALUES (3975, 78, 52);
INSERT INTO ITEMPED VALUES (3975, 13, 258);
INSERT INTO ITEMPED VALUES (3975, 22, 299);
INSERT INTO ITEMPED VALUES (3975, 25, 135);
INSERT INTO PEDIDO VALUES (3976, 30, 260, 11);
INSERT INTO ITEMPED VALUES (3976, 53, 221);
INSERT INTO ITEMPED VALUES (3976, 77, 113);
INSERT INTO ITEMPED VALUES (3976, 78, 128);
INSERT INTO ITEMPED VALUES (3976, 13, 195);
INSERT INTO ITEMPED VALUES (3976, 22, 152);
INSERT INTO ITEMPED VALUES (3976, 25, 33);
INSERT INTO PEDIDO VALUES (3977, 60, 290, 310);
INSERT INTO ITEMPED VALUES (3977, 77, 201);
INSERT INTO ITEMPED VALUES (3977, 78, 64);
INSERT INTO ITEMPED VALUES (3977, 13, 268);
INSERT INTO ITEMPED VALUES (3977, 22, 12);
INSERT INTO ITEMPED VALUES (3977, 25, 245);
INSERT INTO ITEMPED VALUES (3977, 31, 27);
INSERT INTO PEDIDO VALUES (3978, 20, 20, 101);
INSERT INTO ITEMPED VALUES (3978, 53, 69);
INSERT INTO ITEMPED VALUES (3978, 77, 230);
INSERT INTO ITEMPED VALUES (3978, 78, 7);
INSERT INTO PEDIDO VALUES (3979, 10, 871, 213);
INSERT INTO ITEMPED VALUES (3979, 13, 234);
INSERT INTO ITEMPED VALUES (3979, 22, 52);
INSERT INTO PEDIDO VALUES (3980, 20, 870, 720);
INSERT INTO ITEMPED VALUES (3980, 78, 42);
INSERT INTO PEDIDO VALUES (3981, 30, 390, 101);
INSERT INTO ITEMPED VALUES (3981, 45, 142);
INSERT INTO ITEMPED VALUES (3981, 53, 23);
INSERT INTO ITEMPED VALUES (3981, 77, 243);
INSERT INTO PEDIDO VALUES (3982, 60, 290, 111);
INSERT INTO ITEMPED VALUES (3982, 13, 36);
INSERT INTO ITEMPED VALUES (3982, 22, 112);
INSERT INTO ITEMPED VALUES (3982, 25, 289);
INSERT INTO ITEMPED VALUES (3982, 31, 211);
INSERT INTO PEDIDO VALUES (3983, 45, 180, 213);
INSERT INTO ITEMPED VALUES (3983, 77, 210);
INSERT INTO ITEMPED VALUES (3983, 78, 112);
INSERT INTO PEDIDO VALUES (3984, 20, 260, 720);
INSERT INTO ITEMPED VALUES (3984, 78, 155);
INSERT INTO ITEMPED VALUES (3984, 13, 190);
INSERT INTO ITEMPED VALUES (3984, 22, 52);
INSERT INTO ITEMPED VALUES (3984, 25, 199);
INSERT INTO ITEMPED VALUES (3984, 31, 70);
INSERT INTO ITEMPED VALUES (3984, 45, 62);
INSERT INTO PEDIDO VALUES (3985, 10, 410, 209);
INSERT INTO ITEMPED VALUES (3985, 31, 84);
INSERT INTO ITEMPED VALUES (3985, 45, 134);
INSERT INTO PEDIDO VALUES (3986, 45, 830, 310);
INSERT INTO ITEMPED VALUES (3986, 13, 155);
INSERT INTO ITEMPED VALUES (3986, 22, 95);
INSERT INTO ITEMPED VALUES (3986, 25, 204);
INSERT INTO PEDIDO VALUES (3987, 20, 20, 250);
INSERT INTO ITEMPED VALUES (3987, 45, 207);
INSERT INTO ITEMPED VALUES (3987, 53, 22);
INSERT INTO ITEMPED VALUES (3987, 77, 122);
INSERT INTO ITEMPED VALUES (3987, 78, 50);
INSERT INTO ITEMPED VALUES (3987, 13, 278);
INSERT INTO ITEMPED VALUES (3987, 22, 162);
INSERT INTO PEDIDO VALUES (3988, 30, 410, 209);
INSERT INTO ITEMPED VALUES (3988, 22, 131);
INSERT INTO ITEMPED VALUES (3988, 25, 284);
INSERT INTO ITEMPED VALUES (3988, 31, 134);
INSERT INTO ITEMPED VALUES (3988, 45, 273);
INSERT INTO ITEMPED VALUES (3988, 53, 80);
INSERT INTO PEDIDO VALUES (3989, 20, 110, 720);
INSERT INTO ITEMPED VALUES (3989, 53, 159);
INSERT INTO PEDIDO VALUES (3990, 60, 410, 209);
INSERT INTO ITEMPED VALUES (3990, 77, 97);
INSERT INTO ITEMPED VALUES (3990, 78, 67);
INSERT INTO ITEMPED VALUES (3990, 13, 67);
INSERT INTO ITEMPED VALUES (3990, 22, 75);
INSERT INTO PEDIDO VALUES (3991, 10, 830, 250);
INSERT INTO ITEMPED VALUES (3991, 78, 187);
INSERT INTO ITEMPED VALUES (3991, 13, 85);
INSERT INTO ITEMPED VALUES (3991, 22, 77);
INSERT INTO ITEMPED VALUES (3991, 25, 211);
INSERT INTO PEDIDO VALUES (3992, 45, 110, 213);
INSERT INTO ITEMPED VALUES (3992, 13, 265);
INSERT INTO ITEMPED VALUES (3992, 22, 90);
INSERT INTO ITEMPED VALUES (3992, 25, 87);
INSERT INTO ITEMPED VALUES (3992, 31, 29);
INSERT INTO ITEMPED VALUES (3992, 45, 91);
INSERT INTO PEDIDO VALUES (3993, 10, 260, 209);
INSERT INTO ITEMPED VALUES (3993, 31, 195);
INSERT INTO ITEMPED VALUES (3993, 45, 79);
INSERT INTO ITEMPED VALUES (3993, 53, 22);
INSERT INTO ITEMPED VALUES (3993, 77, 136);
INSERT INTO PEDIDO VALUES (3994, 20, 871, 240);
INSERT INTO ITEMPED VALUES (3994, 25, 129);
INSERT INTO ITEMPED VALUES (3994, 31, 126);
INSERT INTO ITEMPED VALUES (3994, 45, 72);
INSERT INTO ITEMPED VALUES (3994, 53, 155);
INSERT INTO ITEMPED VALUES (3994, 77, 63);
INSERT INTO ITEMPED VALUES (3994, 78, 246);
INSERT INTO PEDIDO VALUES (3995, 45, 290, 213);
INSERT INTO ITEMPED VALUES (3995, 13, 274);
INSERT INTO ITEMPED VALUES (3995, 22, 54);
INSERT INTO ITEMPED VALUES (3995, 25, 98);
INSERT INTO PEDIDO VALUES (3996, 10, 871, 101);
INSERT INTO ITEMPED VALUES (3996, 77, 6);
INSERT INTO ITEMPED VALUES (3996, 78, 66);
INSERT INTO ITEMPED VALUES (3996, 13, 52);
INSERT INTO PEDIDO VALUES (3997, 20, 110, 250);
INSERT INTO ITEMPED VALUES (3997, 53, 242);
INSERT INTO ITEMPED VALUES (3997, 77, 48);
INSERT INTO ITEMPED VALUES (3997, 78, 133);
INSERT INTO ITEMPED VALUES (3997, 13, 30);
INSERT INTO PEDIDO VALUES (3998, 45, 390, 240);
INSERT INTO ITEMPED VALUES (3998, 77, 251);
INSERT INTO ITEMPED VALUES (3998, 78, 45);
INSERT INTO PEDIDO VALUES (3999, 60, 871, 11);
INSERT INTO ITEMPED VALUES (3999, 78, 252);
INSERT INTO PEDIDO VALUES (4000, 10, 870, 101);
INSERT INTO ITEMPED VALUES (4000, 13, 46);
INSERT INTO ITEMPED VALUES (4000, 22, 287);
INSERT INTO PEDIDO VALUES (4001, 30, 290, 11);
INSERT INTO ITEMPED VALUES (4001, 25, 300);
INSERT INTO ITEMPED VALUES (4001, 31, 259);
INSERT INTO PEDIDO VALUES (4002, 60, 871, 111);
INSERT INTO ITEMPED VALUES (4002, 53, 136);
INSERT INTO PEDIDO VALUES (4003, 45, 20, 11);
INSERT INTO ITEMPED VALUES (4003, 22, 4);
INSERT INTO ITEMPED VALUES (4003, 25, 20);
INSERT INTO ITEMPED VALUES (4003, 31, 121);
INSERT INTO ITEMPED VALUES (4003, 45, 9);
INSERT INTO PEDIDO VALUES (4004, 10, 180, 310);
INSERT INTO ITEMPED VALUES (4004, 78, 152);
INSERT INTO PEDIDO VALUES (4005, 30, 870, 111);
INSERT INTO ITEMPED VALUES (4005, 77, 22);
INSERT INTO PEDIDO VALUES (4006, 45, 871, 11);
INSERT INTO ITEMPED VALUES (4006, 45, 243);
INSERT INTO ITEMPED VALUES (4006, 53, 137);
INSERT INTO ITEMPED VALUES (4006, 77, 205);
INSERT INTO PEDIDO VALUES (4007, 30, 410, 213);
INSERT INTO ITEMPED VALUES (4007, 25, 157);
INSERT INTO ITEMPED VALUES (4007, 31, 177);
INSERT INTO ITEMPED VALUES (4007, 45, 58);
INSERT INTO ITEMPED VALUES (4007, 53, 273);
INSERT INTO ITEMPED VALUES (4007, 77, 121);
INSERT INTO PEDIDO VALUES (4008, 10, 20, 209);
INSERT INTO ITEMPED VALUES (4008, 31, 168);
INSERT INTO ITEMPED VALUES (4008, 45, 64);
INSERT INTO ITEMPED VALUES (4008, 53, 235);
INSERT INTO ITEMPED VALUES (4008, 77, 178);
INSERT INTO ITEMPED VALUES (4008, 78, 223);
INSERT INTO ITEMPED VALUES (4008, 13, 14);
INSERT INTO PEDIDO VALUES (4009, 30, 180, 213);
INSERT INTO ITEMPED VALUES (4009, 53, 117);
INSERT INTO ITEMPED VALUES (4009, 77, 104);
INSERT INTO ITEMPED VALUES (4009, 78, 65);
INSERT INTO ITEMPED VALUES (4009, 13, 70);
INSERT INTO PEDIDO VALUES (4010, 20, 870, 240);
INSERT INTO ITEMPED VALUES (4010, 78, 51);
INSERT INTO ITEMPED VALUES (4010, 13, 287);
INSERT INTO ITEMPED VALUES (4010, 22, 299);
INSERT INTO ITEMPED VALUES (4010, 25, 201);
INSERT INTO ITEMPED VALUES (4010, 31, 69);
INSERT INTO PEDIDO VALUES (4011, 45, 110, 11);
INSERT INTO ITEMPED VALUES (4011, 25, 258);
INSERT INTO ITEMPED VALUES (4011, 31, 22);
INSERT INTO ITEMPED VALUES (4011, 45, 126);
INSERT INTO ITEMPED VALUES (4011, 53, 201);
INSERT INTO ITEMPED VALUES (4011, 77, 137);
INSERT INTO PEDIDO VALUES (4012, 60, 410, 310);
INSERT INTO ITEMPED VALUES (4012, 53, 221);
INSERT INTO PEDIDO VALUES (4013, 20, 720, 240);
INSERT INTO ITEMPED VALUES (4013, 77, 288);
INSERT INTO ITEMPED VALUES (4013, 78, 95);
INSERT INTO ITEMPED VALUES (4013, 13, 191);
INSERT INTO ITEMPED VALUES (4013, 22, 7);
INSERT INTO ITEMPED VALUES (4013, 25, 171);
INSERT INTO PEDIDO VALUES (4014, 45, 180, 720);
INSERT INTO ITEMPED VALUES (4014, 13, 220);
INSERT INTO ITEMPED VALUES (4014, 22, 178);
INSERT INTO ITEMPED VALUES (4014, 25, 141);
INSERT INTO ITEMPED VALUES (4014, 31, 44);
INSERT INTO PEDIDO VALUES (4015, 30, 871, 11);
INSERT INTO ITEMPED VALUES (4015, 77, 297);
INSERT INTO ITEMPED VALUES (4015, 78, 9);
INSERT INTO ITEMPED VALUES (4015, 13, 173);
INSERT INTO ITEMPED VALUES (4015, 22, 32);
INSERT INTO ITEMPED VALUES (4015, 25, 143);
INSERT INTO PEDIDO VALUES (4016, 45, 290, 720);
INSERT INTO ITEMPED VALUES (4016, 53, 196);
INSERT INTO ITEMPED VALUES (4016, 77, 289);
INSERT INTO ITEMPED VALUES (4016, 78, 91);
INSERT INTO ITEMPED VALUES (4016, 13, 271);
INSERT INTO ITEMPED VALUES (4016, 22, 279);
INSERT INTO ITEMPED VALUES (4016, 25, 99);
INSERT INTO PEDIDO VALUES (4017, 20, 871, 213);
INSERT INTO ITEMPED VALUES (4017, 22, 44);
INSERT INTO ITEMPED VALUES (4017, 25, 42);
INSERT INTO PEDIDO VALUES (4018, 30, 720, 11);
INSERT INTO ITEMPED VALUES (4018, 31, 175);
INSERT INTO ITEMPED VALUES (4018, 45, 124);
INSERT INTO ITEMPED VALUES (4018, 53, 248);
INSERT INTO ITEMPED VALUES (4018, 77, 295);
INSERT INTO ITEMPED VALUES (4018, 78, 297);
INSERT INTO PEDIDO VALUES (4019, 60, 110, 101);
INSERT INTO ITEMPED VALUES (4019, 78, 296);
INSERT INTO ITEMPED VALUES (4019, 13, 92);
INSERT INTO ITEMPED VALUES (4019, 22, 71);
INSERT INTO PEDIDO VALUES (4020, 20, 871, 111);
INSERT INTO ITEMPED VALUES (4020, 13, 288);
INSERT INTO ITEMPED VALUES (4020, 22, 16);
INSERT INTO ITEMPED VALUES (4020, 25, 67);
INSERT INTO ITEMPED VALUES (4020, 31, 176);
INSERT INTO ITEMPED VALUES (4020, 45, 282);
INSERT INTO ITEMPED VALUES (4020, 53, 43);
INSERT INTO PEDIDO VALUES (4021, 45, 110, 101);
INSERT INTO ITEMPED VALUES (4021, 22, 272);
INSERT INTO ITEMPED VALUES (4021, 25, 80);
INSERT INTO ITEMPED VALUES (4021, 31, 4);
INSERT INTO ITEMPED VALUES (4021, 45, 28);
INSERT INTO PEDIDO VALUES (4022, 30, 290, 720);
INSERT INTO ITEMPED VALUES (4022, 77, 180);
INSERT INTO ITEMPED VALUES (4022, 78, 196);
INSERT INTO PEDIDO VALUES (4023, 20, 390, 240);
INSERT INTO ITEMPED VALUES (4023, 78, 104);
INSERT INTO ITEMPED VALUES (4023, 13, 172);
INSERT INTO ITEMPED VALUES (4023, 22, 292);
INSERT INTO ITEMPED VALUES (4023, 25, 56);
INSERT INTO ITEMPED VALUES (4023, 31, 46);
INSERT INTO PEDIDO VALUES (4024, 45, 410, 111);
INSERT INTO ITEMPED VALUES (4024, 77, 17);
INSERT INTO ITEMPED VALUES (4024, 78, 101);
INSERT INTO ITEMPED VALUES (4024, 13, 266);
INSERT INTO PEDIDO VALUES (4025, 30, 260, 720);
INSERT INTO ITEMPED VALUES (4025, 78, 116);
INSERT INTO ITEMPED VALUES (4025, 13, 105);
INSERT INTO ITEMPED VALUES (4025, 22, 208);
INSERT INTO ITEMPED VALUES (4025, 25, 44);
INSERT INTO PEDIDO VALUES (4026, 20, 180, 310);
INSERT INTO ITEMPED VALUES (4026, 77, 19);
INSERT INTO ITEMPED VALUES (4026, 78, 109);
INSERT INTO ITEMPED VALUES (4026, 13, 201);
INSERT INTO ITEMPED VALUES (4026, 22, 223);
INSERT INTO PEDIDO VALUES (4027, 60, 830, 720);
INSERT INTO ITEMPED VALUES (4027, 78, 155);
INSERT INTO ITEMPED VALUES (4027, 13, 36);
INSERT INTO ITEMPED VALUES (4027, 22, 210);
INSERT INTO ITEMPED VALUES (4027, 25, 291);
INSERT INTO ITEMPED VALUES (4027, 31, 262);
INSERT INTO PEDIDO VALUES (4028, 20, 110, 240);
INSERT INTO ITEMPED VALUES (4028, 45, 40);
INSERT INTO ITEMPED VALUES (4028, 53, 257);
INSERT INTO ITEMPED VALUES (4028, 77, 25);
INSERT INTO ITEMPED VALUES (4028, 78, 112);
INSERT INTO ITEMPED VALUES (4028, 13, 202);
INSERT INTO ITEMPED VALUES (4028, 22, 133);
INSERT INTO PEDIDO VALUES (4029, 10, 830, 11);
INSERT INTO ITEMPED VALUES (4029, 31, 36);
INSERT INTO ITEMPED VALUES (4029, 45, 33);
INSERT INTO ITEMPED VALUES (4029, 53, 34);
INSERT INTO ITEMPED VALUES (4029, 77, 89);
INSERT INTO ITEMPED VALUES (4029, 78, 228);
INSERT INTO ITEMPED VALUES (4029, 13, 236);
INSERT INTO PEDIDO VALUES (4030, 60, 871, 209);
INSERT INTO ITEMPED VALUES (4030, 77, 102);
INSERT INTO ITEMPED VALUES (4030, 78, 263);
INSERT INTO ITEMPED VALUES (4030, 13, 262);
INSERT INTO ITEMPED VALUES (4030, 22, 301);
INSERT INTO ITEMPED VALUES (4030, 25, 52);
INSERT INTO ITEMPED VALUES (4030, 31, 89);
INSERT INTO PEDIDO VALUES (4031, 30, 830, 213);
INSERT INTO ITEMPED VALUES (4031, 22, 108);
INSERT INTO ITEMPED VALUES (4031, 25, 183);
INSERT INTO PEDIDO VALUES (4032, 10, 180, 250);
INSERT INTO ITEMPED VALUES (4032, 77, 103);
INSERT INTO PEDIDO VALUES (4033, 30, 110, 720);
INSERT INTO ITEMPED VALUES (4033, 13, 165);
INSERT INTO ITEMPED VALUES (4033, 22, 137);
INSERT INTO PEDIDO VALUES (4034, 60, 871, 209);
INSERT INTO ITEMPED VALUES (4034, 31, 83);
INSERT INTO ITEMPED VALUES (4034, 45, 175);
INSERT INTO ITEMPED VALUES (4034, 53, 78);
INSERT INTO PEDIDO VALUES (4035, 30, 410, 310);
INSERT INTO ITEMPED VALUES (4035, 45, 170);
INSERT INTO ITEMPED VALUES (4035, 53, 55);
INSERT INTO ITEMPED VALUES (4035, 77, 295);
INSERT INTO ITEMPED VALUES (4035, 78, 60);
INSERT INTO PEDIDO VALUES (4036, 20, 260, 213);
INSERT INTO ITEMPED VALUES (4036, 53, 22);
INSERT INTO ITEMPED VALUES (4036, 77, 176);
INSERT INTO ITEMPED VALUES (4036, 78, 277);
INSERT INTO ITEMPED VALUES (4036, 13, 290);
INSERT INTO ITEMPED VALUES (4036, 22, 280);
INSERT INTO ITEMPED VALUES (4036, 25, 165);
INSERT INTO PEDIDO VALUES (4037, 45, 290, 11);
INSERT INTO ITEMPED VALUES (4037, 77, 123);
INSERT INTO ITEMPED VALUES (4037, 78, 78);
INSERT INTO ITEMPED VALUES (4037, 13, 253);
INSERT INTO PEDIDO VALUES (4038, 30, 410, 209);
INSERT INTO ITEMPED VALUES (4038, 22, 98);
INSERT INTO ITEMPED VALUES (4038, 25, 17);
INSERT INTO ITEMPED VALUES (4038, 31, 65);
INSERT INTO ITEMPED VALUES (4038, 45, 296);
INSERT INTO ITEMPED VALUES (4038, 53, 270);
INSERT INTO ITEMPED VALUES (4038, 77, 115);
INSERT INTO PEDIDO VALUES (4039, 10, 390, 720);
INSERT INTO ITEMPED VALUES (4039, 31, 200);
INSERT INTO PEDIDO VALUES (4040, 45, 290, 11);
INSERT INTO ITEMPED VALUES (4040, 25, 289);
INSERT INTO PEDIDO VALUES (4041, 30, 870, 213);
INSERT INTO ITEMPED VALUES (4041, 53, 116);
INSERT INTO ITEMPED VALUES (4041, 77, 298);
INSERT INTO ITEMPED VALUES (4041, 78, 212);
INSERT INTO PEDIDO VALUES (4042, 20, 871, 310);
INSERT INTO ITEMPED VALUES (4042, 22, 294);
INSERT INTO ITEMPED VALUES (4042, 25, 69);
INSERT INTO ITEMPED VALUES (4042, 31, 136);
INSERT INTO ITEMPED VALUES (4042, 45, 58);
INSERT INTO ITEMPED VALUES (4042, 53, 38);
INSERT INTO ITEMPED VALUES (4042, 77, 253);
INSERT INTO PEDIDO VALUES (4043, 10, 720, 213);
INSERT INTO ITEMPED VALUES (4043, 25, 111);
INSERT INTO ITEMPED VALUES (4043, 31, 17);
INSERT INTO ITEMPED VALUES (4043, 45, 70);
INSERT INTO ITEMPED VALUES (4043, 53, 75);
INSERT INTO PEDIDO VALUES (4044, 45, 410, 240);
INSERT INTO ITEMPED VALUES (4044, 13, 298);
INSERT INTO ITEMPED VALUES (4044, 22, 139);
INSERT INTO ITEMPED VALUES (4044, 25, 179);
INSERT INTO ITEMPED VALUES (4044, 31, 32);
INSERT INTO PEDIDO VALUES (4045, 60, 260, 250);
INSERT INTO ITEMPED VALUES (4045, 25, 156);
INSERT INTO ITEMPED VALUES (4045, 31, 179);
INSERT INTO ITEMPED VALUES (4045, 45, 211);
INSERT INTO ITEMPED VALUES (4045, 53, 53);
INSERT INTO ITEMPED VALUES (4045, 77, 143);
INSERT INTO PEDIDO VALUES (4046, 45, 290, 310);
INSERT INTO ITEMPED VALUES (4046, 13, 261);
INSERT INTO PEDIDO VALUES (4047, 10, 870, 209);
INSERT INTO ITEMPED VALUES (4047, 53, 242);
INSERT INTO ITEMPED VALUES (4047, 77, 142);
INSERT INTO ITEMPED VALUES (4047, 78, 219);
INSERT INTO ITEMPED VALUES (4047, 13, 199);
INSERT INTO ITEMPED VALUES (4047, 22, 266);
INSERT INTO ITEMPED VALUES (4047, 25, 13);
INSERT INTO PEDIDO VALUES (4048, 20, 290, 310);
INSERT INTO ITEMPED VALUES (4048, 13, 22);
INSERT INTO PEDIDO VALUES (4049, 45, 390, 209);
INSERT INTO ITEMPED VALUES (4049, 25, 67);
INSERT INTO ITEMPED VALUES (4049, 31, 232);
INSERT INTO ITEMPED VALUES (4049, 45, 281);
INSERT INTO ITEMPED VALUES (4049, 53, 140);
INSERT INTO ITEMPED VALUES (4049, 77, 175);
INSERT INTO ITEMPED VALUES (4049, 78, 136);
INSERT INTO PEDIDO VALUES (4050, 60, 830, 250);
INSERT INTO ITEMPED VALUES (4050, 78, 114);
INSERT INTO ITEMPED VALUES (4050, 13, 7);
INSERT INTO PEDIDO VALUES (4051, 30, 110, 101);
INSERT INTO ITEMPED VALUES (4051, 31, 297);
INSERT INTO PEDIDO VALUES (4052, 60, 830, 111);
INSERT INTO ITEMPED VALUES (4052, 22, 273);
INSERT INTO ITEMPED VALUES (4052, 25, 128);
INSERT INTO ITEMPED VALUES (4052, 31, 186);
INSERT INTO PEDIDO VALUES (4053, 30, 390, 11);
INSERT INTO ITEMPED VALUES (4053, 78, 9);
INSERT INTO ITEMPED VALUES (4053, 13, 254);
INSERT INTO ITEMPED VALUES (4053, 22, 169);
INSERT INTO ITEMPED VALUES (4053, 25, 268);
INSERT INTO ITEMPED VALUES (4053, 31, 273);
INSERT INTO ITEMPED VALUES (4053, 45, 18);
INSERT INTO PEDIDO VALUES (4054, 10, 410, 250);
INSERT INTO ITEMPED VALUES (4054, 25, 230);
INSERT INTO ITEMPED VALUES (4054, 31, 87);
INSERT INTO ITEMPED VALUES (4054, 45, 172);
INSERT INTO ITEMPED VALUES (4054, 53, 58);
INSERT INTO ITEMPED VALUES (4054, 77, 168);
INSERT INTO PEDIDO VALUES (4055, 60, 20, 209);
INSERT INTO ITEMPED VALUES (4055, 77, 92);
INSERT INTO ITEMPED VALUES (4055, 78, 147);
INSERT INTO ITEMPED VALUES (4055, 13, 63);
INSERT INTO ITEMPED VALUES (4055, 22, 69);
INSERT INTO PEDIDO VALUES (4056, 45, 720, 213);
INSERT INTO ITEMPED VALUES (4056, 53, 176);
INSERT INTO ITEMPED VALUES (4056, 77, 18);
INSERT INTO ITEMPED VALUES (4056, 78, 276);
INSERT INTO ITEMPED VALUES (4056, 13, 281);
INSERT INTO PEDIDO VALUES (4057, 20, 20, 101);
INSERT INTO ITEMPED VALUES (4057, 77, 222);
INSERT INTO ITEMPED VALUES (4057, 78, 231);
INSERT INTO ITEMPED VALUES (4057, 13, 199);
INSERT INTO ITEMPED VALUES (4057, 22, 292);
INSERT INTO PEDIDO VALUES (4058, 60, 390, 250);
INSERT INTO ITEMPED VALUES (4058, 31, 301);
INSERT INTO ITEMPED VALUES (4058, 45, 181);
INSERT INTO ITEMPED VALUES (4058, 53, 143);
INSERT INTO ITEMPED VALUES (4058, 77, 85);
INSERT INTO PEDIDO VALUES (4059, 45, 290, 11);
INSERT INTO ITEMPED VALUES (4059, 45, 73);
INSERT INTO ITEMPED VALUES (4059, 53, 29);
INSERT INTO ITEMPED VALUES (4059, 77, 98);
INSERT INTO ITEMPED VALUES (4059, 78, 128);
INSERT INTO ITEMPED VALUES (4059, 13, 225);
INSERT INTO ITEMPED VALUES (4059, 22, 235);
INSERT INTO PEDIDO VALUES (4060, 10, 260, 213);
INSERT INTO ITEMPED VALUES (4060, 25, 251);
INSERT INTO ITEMPED VALUES (4060, 31, 286);
INSERT INTO PEDIDO VALUES (4061, 60, 870, 11);
INSERT INTO ITEMPED VALUES (4061, 31, 185);
INSERT INTO ITEMPED VALUES (4061, 45, 148);
INSERT INTO ITEMPED VALUES (4061, 53, 215);
INSERT INTO ITEMPED VALUES (4061, 77, 32);
INSERT INTO ITEMPED VALUES (4061, 78, 107);
INSERT INTO ITEMPED VALUES (4061, 13, 165);
INSERT INTO PEDIDO VALUES (4062, 45, 830, 240);
INSERT INTO ITEMPED VALUES (4062, 13, 77);
INSERT INTO ITEMPED VALUES (4062, 22, 97);
INSERT INTO PEDIDO VALUES (4063, 60, 260, 11);
INSERT INTO ITEMPED VALUES (4063, 31, 130);
INSERT INTO ITEMPED VALUES (4063, 45, 246);
INSERT INTO ITEMPED VALUES (4063, 53, 22);
INSERT INTO ITEMPED VALUES (4063, 77, 15);
INSERT INTO PEDIDO VALUES (4064, 10, 410, 310);
INSERT INTO ITEMPED VALUES (4064, 78, 270);
INSERT INTO ITEMPED VALUES (4064, 13, 8);
INSERT INTO ITEMPED VALUES (4064, 22, 148);
INSERT INTO ITEMPED VALUES (4064, 25, 217);
INSERT INTO PEDIDO VALUES (4065, 20, 20, 11);
INSERT INTO ITEMPED VALUES (4065, 22, 140);
INSERT INTO PEDIDO VALUES (4066, 30, 410, 310);
INSERT INTO ITEMPED VALUES (4066, 77, 235);
INSERT INTO ITEMPED VALUES (4066, 78, 64);
INSERT INTO ITEMPED VALUES (4066, 13, 57);
INSERT INTO ITEMPED VALUES (4066, 22, 221);
INSERT INTO ITEMPED VALUES (4066, 25, 26);
INSERT INTO PEDIDO VALUES (4067, 20, 871, 209);
INSERT INTO ITEMPED VALUES (4067, 22, 284);
INSERT INTO ITEMPED VALUES (4067, 25, 259);
INSERT INTO PEDIDO VALUES (4068, 60, 870, 720);
INSERT INTO ITEMPED VALUES (4068, 78, 277);
INSERT INTO PEDIDO VALUES (4069, 30, 260, 240);
INSERT INTO ITEMPED VALUES (4069, 45, 279);
INSERT INTO ITEMPED VALUES (4069, 53, 38);
INSERT INTO ITEMPED VALUES (4069, 77, 280);
INSERT INTO ITEMPED VALUES (4069, 78, 188);
INSERT INTO PEDIDO VALUES (4070, 20, 870, 101);
INSERT INTO ITEMPED VALUES (4070, 31, 151);
INSERT INTO ITEMPED VALUES (4070, 45, 249);
INSERT INTO ITEMPED VALUES (4070, 53, 87);
INSERT INTO PEDIDO VALUES (4071, 30, 410, 310);
INSERT INTO ITEMPED VALUES (4071, 22, 159);
INSERT INTO ITEMPED VALUES (4071, 25, 96);
INSERT INTO ITEMPED VALUES (4071, 31, 217);
INSERT INTO ITEMPED VALUES (4071, 45, 193);
INSERT INTO PEDIDO VALUES (4072, 60, 180, 101);
INSERT INTO ITEMPED VALUES (4072, 78, 128);
INSERT INTO ITEMPED VALUES (4072, 13, 216);
INSERT INTO ITEMPED VALUES (4072, 22, 177);
INSERT INTO ITEMPED VALUES (4072, 25, 216);
INSERT INTO PEDIDO VALUES (4073, 45, 410, 11);
INSERT INTO ITEMPED VALUES (4073, 22, 118);
INSERT INTO ITEMPED VALUES (4073, 25, 14);
INSERT INTO ITEMPED VALUES (4073, 31, 70);
INSERT INTO ITEMPED VALUES (4073, 45, 93);
INSERT INTO PEDIDO VALUES (4074, 30, 871, 720);
INSERT INTO ITEMPED VALUES (4074, 25, 3);
INSERT INTO PEDIDO VALUES (4075, 20, 720, 11);
INSERT INTO ITEMPED VALUES (4075, 77, 212);
INSERT INTO ITEMPED VALUES (4075, 78, 152);
INSERT INTO ITEMPED VALUES (4075, 13, 60);
INSERT INTO PEDIDO VALUES (4076, 60, 260, 101);
INSERT INTO ITEMPED VALUES (4076, 25, 103);
INSERT INTO PEDIDO VALUES (4077, 45, 720, 111);
INSERT INTO ITEMPED VALUES (4077, 31, 106);
INSERT INTO ITEMPED VALUES (4077, 45, 75);
INSERT INTO ITEMPED VALUES (4077, 53, 21);
INSERT INTO ITEMPED VALUES (4077, 77, 231);
INSERT INTO ITEMPED VALUES (4077, 78, 126);
INSERT INTO PEDIDO VALUES (4078, 20, 410, 209);
INSERT INTO ITEMPED VALUES (4078, 22, 172);
INSERT INTO ITEMPED VALUES (4078, 25, 31);
INSERT INTO ITEMPED VALUES (4078, 31, 115);
INSERT INTO ITEMPED VALUES (4078, 45, 135);
INSERT INTO PEDIDO VALUES (4079, 45, 180, 250);
INSERT INTO ITEMPED VALUES (4079, 31, 13);
INSERT INTO ITEMPED VALUES (4079, 45, 7);
INSERT INTO ITEMPED VALUES (4079, 53, 85);
INSERT INTO ITEMPED VALUES (4079, 77, 173);
INSERT INTO PEDIDO VALUES (4080, 20, 830, 209);
INSERT INTO ITEMPED VALUES (4080, 45, 288);
INSERT INTO ITEMPED VALUES (4080, 53, 48);
INSERT INTO ITEMPED VALUES (4080, 77, 265);
INSERT INTO ITEMPED VALUES (4080, 78, 69);
INSERT INTO ITEMPED VALUES (4080, 13, 149);
INSERT INTO PEDIDO VALUES (4081, 45, 110, 250);
INSERT INTO ITEMPED VALUES (4081, 25, 269);
INSERT INTO ITEMPED VALUES (4081, 31, 260);
INSERT INTO ITEMPED VALUES (4081, 45, 123);
INSERT INTO ITEMPED VALUES (4081, 53, 10);
INSERT INTO PEDIDO VALUES (4082, 60, 720, 310);
INSERT INTO ITEMPED VALUES (4082, 78, 108);
INSERT INTO ITEMPED VALUES (4082, 13, 302);
INSERT INTO ITEMPED VALUES (4082, 22, 293);
INSERT INTO ITEMPED VALUES (4082, 25, 121);
INSERT INTO ITEMPED VALUES (4082, 31, 121);
INSERT INTO ITEMPED VALUES (4082, 45, 274);
INSERT INTO PEDIDO VALUES (4083, 20, 830, 11);
INSERT INTO ITEMPED VALUES (4083, 77, 191);
INSERT INTO ITEMPED VALUES (4083, 78, 84);
INSERT INTO ITEMPED VALUES (4083, 13, 12);
INSERT INTO ITEMPED VALUES (4083, 22, 89);
INSERT INTO ITEMPED VALUES (4083, 25, 118);
INSERT INTO ITEMPED VALUES (4083, 31, 76);
INSERT INTO PEDIDO VALUES (4084, 60, 110, 240);
INSERT INTO ITEMPED VALUES (4084, 45, 44);
INSERT INTO ITEMPED VALUES (4084, 53, 61);
INSERT INTO ITEMPED VALUES (4084, 77, 30);
INSERT INTO ITEMPED VALUES (4084, 78, 14);
INSERT INTO ITEMPED VALUES (4084, 13, 62);
INSERT INTO PEDIDO VALUES (4085, 30, 290, 11);
INSERT INTO ITEMPED VALUES (4085, 31, 230);
INSERT INTO ITEMPED VALUES (4085, 45, 13);
INSERT INTO ITEMPED VALUES (4085, 53, 151);
INSERT INTO ITEMPED VALUES (4085, 77, 256);
INSERT INTO ITEMPED VALUES (4085, 78, 227);
INSERT INTO ITEMPED VALUES (4085, 13, 172);
INSERT INTO PEDIDO VALUES (4086, 45, 720, 111);
INSERT INTO ITEMPED VALUES (4086, 13, 290);
INSERT INTO ITEMPED VALUES (4086, 22, 126);
INSERT INTO ITEMPED VALUES (4086, 25, 192);
INSERT INTO PEDIDO VALUES (4087, 30, 410, 720);
INSERT INTO ITEMPED VALUES (4087, 31, 236);
INSERT INTO ITEMPED VALUES (4087, 45, 139);
INSERT INTO ITEMPED VALUES (4087, 53, 231);
INSERT INTO ITEMPED VALUES (4087, 77, 291);
INSERT INTO ITEMPED VALUES (4087, 78, 170);
INSERT INTO PEDIDO VALUES (4088, 60, 870, 11);
INSERT INTO ITEMPED VALUES (4088, 77, 114);
INSERT INTO ITEMPED VALUES (4088, 78, 153);
INSERT INTO ITEMPED VALUES (4088, 13, 29);
INSERT INTO ITEMPED VALUES (4088, 22, 106);
INSERT INTO PEDIDO VALUES (4089, 30, 20, 101);
INSERT INTO ITEMPED VALUES (4089, 45, 57);
INSERT INTO ITEMPED VALUES (4089, 53, 260);
INSERT INTO ITEMPED VALUES (4089, 77, 147);
INSERT INTO PEDIDO VALUES (4090, 20, 260, 209);
INSERT INTO ITEMPED VALUES (4090, 22, 275);
INSERT INTO PEDIDO VALUES (4091, 45, 720, 111);
INSERT INTO ITEMPED VALUES (4091, 25, 253);
INSERT INTO ITEMPED VALUES (4091, 31, 36);
INSERT INTO ITEMPED VALUES (4091, 45, 121);
INSERT INTO ITEMPED VALUES (4091, 53, 27);
INSERT INTO ITEMPED VALUES (4091, 77, 31);
INSERT INTO ITEMPED VALUES (4091, 78, 144);
INSERT INTO PEDIDO VALUES (4092, 20, 871, 240);
INSERT INTO ITEMPED VALUES (4092, 45, 270);
INSERT INTO ITEMPED VALUES (4092, 53, 277);
INSERT INTO ITEMPED VALUES (4092, 77, 279);
INSERT INTO ITEMPED VALUES (4092, 78, 28);
INSERT INTO PEDIDO VALUES (4093, 30, 720, 310);
INSERT INTO ITEMPED VALUES (4093, 53, 13);
INSERT INTO ITEMPED VALUES (4093, 77, 207);
INSERT INTO ITEMPED VALUES (4093, 78, 141);
INSERT INTO ITEMPED VALUES (4093, 13, 96);
INSERT INTO ITEMPED VALUES (4093, 22, 140);
INSERT INTO ITEMPED VALUES (4093, 25, 211);
INSERT INTO PEDIDO VALUES (4094, 10, 410, 111);
INSERT INTO ITEMPED VALUES (4094, 31, 128);
INSERT INTO ITEMPED VALUES (4094, 45, 103);
INSERT INTO PEDIDO VALUES (4095, 20, 870, 209);
INSERT INTO ITEMPED VALUES (4095, 22, 111);
INSERT INTO PEDIDO VALUES (4096, 45, 410, 310);
INSERT INTO ITEMPED VALUES (4096, 78, 130);
INSERT INTO PEDIDO VALUES (4097, 30, 110, 250);
INSERT INTO ITEMPED VALUES (4097, 45, 70);
INSERT INTO ITEMPED VALUES (4097, 53, 31);
INSERT INTO ITEMPED VALUES (4097, 77, 6);
INSERT INTO ITEMPED VALUES (4097, 78, 16);
INSERT INTO ITEMPED VALUES (4097, 13, 140);
INSERT INTO ITEMPED VALUES (4097, 22, 164);
INSERT INTO PEDIDO VALUES (4098, 60, 290, 240);
INSERT INTO ITEMPED VALUES (4098, 53, 235);
INSERT INTO PEDIDO VALUES (4099, 20, 110, 720);
INSERT INTO ITEMPED VALUES (4099, 78, 236);
INSERT INTO ITEMPED VALUES (4099, 13, 118);
INSERT INTO PEDIDO VALUES (4100, 45, 870, 240);
INSERT INTO ITEMPED VALUES (4100, 77, 300);
INSERT INTO ITEMPED VALUES (4100, 78, 260);
INSERT INTO ITEMPED VALUES (4100, 13, 131);
INSERT INTO ITEMPED VALUES (4100, 22, 30);
INSERT INTO ITEMPED VALUES (4100, 25, 41);
INSERT INTO ITEMPED VALUES (4100, 31, 98);
INSERT INTO PEDIDO VALUES (4101, 60, 410, 111);
INSERT INTO ITEMPED VALUES (4101, 22, 202);
INSERT INTO ITEMPED VALUES (4101, 25, 201);
INSERT INTO ITEMPED VALUES (4101, 31, 55);
INSERT INTO PEDIDO VALUES (4102, 45, 20, 213);
INSERT INTO ITEMPED VALUES (4102, 25, 215);
INSERT INTO PEDIDO VALUES (4103, 60, 180, 209);
INSERT INTO ITEMPED VALUES (4103, 22, 237);
INSERT INTO ITEMPED VALUES (4103, 25, 68);
INSERT INTO ITEMPED VALUES (4103, 31, 296);
INSERT INTO ITEMPED VALUES (4103, 45, 236);
INSERT INTO ITEMPED VALUES (4103, 53, 205);
INSERT INTO ITEMPED VALUES (4103, 77, 273);
INSERT INTO PEDIDO VALUES (4104, 45, 830, 101);
INSERT INTO ITEMPED VALUES (4104, 53, 111);
INSERT INTO ITEMPED VALUES (4104, 77, 19);
INSERT INTO ITEMPED VALUES (4104, 78, 19);
INSERT INTO ITEMPED VALUES (4104, 13, 47);
INSERT INTO ITEMPED VALUES (4104, 22, 9);
INSERT INTO PEDIDO VALUES (4105, 30, 870, 720);
INSERT INTO ITEMPED VALUES (4105, 25, 297);
INSERT INTO ITEMPED VALUES (4105, 31, 7);
INSERT INTO ITEMPED VALUES (4105, 45, 236);
INSERT INTO PEDIDO VALUES (4106, 45, 830, 213);
INSERT INTO ITEMPED VALUES (4106, 78, 121);
INSERT INTO ITEMPED VALUES (4106, 13, 296);
INSERT INTO ITEMPED VALUES (4106, 22, 142);
INSERT INTO PEDIDO VALUES (4107, 30, 410, 11);
INSERT INTO ITEMPED VALUES (4107, 45, 134);
INSERT INTO ITEMPED VALUES (4107, 53, 157);
INSERT INTO ITEMPED VALUES (4107, 77, 107);
INSERT INTO ITEMPED VALUES (4107, 78, 12);
INSERT INTO ITEMPED VALUES (4107, 13, 68);
INSERT INTO ITEMPED VALUES (4107, 22, 262);
INSERT INTO PEDIDO VALUES (4108, 60, 260, 720);
INSERT INTO ITEMPED VALUES (4108, 25, 204);
INSERT INTO ITEMPED VALUES (4108, 31, 154);
INSERT INTO ITEMPED VALUES (4108, 45, 131);
INSERT INTO ITEMPED VALUES (4108, 53, 157);
INSERT INTO ITEMPED VALUES (4108, 77, 89);
INSERT INTO PEDIDO VALUES (4109, 30, 180, 209);
INSERT INTO ITEMPED VALUES (4109, 77, 159);
INSERT INTO ITEMPED VALUES (4109, 78, 302);
INSERT INTO ITEMPED VALUES (4109, 13, 126);
INSERT INTO ITEMPED VALUES (4109, 22, 237);
INSERT INTO ITEMPED VALUES (4109, 25, 193);
INSERT INTO ITEMPED VALUES (4109, 31, 220);
INSERT INTO PEDIDO VALUES (4110, 10, 871, 250);
INSERT INTO ITEMPED VALUES (4110, 13, 302);
INSERT INTO ITEMPED VALUES (4110, 22, 70);
INSERT INTO ITEMPED VALUES (4110, 25, 31);
INSERT INTO PEDIDO VALUES (4111, 30, 870, 213);
INSERT INTO ITEMPED VALUES (4111, 78, 110);
INSERT INTO ITEMPED VALUES (4111, 13, 253);
INSERT INTO ITEMPED VALUES (4111, 22, 224);
INSERT INTO ITEMPED VALUES (4111, 25, 62);
INSERT INTO ITEMPED VALUES (4111, 31, 242);
INSERT INTO PEDIDO VALUES (4112, 60, 110, 250);
INSERT INTO ITEMPED VALUES (4112, 31, 272);
INSERT INTO PEDIDO VALUES (4113, 20, 871, 720);
INSERT INTO ITEMPED VALUES (4113, 13, 39);
INSERT INTO PEDIDO VALUES (4114, 60, 290, 111);
INSERT INTO ITEMPED VALUES (4114, 53, 138);
INSERT INTO PEDIDO VALUES (4115, 45, 830, 11);
INSERT INTO ITEMPED VALUES (4115, 31, 167);
INSERT INTO PEDIDO VALUES (4116, 30, 110, 213);
INSERT INTO ITEMPED VALUES (4116, 25, 185);
INSERT INTO ITEMPED VALUES (4116, 31, 127);
INSERT INTO ITEMPED VALUES (4116, 45, 201);
INSERT INTO PEDIDO VALUES (4117, 10, 870, 310);
INSERT INTO ITEMPED VALUES (4117, 45, 197);
INSERT INTO PEDIDO VALUES (4118, 45, 871, 213);
INSERT INTO ITEMPED VALUES (4118, 13, 294);
INSERT INTO ITEMPED VALUES (4118, 22, 228);
INSERT INTO ITEMPED VALUES (4118, 25, 165);
INSERT INTO ITEMPED VALUES (4118, 31, 123);
INSERT INTO PEDIDO VALUES (4119, 60, 830, 240);
INSERT INTO ITEMPED VALUES (4119, 25, 284);
INSERT INTO PEDIDO VALUES (4120, 30, 180, 250);
INSERT INTO ITEMPED VALUES (4120, 13, 301);
INSERT INTO PEDIDO VALUES (4121, 60, 390, 209);
INSERT INTO ITEMPED VALUES (4121, 25, 35);
INSERT INTO ITEMPED VALUES (4121, 31, 184);
INSERT INTO PEDIDO VALUES (4122, 20, 290, 11);
INSERT INTO ITEMPED VALUES (4122, 78, 294);
INSERT INTO ITEMPED VALUES (4122, 13, 76);
INSERT INTO ITEMPED VALUES (4122, 22, 252);
INSERT INTO ITEMPED VALUES (4122, 25, 30);
INSERT INTO PEDIDO VALUES (4123, 10, 720, 101);
INSERT INTO ITEMPED VALUES (4123, 25, 54);
INSERT INTO ITEMPED VALUES (4123, 31, 122);
INSERT INTO ITEMPED VALUES (4123, 45, 301);
INSERT INTO ITEMPED VALUES (4123, 53, 89);
INSERT INTO PEDIDO VALUES (4124, 60, 180, 213);
INSERT INTO ITEMPED VALUES (4124, 22, 204);
INSERT INTO ITEMPED VALUES (4124, 25, 87);
INSERT INTO ITEMPED VALUES (4124, 31, 262);
INSERT INTO ITEMPED VALUES (4124, 45, 26);
INSERT INTO PEDIDO VALUES (4125, 30, 830, 240);
INSERT INTO ITEMPED VALUES (4125, 25, 32);
INSERT INTO ITEMPED VALUES (4125, 31, 9);
INSERT INTO ITEMPED VALUES (4125, 45, 250);
INSERT INTO ITEMPED VALUES (4125, 53, 8);
INSERT INTO PEDIDO VALUES (4126, 60, 180, 11);
INSERT INTO ITEMPED VALUES (4126, 78, 45);
INSERT INTO ITEMPED VALUES (4126, 13, 12);
INSERT INTO ITEMPED VALUES (4126, 22, 285);
INSERT INTO ITEMPED VALUES (4126, 25, 284);
INSERT INTO PEDIDO VALUES (4127, 10, 390, 101);
INSERT INTO ITEMPED VALUES (4127, 77, 75);
INSERT INTO ITEMPED VALUES (4127, 78, 235);
INSERT INTO ITEMPED VALUES (4127, 13, 165);
INSERT INTO ITEMPED VALUES (4127, 22, 98);
INSERT INTO ITEMPED VALUES (4127, 25, 24);
INSERT INTO ITEMPED VALUES (4127, 31, 41);
INSERT INTO PEDIDO VALUES (4128, 45, 720, 250);
INSERT INTO ITEMPED VALUES (4128, 45, 10);
INSERT INTO PEDIDO VALUES (4129, 10, 390, 101);
INSERT INTO ITEMPED VALUES (4129, 78, 194);
INSERT INTO ITEMPED VALUES (4129, 13, 137);
INSERT INTO PEDIDO VALUES (4130, 60, 720, 720);
INSERT INTO ITEMPED VALUES (4130, 25, 255);
INSERT INTO ITEMPED VALUES (4130, 31, 224);
INSERT INTO ITEMPED VALUES (4130, 45, 245);
INSERT INTO ITEMPED VALUES (4130, 53, 138);
INSERT INTO PEDIDO VALUES (4131, 10, 180, 240);
INSERT INTO ITEMPED VALUES (4131, 45, 181);
INSERT INTO ITEMPED VALUES (4131, 53, 3);
INSERT INTO PEDIDO VALUES (4132, 45, 830, 111);
INSERT INTO ITEMPED VALUES (4132, 53, 138);
INSERT INTO PEDIDO VALUES (4133, 10, 720, 209);
INSERT INTO ITEMPED VALUES (4133, 13, 283);
INSERT INTO ITEMPED VALUES (4133, 22, 218);
INSERT INTO PEDIDO VALUES (4134, 45, 390, 250);
INSERT INTO ITEMPED VALUES (4134, 77, 72);
INSERT INTO ITEMPED VALUES (4134, 78, 136);
INSERT INTO PEDIDO VALUES (4135, 30, 20, 209);
INSERT INTO ITEMPED VALUES (4135, 13, 134);
INSERT INTO PEDIDO VALUES (4136, 10, 390, 11);
INSERT INTO ITEMPED VALUES (4136, 78, 99);
INSERT INTO ITEMPED VALUES (4136, 13, 31);
INSERT INTO ITEMPED VALUES (4136, 22, 157);
INSERT INTO ITEMPED VALUES (4136, 25, 249);
INSERT INTO ITEMPED VALUES (4136, 31, 248);
INSERT INTO PEDIDO VALUES (4137, 30, 870, 250);
INSERT INTO ITEMPED VALUES (4137, 45, 264);
INSERT INTO ITEMPED VALUES (4137, 53, 163);
INSERT INTO ITEMPED VALUES (4137, 77, 245);
INSERT INTO ITEMPED VALUES (4137, 78, 180);
INSERT INTO ITEMPED VALUES (4137, 13, 93);
INSERT INTO PEDIDO VALUES (4138, 20, 110, 11);
INSERT INTO ITEMPED VALUES (4138, 22, 231);
INSERT INTO ITEMPED VALUES (4138, 25, 8);
INSERT INTO ITEMPED VALUES (4138, 31, 160);
INSERT INTO ITEMPED VALUES (4138, 45, 209);
INSERT INTO ITEMPED VALUES (4138, 53, 163);
INSERT INTO PEDIDO VALUES (4139, 60, 290, 250);
INSERT INTO ITEMPED VALUES (4139, 13, 107);
INSERT INTO ITEMPED VALUES (4139, 22, 239);
INSERT INTO ITEMPED VALUES (4139, 25, 46);
INSERT INTO ITEMPED VALUES (4139, 31, 109);
INSERT INTO ITEMPED VALUES (4139, 45, 118);
INSERT INTO ITEMPED VALUES (4139, 53, 75);
INSERT INTO PEDIDO VALUES (4140, 30, 260, 213);
INSERT INTO ITEMPED VALUES (4140, 22, 132);
INSERT INTO ITEMPED VALUES (4140, 25, 222);
INSERT INTO ITEMPED VALUES (4140, 31, 111);
INSERT INTO PEDIDO VALUES (4141, 45, 871, 111);
INSERT INTO ITEMPED VALUES (4141, 13, 14);
INSERT INTO ITEMPED VALUES (4141, 22, 159);
INSERT INTO PEDIDO VALUES (4142, 30, 20, 209);
INSERT INTO ITEMPED VALUES (4142, 45, 82);
INSERT INTO ITEMPED VALUES (4142, 53, 107);
INSERT INTO ITEMPED VALUES (4142, 77, 44);
INSERT INTO ITEMPED VALUES (4142, 78, 149);
INSERT INTO PEDIDO VALUES (4143, 10, 110, 101);
INSERT INTO ITEMPED VALUES (4143, 77, 17);
INSERT INTO ITEMPED VALUES (4143, 78, 186);
INSERT INTO ITEMPED VALUES (4143, 13, 216);
INSERT INTO PEDIDO VALUES (4144, 30, 720, 213);
INSERT INTO ITEMPED VALUES (4144, 45, 72);
INSERT INTO ITEMPED VALUES (4144, 53, 41);
INSERT INTO ITEMPED VALUES (4144, 77, 183);
INSERT INTO ITEMPED VALUES (4144, 78, 124);
INSERT INTO ITEMPED VALUES (4144, 13, 70);
INSERT INTO ITEMPED VALUES (4144, 22, 246);
INSERT INTO PEDIDO VALUES (4145, 10, 871, 209);
INSERT INTO ITEMPED VALUES (4145, 25, 30);
INSERT INTO ITEMPED VALUES (4145, 31, 196);
INSERT INTO ITEMPED VALUES (4145, 45, 22);
INSERT INTO ITEMPED VALUES (4145, 53, 94);
INSERT INTO ITEMPED VALUES (4145, 77, 189);
INSERT INTO ITEMPED VALUES (4145, 78, 78);
INSERT INTO PEDIDO VALUES (4146, 45, 290, 240);
INSERT INTO ITEMPED VALUES (4146, 45, 68);
INSERT INTO ITEMPED VALUES (4146, 53, 225);
INSERT INTO ITEMPED VALUES (4146, 77, 68);
INSERT INTO ITEMPED VALUES (4146, 78, 238);
INSERT INTO PEDIDO VALUES (4147, 60, 830, 11);
INSERT INTO ITEMPED VALUES (4147, 77, 45);
INSERT INTO ITEMPED VALUES (4147, 78, 201);
INSERT INTO ITEMPED VALUES (4147, 13, 192);
INSERT INTO ITEMPED VALUES (4147, 22, 234);
INSERT INTO PEDIDO VALUES (4148, 10, 260, 310);
INSERT INTO ITEMPED VALUES (4148, 31, 300);
INSERT INTO ITEMPED VALUES (4148, 45, 230);
INSERT INTO ITEMPED VALUES (4148, 53, 47);
INSERT INTO PEDIDO VALUES (4149, 45, 871, 240);
INSERT INTO ITEMPED VALUES (4149, 45, 264);
INSERT INTO ITEMPED VALUES (4149, 53, 37);
INSERT INTO ITEMPED VALUES (4149, 77, 300);
INSERT INTO ITEMPED VALUES (4149, 78, 79);
INSERT INTO PEDIDO VALUES (4150, 60, 180, 11);
INSERT INTO ITEMPED VALUES (4150, 53, 4);
INSERT INTO PEDIDO VALUES (4151, 10, 720, 720);
INSERT INTO ITEMPED VALUES (4151, 45, 285);
INSERT INTO ITEMPED VALUES (4151, 53, 166);
INSERT INTO PEDIDO VALUES (4152, 20, 410, 310);
INSERT INTO ITEMPED VALUES (4152, 53, 41);
INSERT INTO ITEMPED VALUES (4152, 77, 274);
INSERT INTO PEDIDO VALUES (4153, 10, 830, 209);
INSERT INTO ITEMPED VALUES (4153, 31, 129);
INSERT INTO ITEMPED VALUES (4153, 45, 85);
INSERT INTO ITEMPED VALUES (4153, 53, 202);
INSERT INTO ITEMPED VALUES (4153, 77, 67);
INSERT INTO PEDIDO VALUES (4154, 45, 290, 310);
INSERT INTO ITEMPED VALUES (4154, 77, 208);
INSERT INTO ITEMPED VALUES (4154, 78, 89);
INSERT INTO PEDIDO VALUES (4155, 60, 20, 209);
INSERT INTO ITEMPED VALUES (4155, 25, 93);
INSERT INTO ITEMPED VALUES (4155, 31, 171);
INSERT INTO PEDIDO VALUES (4156, 30, 720, 111);
INSERT INTO ITEMPED VALUES (4156, 13, 57);
INSERT INTO ITEMPED VALUES (4156, 22, 91);
INSERT INTO ITEMPED VALUES (4156, 25, 116);
INSERT INTO ITEMPED VALUES (4156, 31, 34);
INSERT INTO ITEMPED VALUES (4156, 45, 88);
INSERT INTO ITEMPED VALUES (4156, 53, 203);
INSERT INTO PEDIDO VALUES (4157, 60, 110, 11);
INSERT INTO ITEMPED VALUES (4157, 45, 239);
INSERT INTO ITEMPED VALUES (4157, 53, 301);
INSERT INTO PEDIDO VALUES (4158, 10, 410, 213);
INSERT INTO ITEMPED VALUES (4158, 25, 83);
INSERT INTO ITEMPED VALUES (4158, 31, 123);
INSERT INTO ITEMPED VALUES (4158, 45, 110);
INSERT INTO ITEMPED VALUES (4158, 53, 10);
INSERT INTO PEDIDO VALUES (4159, 30, 390, 250);
INSERT INTO ITEMPED VALUES (4159, 31, 103);
INSERT INTO ITEMPED VALUES (4159, 45, 190);
INSERT INTO ITEMPED VALUES (4159, 53, 128);
INSERT INTO PEDIDO VALUES (4160, 45, 410, 310);
INSERT INTO ITEMPED VALUES (4160, 13, 288);
INSERT INTO PEDIDO VALUES (4161, 60, 830, 240);
INSERT INTO ITEMPED VALUES (4161, 22, 131);
INSERT INTO ITEMPED VALUES (4161, 25, 19);
INSERT INTO ITEMPED VALUES (4161, 31, 115);
INSERT INTO ITEMPED VALUES (4161, 45, 242);
INSERT INTO ITEMPED VALUES (4161, 53, 237);
INSERT INTO PEDIDO VALUES (4162, 30, 290, 720);
INSERT INTO ITEMPED VALUES (4162, 25, 272);
INSERT INTO PEDIDO VALUES (4163, 45, 830, 111);
INSERT INTO ITEMPED VALUES (4163, 45, 35);
INSERT INTO ITEMPED VALUES (4163, 53, 48);
INSERT INTO PEDIDO VALUES (4164, 30, 260, 310);
INSERT INTO ITEMPED VALUES (4164, 53, 274);
INSERT INTO ITEMPED VALUES (4164, 77, 170);
INSERT INTO ITEMPED VALUES (4164, 78, 75);
INSERT INTO PEDIDO VALUES (4165, 10, 110, 213);
INSERT INTO ITEMPED VALUES (4165, 77, 175);
INSERT INTO PEDIDO VALUES (4166, 30, 410, 11);
INSERT INTO ITEMPED VALUES (4166, 13, 199);
INSERT INTO ITEMPED VALUES (4166, 22, 3);
INSERT INTO ITEMPED VALUES (4166, 25, 208);
INSERT INTO ITEMPED VALUES (4166, 31, 39);
INSERT INTO PEDIDO VALUES (4167, 60, 871, 101);
INSERT INTO ITEMPED VALUES (4167, 45, 69);
INSERT INTO ITEMPED VALUES (4167, 53, 179);
INSERT INTO PEDIDO VALUES (4168, 20, 110, 240);
INSERT INTO ITEMPED VALUES (4168, 22, 89);
INSERT INTO ITEMPED VALUES (4168, 25, 129);
INSERT INTO ITEMPED VALUES (4168, 31, 231);
INSERT INTO ITEMPED VALUES (4168, 45, 78);
INSERT INTO ITEMPED VALUES (4168, 53, 258);
INSERT INTO PEDIDO VALUES (4169, 10, 290, 101);
INSERT INTO ITEMPED VALUES (4169, 45, 87);
INSERT INTO ITEMPED VALUES (4169, 53, 253);
INSERT INTO ITEMPED VALUES (4169, 77, 179);
INSERT INTO ITEMPED VALUES (4169, 78, 302);
INSERT INTO ITEMPED VALUES (4169, 13, 164);
INSERT INTO ITEMPED VALUES (4169, 22, 91);
INSERT INTO PEDIDO VALUES (4170, 45, 720, 111);
INSERT INTO ITEMPED VALUES (4170, 78, 290);
INSERT INTO ITEMPED VALUES (4170, 13, 68);
INSERT INTO ITEMPED VALUES (4170, 22, 57);
INSERT INTO ITEMPED VALUES (4170, 25, 146);
INSERT INTO ITEMPED VALUES (4170, 31, 63);
INSERT INTO ITEMPED VALUES (4170, 45, 291);
INSERT INTO PEDIDO VALUES (4171, 10, 20, 101);
INSERT INTO ITEMPED VALUES (4171, 31, 288);
INSERT INTO ITEMPED VALUES (4171, 45, 217);
INSERT INTO ITEMPED VALUES (4171, 53, 178);
INSERT INTO ITEMPED VALUES (4171, 77, 49);
INSERT INTO ITEMPED VALUES (4171, 78, 131);
INSERT INTO ITEMPED VALUES (4171, 13, 26);
INSERT INTO PEDIDO VALUES (4172, 45, 260, 310);
INSERT INTO ITEMPED VALUES (4172, 53, 22);
INSERT INTO ITEMPED VALUES (4172, 77, 226);
INSERT INTO ITEMPED VALUES (4172, 78, 288);
INSERT INTO ITEMPED VALUES (4172, 13, 238);
INSERT INTO PEDIDO VALUES (4173, 60, 390, 111);
INSERT INTO ITEMPED VALUES (4173, 78, 127);
INSERT INTO ITEMPED VALUES (4173, 13, 57);
INSERT INTO ITEMPED VALUES (4173, 22, 92);
INSERT INTO PEDIDO VALUES (4174, 30, 830, 213);
INSERT INTO ITEMPED VALUES (4174, 13, 160);
INSERT INTO ITEMPED VALUES (4174, 22, 208);
INSERT INTO PEDIDO VALUES (4175, 45, 20, 11);
INSERT INTO ITEMPED VALUES (4175, 77, 80);
INSERT INTO ITEMPED VALUES (4175, 78, 297);
INSERT INTO ITEMPED VALUES (4175, 13, 135);
INSERT INTO ITEMPED VALUES (4175, 22, 96);
INSERT INTO ITEMPED VALUES (4175, 25, 22);
INSERT INTO ITEMPED VALUES (4175, 31, 153);
INSERT INTO PEDIDO VALUES (4176, 60, 830, 213);
INSERT INTO ITEMPED VALUES (4176, 22, 187);
INSERT INTO ITEMPED VALUES (4176, 25, 4);
INSERT INTO ITEMPED VALUES (4176, 31, 253);
INSERT INTO ITEMPED VALUES (4176, 45, 262);
INSERT INTO ITEMPED VALUES (4176, 53, 239);
INSERT INTO ITEMPED VALUES (4176, 77, 107);
INSERT INTO PEDIDO VALUES (4177, 10, 410, 310);
INSERT INTO ITEMPED VALUES (4177, 45, 168);
INSERT INTO ITEMPED VALUES (4177, 53, 107);
INSERT INTO ITEMPED VALUES (4177, 77, 169);
INSERT INTO ITEMPED VALUES (4177, 78, 155);
INSERT INTO PEDIDO VALUES (4178, 30, 110, 720);
INSERT INTO ITEMPED VALUES (4178, 25, 69);
INSERT INTO ITEMPED VALUES (4178, 31, 253);
INSERT INTO ITEMPED VALUES (4178, 45, 146);
INSERT INTO ITEMPED VALUES (4178, 53, 4);
INSERT INTO ITEMPED VALUES (4178, 77, 126);
INSERT INTO PEDIDO VALUES (4179, 10, 20, 213);
INSERT INTO ITEMPED VALUES (4179, 13, 289);
INSERT INTO ITEMPED VALUES (4179, 22, 49);
INSERT INTO ITEMPED VALUES (4179, 25, 261);
INSERT INTO ITEMPED VALUES (4179, 31, 15);
INSERT INTO ITEMPED VALUES (4179, 45, 12);
INSERT INTO PEDIDO VALUES (4180, 45, 110, 11);
INSERT INTO ITEMPED VALUES (4180, 25, 24);
INSERT INTO ITEMPED VALUES (4180, 31, 63);
INSERT INTO ITEMPED VALUES (4180, 45, 122);
INSERT INTO ITEMPED VALUES (4180, 53, 262);
INSERT INTO ITEMPED VALUES (4180, 77, 187);
INSERT INTO PEDIDO VALUES (4181, 10, 20, 250);
INSERT INTO ITEMPED VALUES (4181, 31, 222);
INSERT INTO ITEMPED VALUES (4181, 45, 66);
INSERT INTO ITEMPED VALUES (4181, 53, 28);
INSERT INTO ITEMPED VALUES (4181, 77, 172);
INSERT INTO ITEMPED VALUES (4181, 78, 144);
INSERT INTO ITEMPED VALUES (4181, 13, 202);
INSERT INTO PEDIDO VALUES (4182, 60, 180, 209);
INSERT INTO ITEMPED VALUES (4182, 78, 85);
INSERT INTO ITEMPED VALUES (4182, 13, 58);
INSERT INTO ITEMPED VALUES (4182, 22, 273);
INSERT INTO ITEMPED VALUES (4182, 25, 149);
INSERT INTO ITEMPED VALUES (4182, 31, 112);
INSERT INTO ITEMPED VALUES (4182, 45, 202);
INSERT INTO PEDIDO VALUES (4183, 30, 260, 101);
INSERT INTO ITEMPED VALUES (4183, 22, 97);
INSERT INTO ITEMPED VALUES (4183, 25, 196);
INSERT INTO ITEMPED VALUES (4183, 31, 148);
INSERT INTO PEDIDO VALUES (4184, 10, 390, 720);
INSERT INTO ITEMPED VALUES (4184, 77, 157);
INSERT INTO PEDIDO VALUES (4185, 60, 870, 11);
INSERT INTO ITEMPED VALUES (4185, 78, 49);
INSERT INTO ITEMPED VALUES (4185, 13, 264);
INSERT INTO ITEMPED VALUES (4185, 22, 102);
INSERT INTO ITEMPED VALUES (4185, 25, 213);
INSERT INTO PEDIDO VALUES (4186, 30, 180, 101);
INSERT INTO ITEMPED VALUES (4186, 22, 293);
INSERT INTO PEDIDO VALUES (4187, 20, 870, 240);
INSERT INTO ITEMPED VALUES (4187, 77, 78);
INSERT INTO PEDIDO VALUES (4188, 45, 871, 250);
INSERT INTO ITEMPED VALUES (4188, 78, 157);
INSERT INTO ITEMPED VALUES (4188, 13, 296);
INSERT INTO PEDIDO VALUES (4189, 20, 110, 720);
INSERT INTO ITEMPED VALUES (4189, 53, 117);
INSERT INTO ITEMPED VALUES (4189, 77, 191);
INSERT INTO ITEMPED VALUES (4189, 78, 120);
INSERT INTO ITEMPED VALUES (4189, 13, 85);
INSERT INTO PEDIDO VALUES (4190, 60, 720, 250);
INSERT INTO ITEMPED VALUES (4190, 45, 101);
INSERT INTO ITEMPED VALUES (4190, 53, 238);
INSERT INTO PEDIDO VALUES (4191, 45, 870, 111);
INSERT INTO ITEMPED VALUES (4191, 22, 201);
INSERT INTO ITEMPED VALUES (4191, 25, 257);
INSERT INTO PEDIDO VALUES (4192, 30, 180, 11);
INSERT INTO ITEMPED VALUES (4192, 31, 87);
INSERT INTO ITEMPED VALUES (4192, 45, 177);
INSERT INTO ITEMPED VALUES (4192, 53, 157);
INSERT INTO ITEMPED VALUES (4192, 77, 239);
INSERT INTO ITEMPED VALUES (4192, 78, 69);
INSERT INTO ITEMPED VALUES (4192, 13, 276);
INSERT INTO PEDIDO VALUES (4193, 45, 260, 209);
INSERT INTO ITEMPED VALUES (4193, 78, 117);
INSERT INTO ITEMPED VALUES (4193, 13, 237);
INSERT INTO ITEMPED VALUES (4193, 22, 67);
INSERT INTO ITEMPED VALUES (4193, 25, 131);
INSERT INTO PEDIDO VALUES (4194, 30, 410, 250);
INSERT INTO ITEMPED VALUES (4194, 77, 281);
INSERT INTO ITEMPED VALUES (4194, 78, 129);
INSERT INTO ITEMPED VALUES (4194, 13, 248);
INSERT INTO ITEMPED VALUES (4194, 22, 23);
INSERT INTO PEDIDO VALUES (4195, 60, 870, 101);
INSERT INTO ITEMPED VALUES (4195, 53, 261);
INSERT INTO ITEMPED VALUES (4195, 77, 91);
INSERT INTO ITEMPED VALUES (4195, 78, 297);
INSERT INTO ITEMPED VALUES (4195, 13, 15);
INSERT INTO ITEMPED VALUES (4195, 22, 144);
INSERT INTO PEDIDO VALUES (4196, 20, 720, 213);
INSERT INTO ITEMPED VALUES (4196, 31, 153);
INSERT INTO ITEMPED VALUES (4196, 45, 182);
INSERT INTO ITEMPED VALUES (4196, 53, 84);
INSERT INTO ITEMPED VALUES (4196, 77, 33);
INSERT INTO ITEMPED VALUES (4196, 78, 126);
INSERT INTO PEDIDO VALUES (4197, 30, 180, 250);
INSERT INTO ITEMPED VALUES (4197, 45, 55);
INSERT INTO PEDIDO VALUES (4198, 45, 830, 213);
INSERT INTO ITEMPED VALUES (4198, 53, 62);
INSERT INTO ITEMPED VALUES (4198, 77, 285);
INSERT INTO PEDIDO VALUES (4199, 20, 110, 720);
INSERT INTO ITEMPED VALUES (4199, 25, 191);
INSERT INTO ITEMPED VALUES (4199, 31, 75);
INSERT INTO PEDIDO VALUES (4200, 10, 410, 209);
INSERT INTO ITEMPED VALUES (4200, 45, 72);
INSERT INTO ITEMPED VALUES (4200, 53, 126);
INSERT INTO ITEMPED VALUES (4200, 77, 277);
INSERT INTO ITEMPED VALUES (4200, 78, 192);
INSERT INTO ITEMPED VALUES (4200, 13, 185);
INSERT INTO ITEMPED VALUES (4200, 22, 76);
INSERT INTO PEDIDO VALUES (4201, 30, 871, 240);
INSERT INTO ITEMPED VALUES (4201, 13, 137);
INSERT INTO ITEMPED VALUES (4201, 22, 107);
INSERT INTO ITEMPED VALUES (4201, 25, 146);
INSERT INTO ITEMPED VALUES (4201, 31, 264);
INSERT INTO ITEMPED VALUES (4201, 45, 31);
INSERT INTO ITEMPED VALUES (4201, 53, 33);
INSERT INTO PEDIDO VALUES (4202, 20, 720, 111);
INSERT INTO ITEMPED VALUES (4202, 78, 290);
INSERT INTO ITEMPED VALUES (4202, 13, 138);
INSERT INTO ITEMPED VALUES (4202, 22, 149);
INSERT INTO ITEMPED VALUES (4202, 25, 111);
INSERT INTO ITEMPED VALUES (4202, 31, 257);
INSERT INTO ITEMPED VALUES (4202, 45, 256);
INSERT INTO PEDIDO VALUES (4203, 30, 180, 240);
INSERT INTO ITEMPED VALUES (4203, 53, 105);
INSERT INTO ITEMPED VALUES (4203, 77, 212);
INSERT INTO ITEMPED VALUES (4203, 78, 301);
INSERT INTO ITEMPED VALUES (4203, 13, 36);
INSERT INTO PEDIDO VALUES (4204, 10, 870, 720);
INSERT INTO ITEMPED VALUES (4204, 78, 169);
INSERT INTO ITEMPED VALUES (4204, 13, 181);
INSERT INTO ITEMPED VALUES (4204, 22, 198);
INSERT INTO PEDIDO VALUES (4205, 20, 290, 101);
INSERT INTO ITEMPED VALUES (4205, 31, 150);
INSERT INTO ITEMPED VALUES (4205, 45, 90);
INSERT INTO ITEMPED VALUES (4205, 53, 175);
INSERT INTO ITEMPED VALUES (4205, 77, 71);
INSERT INTO ITEMPED VALUES (4205, 78, 206);
INSERT INTO ITEMPED VALUES (4205, 13, 239);
INSERT INTO PEDIDO VALUES (4206, 60, 871, 720);
INSERT INTO ITEMPED VALUES (4206, 13, 167);
INSERT INTO ITEMPED VALUES (4206, 22, 162);
INSERT INTO ITEMPED VALUES (4206, 25, 13);
INSERT INTO ITEMPED VALUES (4206, 31, 126);
INSERT INTO PEDIDO VALUES (4207, 20, 110, 209);
INSERT INTO ITEMPED VALUES (4207, 45, 255);
INSERT INTO PEDIDO VALUES (4208, 45, 290, 11);
INSERT INTO ITEMPED VALUES (4208, 77, 96);
INSERT INTO ITEMPED VALUES (4208, 78, 147);
INSERT INTO ITEMPED VALUES (4208, 13, 143);
INSERT INTO ITEMPED VALUES (4208, 22, 111);
INSERT INTO ITEMPED VALUES (4208, 25, 16);
INSERT INTO PEDIDO VALUES (4209, 30, 20, 720);
INSERT INTO ITEMPED VALUES (4209, 53, 141);
INSERT INTO ITEMPED VALUES (4209, 77, 80);
INSERT INTO ITEMPED VALUES (4209, 78, 26);
INSERT INTO PEDIDO VALUES (4210, 60, 720, 11);
INSERT INTO ITEMPED VALUES (4210, 13, 83);
INSERT INTO ITEMPED VALUES (4210, 22, 293);
INSERT INTO ITEMPED VALUES (4210, 25, 250);
INSERT INTO ITEMPED VALUES (4210, 31, 152);
INSERT INTO ITEMPED VALUES (4210, 45, 143);
INSERT INTO PEDIDO VALUES (4211, 30, 410, 111);
INSERT INTO ITEMPED VALUES (4211, 25, 129);
INSERT INTO PEDIDO VALUES (4212, 10, 260, 213);
INSERT INTO ITEMPED VALUES (4212, 78, 292);
INSERT INTO ITEMPED VALUES (4212, 13, 112);
INSERT INTO ITEMPED VALUES (4212, 22, 107);
INSERT INTO PEDIDO VALUES (4213, 30, 870, 11);
INSERT INTO ITEMPED VALUES (4213, 22, 294);
INSERT INTO ITEMPED VALUES (4213, 25, 195);
INSERT INTO PEDIDO VALUES (4214, 60, 720, 101);
INSERT INTO ITEMPED VALUES (4214, 77, 39);
INSERT INTO ITEMPED VALUES (4214, 78, 143);
INSERT INTO ITEMPED VALUES (4214, 13, 225);
INSERT INTO ITEMPED VALUES (4214, 22, 76);
INSERT INTO ITEMPED VALUES (4214, 25, 222);
INSERT INTO PEDIDO VALUES (4215, 45, 20, 111);
INSERT INTO ITEMPED VALUES (4215, 78, 302);
INSERT INTO PEDIDO VALUES (4216, 10, 720, 250);
INSERT INTO ITEMPED VALUES (4216, 13, 62);
INSERT INTO ITEMPED VALUES (4216, 22, 21);
INSERT INTO ITEMPED VALUES (4216, 25, 223);
INSERT INTO ITEMPED VALUES (4216, 31, 124);
INSERT INTO ITEMPED VALUES (4216, 45, 144);
INSERT INTO ITEMPED VALUES (4216, 53, 83);
INSERT INTO PEDIDO VALUES (4217, 60, 110, 111);
INSERT INTO ITEMPED VALUES (4217, 31, 24);
INSERT INTO ITEMPED VALUES (4217, 45, 273);
INSERT INTO ITEMPED VALUES (4217, 53, 48);
INSERT INTO PEDIDO VALUES (4218, 20, 870, 240);
INSERT INTO ITEMPED VALUES (4218, 45, 133);
INSERT INTO ITEMPED VALUES (4218, 53, 180);
INSERT INTO PEDIDO VALUES (4219, 10, 20, 11);
INSERT INTO ITEMPED VALUES (4219, 53, 284);
INSERT INTO ITEMPED VALUES (4219, 77, 292);
INSERT INTO ITEMPED VALUES (4219, 78, 145);
INSERT INTO PEDIDO VALUES (4220, 30, 390, 111);
INSERT INTO ITEMPED VALUES (4220, 45, 282);
INSERT INTO ITEMPED VALUES (4220, 53, 203);
INSERT INTO ITEMPED VALUES (4220, 77, 195);
INSERT INTO ITEMPED VALUES (4220, 78, 25);
INSERT INTO ITEMPED VALUES (4220, 13, 232);
INSERT INTO PEDIDO VALUES (4221, 60, 720, 209);
INSERT INTO ITEMPED VALUES (4221, 22, 18);
INSERT INTO ITEMPED VALUES (4221, 25, 181);
INSERT INTO ITEMPED VALUES (4221, 31, 261);
INSERT INTO ITEMPED VALUES (4221, 45, 230);
INSERT INTO ITEMPED VALUES (4221, 53, 178);
INSERT INTO PEDIDO VALUES (4222, 10, 180, 11);
INSERT INTO ITEMPED VALUES (4222, 31, 207);
INSERT INTO ITEMPED VALUES (4222, 45, 218);
INSERT INTO ITEMPED VALUES (4222, 53, 206);
INSERT INTO ITEMPED VALUES (4222, 77, 277);
INSERT INTO ITEMPED VALUES (4222, 78, 188);
INSERT INTO ITEMPED VALUES (4222, 13, 266);
INSERT INTO PEDIDO VALUES (4223, 45, 720, 209);
INSERT INTO ITEMPED VALUES (4223, 53, 299);
INSERT INTO PEDIDO VALUES (4224, 10, 870, 310);
INSERT INTO ITEMPED VALUES (4224, 13, 105);
INSERT INTO ITEMPED VALUES (4224, 22, 248);
INSERT INTO ITEMPED VALUES (4224, 25, 291);
INSERT INTO ITEMPED VALUES (4224, 31, 245);
INSERT INTO ITEMPED VALUES (4224, 45, 65);
INSERT INTO PEDIDO VALUES (4225, 30, 830, 213);
INSERT INTO ITEMPED VALUES (4225, 25, 50);
INSERT INTO ITEMPED VALUES (4225, 31, 12);
INSERT INTO ITEMPED VALUES (4225, 45, 217);
INSERT INTO ITEMPED VALUES (4225, 53, 193);
INSERT INTO ITEMPED VALUES (4225, 77, 105);
INSERT INTO ITEMPED VALUES (4225, 78, 8);
INSERT INTO PEDIDO VALUES (4226, 20, 870, 250);
INSERT INTO ITEMPED VALUES (4226, 31, 15);
INSERT INTO ITEMPED VALUES (4226, 45, 191);
INSERT INTO ITEMPED VALUES (4226, 53, 102);
INSERT INTO ITEMPED VALUES (4226, 77, 274);
INSERT INTO ITEMPED VALUES (4226, 78, 129);
INSERT INTO ITEMPED VALUES (4226, 13, 274);
INSERT INTO PEDIDO VALUES (4227, 60, 410, 101);
INSERT INTO ITEMPED VALUES (4227, 13, 231);
INSERT INTO ITEMPED VALUES (4227, 22, 117);
INSERT INTO ITEMPED VALUES (4227, 25, 143);
INSERT INTO ITEMPED VALUES (4227, 31, 110);
INSERT INTO PEDIDO VALUES (4228, 45, 20, 213);
INSERT INTO ITEMPED VALUES (4228, 31, 200);
INSERT INTO ITEMPED VALUES (4228, 45, 293);
INSERT INTO ITEMPED VALUES (4228, 53, 5);
INSERT INTO ITEMPED VALUES (4228, 77, 165);
INSERT INTO PEDIDO VALUES (4229, 10, 390, 111);
INSERT INTO ITEMPED VALUES (4229, 77, 163);
INSERT INTO ITEMPED VALUES (4229, 78, 252);
INSERT INTO ITEMPED VALUES (4229, 13, 139);
INSERT INTO PEDIDO VALUES (4230, 45, 410, 240);
INSERT INTO ITEMPED VALUES (4230, 22, 276);
INSERT INTO ITEMPED VALUES (4230, 25, 68);
INSERT INTO ITEMPED VALUES (4230, 31, 151);
INSERT INTO ITEMPED VALUES (4230, 45, 198);
INSERT INTO PEDIDO VALUES (4231, 10, 390, 101);
INSERT INTO ITEMPED VALUES (4231, 45, 70);
INSERT INTO ITEMPED VALUES (4231, 53, 16);
INSERT INTO ITEMPED VALUES (4231, 77, 260);
INSERT INTO ITEMPED VALUES (4231, 78, 47);
INSERT INTO ITEMPED VALUES (4231, 13, 168);
INSERT INTO PEDIDO VALUES (4232, 45, 110, 240);
INSERT INTO ITEMPED VALUES (4232, 78, 299);
INSERT INTO PEDIDO VALUES (4233, 30, 260, 101);
INSERT INTO ITEMPED VALUES (4233, 53, 222);
INSERT INTO ITEMPED VALUES (4233, 77, 107);
INSERT INTO ITEMPED VALUES (4233, 78, 86);
INSERT INTO PEDIDO VALUES (4234, 45, 20, 250);
INSERT INTO ITEMPED VALUES (4234, 78, 99);
INSERT INTO ITEMPED VALUES (4234, 13, 4);
INSERT INTO PEDIDO VALUES (4235, 30, 260, 111);
INSERT INTO ITEMPED VALUES (4235, 77, 39);
INSERT INTO ITEMPED VALUES (4235, 78, 253);
INSERT INTO ITEMPED VALUES (4235, 13, 83);
INSERT INTO ITEMPED VALUES (4235, 22, 257);
INSERT INTO ITEMPED VALUES (4235, 25, 193);
INSERT INTO ITEMPED VALUES (4235, 31, 231);
INSERT INTO PEDIDO VALUES (4236, 20, 870, 213);
INSERT INTO ITEMPED VALUES (4236, 25, 24);
INSERT INTO ITEMPED VALUES (4236, 31, 273);
INSERT INTO ITEMPED VALUES (4236, 45, 215);
INSERT INTO ITEMPED VALUES (4236, 53, 243);
INSERT INTO PEDIDO VALUES (4237, 10, 871, 209);
INSERT INTO ITEMPED VALUES (4237, 77, 42);
INSERT INTO ITEMPED VALUES (4237, 78, 218);
INSERT INTO ITEMPED VALUES (4237, 13, 96);
INSERT INTO ITEMPED VALUES (4237, 22, 141);
INSERT INTO ITEMPED VALUES (4237, 25, 227);
INSERT INTO ITEMPED VALUES (4237, 31, 211);
INSERT INTO PEDIDO VALUES (4238, 20, 720, 240);
INSERT INTO ITEMPED VALUES (4238, 13, 62);
INSERT INTO ITEMPED VALUES (4238, 22, 26);
INSERT INTO ITEMPED VALUES (4238, 25, 25);
INSERT INTO ITEMPED VALUES (4238, 31, 250);
INSERT INTO ITEMPED VALUES (4238, 45, 77);
INSERT INTO PEDIDO VALUES (4239, 10, 830, 101);
INSERT INTO ITEMPED VALUES (4239, 25, 257);
INSERT INTO ITEMPED VALUES (4239, 31, 38);
INSERT INTO ITEMPED VALUES (4239, 45, 143);
INSERT INTO ITEMPED VALUES (4239, 53, 195);
INSERT INTO ITEMPED VALUES (4239, 77, 84);
INSERT INTO ITEMPED VALUES (4239, 78, 119);
INSERT INTO PEDIDO VALUES (4240, 60, 180, 720);
INSERT INTO ITEMPED VALUES (4240, 22, 301);
INSERT INTO ITEMPED VALUES (4240, 25, 100);
INSERT INTO ITEMPED VALUES (4240, 31, 63);
INSERT INTO ITEMPED VALUES (4240, 45, 56);
INSERT INTO ITEMPED VALUES (4240, 53, 130);
INSERT INTO PEDIDO VALUES (4241, 20, 260, 111);
INSERT INTO ITEMPED VALUES (4241, 78, 37);
INSERT INTO ITEMPED VALUES (4241, 13, 123);
INSERT INTO ITEMPED VALUES (4241, 22, 212);
INSERT INTO ITEMPED VALUES (4241, 25, 51);
INSERT INTO ITEMPED VALUES (4241, 31, 267);
INSERT INTO ITEMPED VALUES (4241, 45, 116);
INSERT INTO PEDIDO VALUES (4242, 45, 410, 250);
INSERT INTO ITEMPED VALUES (4242, 77, 48);
INSERT INTO ITEMPED VALUES (4242, 78, 299);
INSERT INTO ITEMPED VALUES (4242, 13, 224);
INSERT INTO ITEMPED VALUES (4242, 22, 47);
INSERT INTO ITEMPED VALUES (4242, 25, 177);
INSERT INTO ITEMPED VALUES (4242, 31, 68);
INSERT INTO PEDIDO VALUES (4243, 10, 830, 209);
INSERT INTO ITEMPED VALUES (4243, 22, 206);
INSERT INTO ITEMPED VALUES (4243, 25, 31);
INSERT INTO ITEMPED VALUES (4243, 31, 124);
INSERT INTO ITEMPED VALUES (4243, 45, 74);
INSERT INTO ITEMPED VALUES (4243, 53, 269);
INSERT INTO PEDIDO VALUES (4244, 45, 180, 11);
INSERT INTO ITEMPED VALUES (4244, 78, 153);
INSERT INTO ITEMPED VALUES (4244, 13, 26);
INSERT INTO ITEMPED VALUES (4244, 22, 133);
INSERT INTO ITEMPED VALUES (4244, 25, 174);
INSERT INTO ITEMPED VALUES (4244, 31, 96);
INSERT INTO ITEMPED VALUES (4244, 45, 255);
INSERT INTO PEDIDO VALUES (4245, 10, 830, 209);
INSERT INTO ITEMPED VALUES (4245, 45, 73);
INSERT INTO ITEMPED VALUES (4245, 53, 110);
INSERT INTO ITEMPED VALUES (4245, 77, 263);
INSERT INTO PEDIDO VALUES (4246, 30, 410, 101);
INSERT INTO ITEMPED VALUES (4246, 77, 268);
INSERT INTO ITEMPED VALUES (4246, 78, 31);
INSERT INTO ITEMPED VALUES (4246, 13, 144);
INSERT INTO PEDIDO VALUES (4247, 60, 390, 111);
INSERT INTO ITEMPED VALUES (4247, 53, 126);
INSERT INTO ITEMPED VALUES (4247, 77, 201);
INSERT INTO ITEMPED VALUES (4247, 78, 243);
INSERT INTO ITEMPED VALUES (4247, 13, 164);
INSERT INTO ITEMPED VALUES (4247, 22, 125);
INSERT INTO PEDIDO VALUES (4248, 20, 290, 250);
INSERT INTO ITEMPED VALUES (4248, 78, 191);
INSERT INTO ITEMPED VALUES (4248, 13, 189);
INSERT INTO ITEMPED VALUES (4248, 22, 51);
INSERT INTO ITEMPED VALUES (4248, 25, 175);
INSERT INTO ITEMPED VALUES (4248, 31, 103);
INSERT INTO ITEMPED VALUES (4248, 45, 35);
INSERT INTO PEDIDO VALUES (4249, 60, 870, 101);
INSERT INTO ITEMPED VALUES (4249, 31, 249);
INSERT INTO ITEMPED VALUES (4249, 45, 175);
INSERT INTO ITEMPED VALUES (4249, 53, 152);
INSERT INTO ITEMPED VALUES (4249, 77, 118);
INSERT INTO ITEMPED VALUES (4249, 78, 302);
INSERT INTO ITEMPED VALUES (4249, 13, 171);
INSERT INTO PEDIDO VALUES (4250, 45, 720, 11);
INSERT INTO ITEMPED VALUES (4250, 77, 67);
INSERT INTO ITEMPED VALUES (4250, 78, 133);
INSERT INTO ITEMPED VALUES (4250, 13, 277);
INSERT INTO ITEMPED VALUES (4250, 22, 68);
INSERT INTO ITEMPED VALUES (4250, 25, 43);
INSERT INTO PEDIDO VALUES (4251, 60, 180, 720);
INSERT INTO ITEMPED VALUES (4251, 53, 41);
INSERT INTO ITEMPED VALUES (4251, 77, 23);
INSERT INTO ITEMPED VALUES (4251, 78, 121);
INSERT INTO ITEMPED VALUES (4251, 13, 167);
INSERT INTO ITEMPED VALUES (4251, 22, 254);
INSERT INTO PEDIDO VALUES (4252, 10, 410, 213);
INSERT INTO ITEMPED VALUES (4252, 13, 146);
INSERT INTO ITEMPED VALUES (4252, 22, 94);
INSERT INTO ITEMPED VALUES (4252, 25, 215);
INSERT INTO ITEMPED VALUES (4252, 31, 164);
INSERT INTO ITEMPED VALUES (4252, 45, 244);
INSERT INTO PEDIDO VALUES (4253, 30, 871, 250);
INSERT INTO ITEMPED VALUES (4253, 22, 265);
INSERT INTO PEDIDO VALUES (4254, 20, 830, 240);
INSERT INTO ITEMPED VALUES (4254, 31, 76);
INSERT INTO ITEMPED VALUES (4254, 45, 277);
INSERT INTO PEDIDO VALUES (4255, 30, 390, 11);
INSERT INTO ITEMPED VALUES (4255, 13, 267);
INSERT INTO ITEMPED VALUES (4255, 22, 60);
INSERT INTO PEDIDO VALUES (4256, 20, 870, 240);
INSERT INTO ITEMPED VALUES (4256, 45, 297);
INSERT INTO ITEMPED VALUES (4256, 53, 245);
INSERT INTO ITEMPED VALUES (4256, 77, 251);
INSERT INTO ITEMPED VALUES (4256, 78, 101);
INSERT INTO ITEMPED VALUES (4256, 13, 207);
INSERT INTO ITEMPED VALUES (4256, 22, 37);
INSERT INTO PEDIDO VALUES (4257, 30, 390, 250);
INSERT INTO ITEMPED VALUES (4257, 31, 31);
INSERT INTO PEDIDO VALUES (4258, 10, 260, 11);
INSERT INTO ITEMPED VALUES (4258, 77, 43);
INSERT INTO ITEMPED VALUES (4258, 78, 173);
INSERT INTO ITEMPED VALUES (4258, 13, 12);
INSERT INTO ITEMPED VALUES (4258, 22, 205);
INSERT INTO PEDIDO VALUES (4259, 20, 20, 111);
INSERT INTO ITEMPED VALUES (4259, 13, 30);
INSERT INTO ITEMPED VALUES (4259, 22, 50);
INSERT INTO ITEMPED VALUES (4259, 25, 76);
INSERT INTO ITEMPED VALUES (4259, 31, 184);
INSERT INTO PEDIDO VALUES (4260, 60, 290, 11);
INSERT INTO ITEMPED VALUES (4260, 77, 275);
INSERT INTO ITEMPED VALUES (4260, 78, 234);
INSERT INTO PEDIDO VALUES (4261, 45, 830, 101);
INSERT INTO ITEMPED VALUES (4261, 31, 193);
INSERT INTO ITEMPED VALUES (4261, 45, 115);
INSERT INTO PEDIDO VALUES (4262, 10, 20, 213);
INSERT INTO ITEMPED VALUES (4262, 22, 25);
INSERT INTO ITEMPED VALUES (4262, 25, 275);
INSERT INTO ITEMPED VALUES (4262, 31, 14);
INSERT INTO ITEMPED VALUES (4262, 45, 154);
INSERT INTO PEDIDO VALUES (4263, 30, 830, 720);
INSERT INTO ITEMPED VALUES (4263, 78, 157);
INSERT INTO PEDIDO VALUES (4264, 60, 290, 240);
INSERT INTO ITEMPED VALUES (4264, 25, 158);
INSERT INTO ITEMPED VALUES (4264, 31, 251);
INSERT INTO ITEMPED VALUES (4264, 45, 238);
INSERT INTO ITEMPED VALUES (4264, 53, 256);
INSERT INTO ITEMPED VALUES (4264, 77, 181);
INSERT INTO ITEMPED VALUES (4264, 78, 20);
INSERT INTO PEDIDO VALUES (4265, 10, 830, 111);
INSERT INTO ITEMPED VALUES (4265, 77, 108);
INSERT INTO ITEMPED VALUES (4265, 78, 187);
INSERT INTO ITEMPED VALUES (4265, 13, 256);
INSERT INTO ITEMPED VALUES (4265, 22, 225);
INSERT INTO ITEMPED VALUES (4265, 25, 94);
INSERT INTO ITEMPED VALUES (4265, 31, 243);
INSERT INTO PEDIDO VALUES (4266, 45, 870, 213);
INSERT INTO ITEMPED VALUES (4266, 31, 170);
INSERT INTO PEDIDO VALUES (4267, 20, 260, 240);
INSERT INTO ITEMPED VALUES (4267, 45, 300);
INSERT INTO PEDIDO VALUES (4268, 60, 870, 111);
INSERT INTO ITEMPED VALUES (4268, 25, 27);
INSERT INTO ITEMPED VALUES (4268, 31, 13);
INSERT INTO PEDIDO VALUES (4269, 10, 110, 720);
INSERT INTO ITEMPED VALUES (4269, 22, 85);
INSERT INTO PEDIDO VALUES (4270, 20, 871, 209);
INSERT INTO ITEMPED VALUES (4270, 77, 70);
INSERT INTO ITEMPED VALUES (4270, 78, 36);
INSERT INTO ITEMPED VALUES (4270, 13, 6);
INSERT INTO ITEMPED VALUES (4270, 22, 151);
INSERT INTO ITEMPED VALUES (4270, 25, 101);
INSERT INTO PEDIDO VALUES (4271, 60, 720, 111);
INSERT INTO ITEMPED VALUES (4271, 25, 191);
INSERT INTO ITEMPED VALUES (4271, 31, 33);
INSERT INTO ITEMPED VALUES (4271, 45, 9);
INSERT INTO ITEMPED VALUES (4271, 53, 96);
INSERT INTO PEDIDO VALUES (4272, 10, 870, 101);
INSERT INTO ITEMPED VALUES (4272, 77, 206);
INSERT INTO ITEMPED VALUES (4272, 78, 47);
INSERT INTO PEDIDO VALUES (4273, 30, 290, 250);
INSERT INTO ITEMPED VALUES (4273, 31, 94);
INSERT INTO PEDIDO VALUES (4274, 45, 180, 11);
INSERT INTO ITEMPED VALUES (4274, 53, 89);
INSERT INTO PEDIDO VALUES (4275, 10, 720, 213);
INSERT INTO ITEMPED VALUES (4275, 31, 78);
INSERT INTO PEDIDO VALUES (4276, 30, 110, 11);
INSERT INTO ITEMPED VALUES (4276, 22, 159);
INSERT INTO ITEMPED VALUES (4276, 25, 31);
INSERT INTO ITEMPED VALUES (4276, 31, 130);
INSERT INTO ITEMPED VALUES (4276, 45, 95);
INSERT INTO PEDIDO VALUES (4277, 60, 720, 240);
INSERT INTO ITEMPED VALUES (4277, 31, 302);
INSERT INTO PEDIDO VALUES (4278, 20, 871, 720);
INSERT INTO ITEMPED VALUES (4278, 13, 121);
INSERT INTO ITEMPED VALUES (4278, 22, 161);
INSERT INTO ITEMPED VALUES (4278, 25, 98);
INSERT INTO ITEMPED VALUES (4278, 31, 265);
INSERT INTO PEDIDO VALUES (4279, 45, 720, 310);
INSERT INTO ITEMPED VALUES (4279, 78, 84);
INSERT INTO ITEMPED VALUES (4279, 13, 241);
INSERT INTO ITEMPED VALUES (4279, 22, 19);
INSERT INTO ITEMPED VALUES (4279, 25, 59);
INSERT INTO ITEMPED VALUES (4279, 31, 58);
INSERT INTO PEDIDO VALUES (4280, 60, 830, 213);
INSERT INTO ITEMPED VALUES (4280, 77, 90);
INSERT INTO ITEMPED VALUES (4280, 78, 24);
INSERT INTO ITEMPED VALUES (4280, 13, 82);
INSERT INTO ITEMPED VALUES (4280, 22, 293);
INSERT INTO ITEMPED VALUES (4280, 25, 224);
INSERT INTO ITEMPED VALUES (4280, 31, 156);
INSERT INTO PEDIDO VALUES (4281, 10, 260, 310);
INSERT INTO ITEMPED VALUES (4281, 25, 99);
INSERT INTO ITEMPED VALUES (4281, 31, 45);
INSERT INTO ITEMPED VALUES (4281, 45, 106);
INSERT INTO PEDIDO VALUES (4282, 30, 830, 209);
INSERT INTO ITEMPED VALUES (4282, 13, 214);
INSERT INTO ITEMPED VALUES (4282, 22, 240);
INSERT INTO ITEMPED VALUES (4282, 25, 227);
INSERT INTO ITEMPED VALUES (4282, 31, 273);
INSERT INTO ITEMPED VALUES (4282, 45, 154);
INSERT INTO PEDIDO VALUES (4283, 60, 720, 720);
INSERT INTO ITEMPED VALUES (4283, 45, 292);
INSERT INTO ITEMPED VALUES (4283, 53, 240);
INSERT INTO ITEMPED VALUES (4283, 77, 19);
INSERT INTO ITEMPED VALUES (4283, 78, 229);
INSERT INTO ITEMPED VALUES (4283, 13, 180);
INSERT INTO ITEMPED VALUES (4283, 22, 36);
INSERT INTO PEDIDO VALUES (4284, 30, 390, 209);
INSERT INTO ITEMPED VALUES (4284, 53, 29);
INSERT INTO ITEMPED VALUES (4284, 77, 83);
INSERT INTO PEDIDO VALUES (4285, 60, 110, 11);
INSERT INTO ITEMPED VALUES (4285, 22, 54);
INSERT INTO ITEMPED VALUES (4285, 25, 92);
INSERT INTO ITEMPED VALUES (4285, 31, 124);
INSERT INTO ITEMPED VALUES (4285, 45, 121);
INSERT INTO ITEMPED VALUES (4285, 53, 25);
INSERT INTO ITEMPED VALUES (4285, 77, 111);
INSERT INTO PEDIDO VALUES (4286, 45, 871, 240);
INSERT INTO ITEMPED VALUES (4286, 13, 191);
INSERT INTO ITEMPED VALUES (4286, 22, 296);
INSERT INTO PEDIDO VALUES (4287, 60, 830, 11);
INSERT INTO ITEMPED VALUES (4287, 31, 16);
INSERT INTO ITEMPED VALUES (4287, 45, 26);
INSERT INTO ITEMPED VALUES (4287, 53, 283);
INSERT INTO PEDIDO VALUES (4288, 30, 410, 250);
INSERT INTO ITEMPED VALUES (4288, 77, 121);
INSERT INTO ITEMPED VALUES (4288, 78, 282);
INSERT INTO ITEMPED VALUES (4288, 13, 106);
INSERT INTO ITEMPED VALUES (4288, 22, 200);
INSERT INTO PEDIDO VALUES (4289, 20, 830, 111);
INSERT INTO ITEMPED VALUES (4289, 45, 286);
INSERT INTO PEDIDO VALUES (4290, 45, 180, 101);
INSERT INTO ITEMPED VALUES (4290, 78, 158);
INSERT INTO ITEMPED VALUES (4290, 13, 135);
INSERT INTO ITEMPED VALUES (4290, 22, 289);
INSERT INTO ITEMPED VALUES (4290, 25, 248);
INSERT INTO ITEMPED VALUES (4290, 31, 64);
INSERT INTO ITEMPED VALUES (4290, 45, 82);
INSERT INTO PEDIDO VALUES (4291, 20, 410, 720);
INSERT INTO ITEMPED VALUES (4291, 13, 48);
INSERT INTO PEDIDO VALUES (4292, 10, 830, 101);
INSERT INTO ITEMPED VALUES (4292, 77, 179);
INSERT INTO PEDIDO VALUES (4293, 60, 390, 213);
INSERT INTO ITEMPED VALUES (4293, 31, 299);
INSERT INTO ITEMPED VALUES (4293, 45, 200);
INSERT INTO ITEMPED VALUES (4293, 53, 37);
INSERT INTO ITEMPED VALUES (4293, 77, 198);
INSERT INTO PEDIDO VALUES (4294, 30, 870, 209);
INSERT INTO ITEMPED VALUES (4294, 45, 29);
INSERT INTO ITEMPED VALUES (4294, 53, 53);
INSERT INTO ITEMPED VALUES (4294, 77, 15);
INSERT INTO ITEMPED VALUES (4294, 78, 200);
INSERT INTO ITEMPED VALUES (4294, 13, 83);
INSERT INTO ITEMPED VALUES (4294, 22, 90);
INSERT INTO PEDIDO VALUES (4295, 10, 390, 250);
INSERT INTO ITEMPED VALUES (4295, 53, 150);
INSERT INTO ITEMPED VALUES (4295, 77, 110);
INSERT INTO PEDIDO VALUES (4296, 45, 260, 11);
INSERT INTO ITEMPED VALUES (4296, 25, 205);
INSERT INTO ITEMPED VALUES (4296, 31, 203);
INSERT INTO ITEMPED VALUES (4296, 45, 89);
INSERT INTO ITEMPED VALUES (4296, 53, 185);
INSERT INTO ITEMPED VALUES (4296, 77, 292);
INSERT INTO ITEMPED VALUES (4296, 78, 238);
INSERT INTO PEDIDO VALUES (4297, 10, 871, 213);
INSERT INTO ITEMPED VALUES (4297, 78, 91);
INSERT INTO ITEMPED VALUES (4297, 13, 276);
INSERT INTO ITEMPED VALUES (4297, 22, 181);
INSERT INTO PEDIDO VALUES (4298, 30, 260, 720);
INSERT INTO ITEMPED VALUES (4298, 25, 231);
INSERT INTO ITEMPED VALUES (4298, 31, 40);
INSERT INTO PEDIDO VALUES (4299, 10, 870, 310);
INSERT INTO ITEMPED VALUES (4299, 31, 293);
INSERT INTO ITEMPED VALUES (4299, 45, 209);
INSERT INTO ITEMPED VALUES (4299, 53, 49);
INSERT INTO ITEMPED VALUES (4299, 77, 52);
INSERT INTO ITEMPED VALUES (4299, 78, 160);
INSERT INTO PEDIDO VALUES (4300, 30, 290, 213);
INSERT INTO ITEMPED VALUES (4300, 25, 110);
INSERT INTO ITEMPED VALUES (4300, 31, 54);
INSERT INTO ITEMPED VALUES (4300, 45, 286);
INSERT INTO ITEMPED VALUES (4300, 53, 50);
INSERT INTO ITEMPED VALUES (4300, 77, 261);
INSERT INTO ITEMPED VALUES (4300, 78, 196);
INSERT INTO PEDIDO VALUES (4301, 45, 830, 310);
INSERT INTO ITEMPED VALUES (4301, 53, 30);
INSERT INTO PEDIDO VALUES (4302, 10, 410, 101);
INSERT INTO ITEMPED VALUES (4302, 31, 96);
INSERT INTO ITEMPED VALUES (4302, 45, 257);
INSERT INTO ITEMPED VALUES (4302, 53, 241);
INSERT INTO ITEMPED VALUES (4302, 77, 276);
INSERT INTO ITEMPED VALUES (4302, 78, 184);
INSERT INTO ITEMPED VALUES (4302, 13, 73);
INSERT INTO PEDIDO VALUES (4303, 60, 110, 111);
INSERT INTO ITEMPED VALUES (4303, 22, 21);
INSERT INTO ITEMPED VALUES (4303, 25, 87);
INSERT INTO ITEMPED VALUES (4303, 31, 65);
INSERT INTO ITEMPED VALUES (4303, 45, 233);
INSERT INTO PEDIDO VALUES (4304, 30, 830, 250);
INSERT INTO ITEMPED VALUES (4304, 25, 247);
INSERT INTO ITEMPED VALUES (4304, 31, 211);
INSERT INTO ITEMPED VALUES (4304, 45, 53);
INSERT INTO ITEMPED VALUES (4304, 53, 16);
INSERT INTO ITEMPED VALUES (4304, 77, 76);
INSERT INTO PEDIDO VALUES (4305, 20, 20, 111);
INSERT INTO ITEMPED VALUES (4305, 13, 19);
INSERT INTO ITEMPED VALUES (4305, 22, 69);
INSERT INTO ITEMPED VALUES (4305, 25, 212);
INSERT INTO ITEMPED VALUES (4305, 31, 76);
INSERT INTO ITEMPED VALUES (4305, 45, 175);
INSERT INTO ITEMPED VALUES (4305, 53, 13);
INSERT INTO PEDIDO VALUES (4306, 10, 290, 101);
INSERT INTO ITEMPED VALUES (4306, 45, 22);
INSERT INTO ITEMPED VALUES (4306, 53, 51);
INSERT INTO ITEMPED VALUES (4306, 77, 256);
INSERT INTO ITEMPED VALUES (4306, 78, 257);
INSERT INTO ITEMPED VALUES (4306, 13, 234);
INSERT INTO ITEMPED VALUES (4306, 22, 256);
INSERT INTO PEDIDO VALUES (4307, 60, 871, 240);
INSERT INTO ITEMPED VALUES (4307, 25, 209);
INSERT INTO PEDIDO VALUES (4308, 20, 390, 101);
INSERT INTO ITEMPED VALUES (4308, 77, 210);
INSERT INTO ITEMPED VALUES (4308, 78, 204);
INSERT INTO PEDIDO VALUES (4309, 30, 410, 11);
INSERT INTO ITEMPED VALUES (4309, 25, 301);
INSERT INTO ITEMPED VALUES (4309, 31, 102);
INSERT INTO ITEMPED VALUES (4309, 45, 270);
INSERT INTO PEDIDO VALUES (4310, 45, 720, 720);
INSERT INTO ITEMPED VALUES (4310, 22, 196);
INSERT INTO PEDIDO VALUES (4311, 60, 180, 310);
INSERT INTO ITEMPED VALUES (4311, 31, 265);
INSERT INTO ITEMPED VALUES (4311, 45, 65);
INSERT INTO ITEMPED VALUES (4311, 53, 123);
INSERT INTO ITEMPED VALUES (4311, 77, 289);
INSERT INTO ITEMPED VALUES (4311, 78, 92);
INSERT INTO ITEMPED VALUES (4311, 13, 178);
INSERT INTO PEDIDO VALUES (4312, 20, 870, 240);
INSERT INTO ITEMPED VALUES (4312, 22, 92);
INSERT INTO ITEMPED VALUES (4312, 25, 207);
INSERT INTO ITEMPED VALUES (4312, 31, 257);
INSERT INTO ITEMPED VALUES (4312, 45, 181);
INSERT INTO PEDIDO VALUES (4313, 30, 830, 101);
INSERT INTO ITEMPED VALUES (4313, 77, 153);
INSERT INTO ITEMPED VALUES (4313, 78, 24);
INSERT INTO ITEMPED VALUES (4313, 13, 104);
INSERT INTO ITEMPED VALUES (4313, 22, 196);
INSERT INTO PEDIDO VALUES (4314, 60, 20, 111);
INSERT INTO ITEMPED VALUES (4314, 22, 145);
INSERT INTO ITEMPED VALUES (4314, 25, 173);
INSERT INTO ITEMPED VALUES (4314, 31, 230);
INSERT INTO ITEMPED VALUES (4314, 45, 148);
INSERT INTO PEDIDO VALUES (4315, 20, 830, 213);
INSERT INTO ITEMPED VALUES (4315, 77, 90);
INSERT INTO ITEMPED VALUES (4315, 78, 265);
INSERT INTO ITEMPED VALUES (4315, 13, 22);
INSERT INTO ITEMPED VALUES (4315, 22, 132);
INSERT INTO ITEMPED VALUES (4315, 25, 188);
INSERT INTO PEDIDO VALUES (4316, 60, 870, 209);
INSERT INTO ITEMPED VALUES (4316, 45, 291);
INSERT INTO ITEMPED VALUES (4316, 53, 52);
INSERT INTO ITEMPED VALUES (4316, 77, 112);
INSERT INTO ITEMPED VALUES (4316, 78, 152);
INSERT INTO ITEMPED VALUES (4316, 13, 83);
INSERT INTO ITEMPED VALUES (4316, 22, 146);
INSERT INTO PEDIDO VALUES (4317, 30, 20, 240);
INSERT INTO ITEMPED VALUES (4317, 31, 173);
INSERT INTO ITEMPED VALUES (4317, 45, 254);
INSERT INTO ITEMPED VALUES (4317, 53, 259);
INSERT INTO ITEMPED VALUES (4317, 77, 157);
INSERT INTO ITEMPED VALUES (4317, 78, 281);
INSERT INTO ITEMPED VALUES (4317, 13, 161);
INSERT INTO PEDIDO VALUES (4318, 20, 720, 11);
INSERT INTO ITEMPED VALUES (4318, 25, 206);
INSERT INTO ITEMPED VALUES (4318, 31, 283);
INSERT INTO ITEMPED VALUES (4318, 45, 180);
INSERT INTO PEDIDO VALUES (4319, 45, 830, 101);
INSERT INTO ITEMPED VALUES (4319, 13, 131);
INSERT INTO ITEMPED VALUES (4319, 22, 53);
INSERT INTO ITEMPED VALUES (4319, 25, 169);
INSERT INTO ITEMPED VALUES (4319, 31, 134);
INSERT INTO PEDIDO VALUES (4320, 20, 20, 240);
INSERT INTO ITEMPED VALUES (4320, 77, 153);
INSERT INTO ITEMPED VALUES (4320, 78, 29);
INSERT INTO PEDIDO VALUES (4321, 30, 830, 213);
INSERT INTO ITEMPED VALUES (4321, 25, 232);
INSERT INTO ITEMPED VALUES (4321, 31, 158);
INSERT INTO PEDIDO VALUES (4322, 10, 870, 111);
INSERT INTO ITEMPED VALUES (4322, 78, 165);
INSERT INTO ITEMPED VALUES (4322, 13, 282);
INSERT INTO ITEMPED VALUES (4322, 22, 164);
INSERT INTO ITEMPED VALUES (4322, 25, 244);
INSERT INTO PEDIDO VALUES (4323, 20, 410, 720);
INSERT INTO ITEMPED VALUES (4323, 31, 7);
INSERT INTO ITEMPED VALUES (4323, 45, 162);
INSERT INTO ITEMPED VALUES (4323, 53, 71);
INSERT INTO PEDIDO VALUES (4324, 45, 180, 111);
INSERT INTO ITEMPED VALUES (4324, 22, 101);
INSERT INTO PEDIDO VALUES (4325, 10, 110, 213);
INSERT INTO ITEMPED VALUES (4325, 77, 18);
INSERT INTO ITEMPED VALUES (4325, 78, 268);
INSERT INTO ITEMPED VALUES (4325, 13, 154);
INSERT INTO ITEMPED VALUES (4325, 22, 195);
INSERT INTO PEDIDO VALUES (4326, 45, 871, 240);
INSERT INTO ITEMPED VALUES (4326, 22, 239);
INSERT INTO PEDIDO VALUES (4327, 10, 290, 213);
INSERT INTO ITEMPED VALUES (4327, 25, 227);
INSERT INTO ITEMPED VALUES (4327, 31, 241);
INSERT INTO PEDIDO VALUES (4328, 20, 180, 240);
INSERT INTO ITEMPED VALUES (4328, 53, 224);
INSERT INTO ITEMPED VALUES (4328, 77, 197);
INSERT INTO ITEMPED VALUES (4328, 78, 300);
INSERT INTO ITEMPED VALUES (4328, 13, 39);
INSERT INTO PEDIDO VALUES (4329, 10, 390, 250);
INSERT INTO ITEMPED VALUES (4329, 45, 135);
INSERT INTO ITEMPED VALUES (4329, 53, 270);
INSERT INTO ITEMPED VALUES (4329, 77, 22);
INSERT INTO ITEMPED VALUES (4329, 78, 89);
INSERT INTO ITEMPED VALUES (4329, 13, 242);
INSERT INTO ITEMPED VALUES (4329, 22, 97);
INSERT INTO PEDIDO VALUES (4330, 45, 290, 310);
INSERT INTO ITEMPED VALUES (4330, 13, 145);
INSERT INTO ITEMPED VALUES (4330, 22, 75);
INSERT INTO PEDIDO VALUES (4331, 10, 870, 720);
INSERT INTO ITEMPED VALUES (4331, 78, 252);
INSERT INTO ITEMPED VALUES (4331, 13, 157);
INSERT INTO ITEMPED VALUES (4331, 22, 57);
INSERT INTO ITEMPED VALUES (4331, 25, 236);
INSERT INTO PEDIDO VALUES (4332, 20, 290, 101);
INSERT INTO ITEMPED VALUES (4332, 53, 55);
INSERT INTO ITEMPED VALUES (4332, 77, 98);
INSERT INTO ITEMPED VALUES (4332, 78, 147);
INSERT INTO ITEMPED VALUES (4332, 13, 155);
INSERT INTO ITEMPED VALUES (4332, 22, 66);
INSERT INTO ITEMPED VALUES (4332, 25, 44);
INSERT INTO PEDIDO VALUES (4333, 10, 870, 111);
INSERT INTO ITEMPED VALUES (4333, 22, 35);
INSERT INTO ITEMPED VALUES (4333, 25, 66);
INSERT INTO ITEMPED VALUES (4333, 31, 194);
INSERT INTO ITEMPED VALUES (4333, 45, 234);
INSERT INTO PEDIDO VALUES (4334, 20, 410, 240);
INSERT INTO ITEMPED VALUES (4334, 53, 105);
INSERT INTO ITEMPED VALUES (4334, 77, 33);
INSERT INTO ITEMPED VALUES (4334, 78, 188);
INSERT INTO ITEMPED VALUES (4334, 13, 235);
INSERT INTO PEDIDO VALUES (4335, 30, 720, 720);
INSERT INTO ITEMPED VALUES (4335, 78, 137);
INSERT INTO ITEMPED VALUES (4335, 13, 12);
INSERT INTO ITEMPED VALUES (4335, 22, 10);
INSERT INTO ITEMPED VALUES (4335, 25, 273);
INSERT INTO ITEMPED VALUES (4335, 31, 190);
INSERT INTO ITEMPED VALUES (4335, 45, 241);
INSERT INTO PEDIDO VALUES (4336, 20, 260, 111);
INSERT INTO ITEMPED VALUES (4336, 25, 234);
INSERT INTO ITEMPED VALUES (4336, 31, 154);
INSERT INTO PEDIDO VALUES (4337, 45, 110, 213);
INSERT INTO ITEMPED VALUES (4337, 31, 244);
INSERT INTO ITEMPED VALUES (4337, 45, 34);
INSERT INTO ITEMPED VALUES (4337, 53, 272);
INSERT INTO PEDIDO VALUES (4338, 10, 180, 101);
INSERT INTO ITEMPED VALUES (4338, 77, 65);
INSERT INTO ITEMPED VALUES (4338, 78, 267);
INSERT INTO PEDIDO VALUES (4339, 30, 870, 213);
INSERT INTO ITEMPED VALUES (4339, 53, 140);
INSERT INTO ITEMPED VALUES (4339, 77, 88);
INSERT INTO PEDIDO VALUES (4340, 45, 390, 240);
INSERT INTO ITEMPED VALUES (4340, 77, 68);
INSERT INTO PEDIDO VALUES (4341, 60, 110, 101);
INSERT INTO ITEMPED VALUES (4341, 31, 84);
INSERT INTO ITEMPED VALUES (4341, 45, 101);
INSERT INTO ITEMPED VALUES (4341, 53, 150);
INSERT INTO ITEMPED VALUES (4341, 77, 175);
INSERT INTO ITEMPED VALUES (4341, 78, 252);
INSERT INTO ITEMPED VALUES (4341, 13, 181);
INSERT INTO PEDIDO VALUES (4342, 45, 260, 250);
INSERT INTO ITEMPED VALUES (4342, 45, 184);
INSERT INTO ITEMPED VALUES (4342, 53, 153);
INSERT INTO PEDIDO VALUES (4343, 20, 870, 11);
INSERT INTO ITEMPED VALUES (4343, 53, 78);
INSERT INTO ITEMPED VALUES (4343, 77, 48);
INSERT INTO ITEMPED VALUES (4343, 78, 257);
INSERT INTO PEDIDO VALUES (4344, 30, 180, 240);
INSERT INTO ITEMPED VALUES (4344, 78, 279);
INSERT INTO ITEMPED VALUES (4344, 13, 190);
INSERT INTO ITEMPED VALUES (4344, 22, 105);
INSERT INTO ITEMPED VALUES (4344, 25, 206);
INSERT INTO ITEMPED VALUES (4344, 31, 36);
INSERT INTO PEDIDO VALUES (4345, 10, 720, 101);
INSERT INTO ITEMPED VALUES (4345, 25, 197);
INSERT INTO ITEMPED VALUES (4345, 31, 117);
INSERT INTO PEDIDO VALUES (4346, 30, 180, 250);
INSERT INTO ITEMPED VALUES (4346, 53, 194);
INSERT INTO ITEMPED VALUES (4346, 77, 77);
INSERT INTO ITEMPED VALUES (4346, 78, 16);
INSERT INTO ITEMPED VALUES (4346, 13, 111);
INSERT INTO PEDIDO VALUES (4347, 60, 20, 101);
INSERT INTO ITEMPED VALUES (4347, 31, 256);
INSERT INTO ITEMPED VALUES (4347, 45, 261);
INSERT INTO ITEMPED VALUES (4347, 53, 173);
INSERT INTO ITEMPED VALUES (4347, 77, 160);
INSERT INTO ITEMPED VALUES (4347, 78, 33);
INSERT INTO ITEMPED VALUES (4347, 13, 269);
INSERT INTO PEDIDO VALUES (4348, 10, 410, 720);
INSERT INTO ITEMPED VALUES (4348, 78, 56);
INSERT INTO ITEMPED VALUES (4348, 13, 61);
INSERT INTO PEDIDO VALUES (4349, 20, 390, 213);
INSERT INTO ITEMPED VALUES (4349, 53, 26);
INSERT INTO ITEMPED VALUES (4349, 77, 146);
INSERT INTO ITEMPED VALUES (4349, 78, 294);
INSERT INTO ITEMPED VALUES (4349, 13, 290);
INSERT INTO ITEMPED VALUES (4349, 22, 228);
INSERT INTO ITEMPED VALUES (4349, 25, 301);
INSERT INTO PEDIDO VALUES (4350, 10, 720, 250);
INSERT INTO ITEMPED VALUES (4350, 78, 122);
INSERT INTO PEDIDO VALUES (4351, 20, 260, 101);
INSERT INTO ITEMPED VALUES (4351, 31, 43);
INSERT INTO ITEMPED VALUES (4351, 45, 63);
INSERT INTO ITEMPED VALUES (4351, 53, 200);
INSERT INTO ITEMPED VALUES (4351, 77, 267);
INSERT INTO ITEMPED VALUES (4351, 78, 291);
INSERT INTO ITEMPED VALUES (4351, 13, 246);
INSERT INTO PEDIDO VALUES (4352, 10, 871, 111);
INSERT INTO ITEMPED VALUES (4352, 13, 111);
INSERT INTO ITEMPED VALUES (4352, 22, 66);
INSERT INTO ITEMPED VALUES (4352, 25, 259);
INSERT INTO ITEMPED VALUES (4352, 31, 280);
INSERT INTO ITEMPED VALUES (4352, 45, 45);
INSERT INTO ITEMPED VALUES (4352, 53, 95);
INSERT INTO PEDIDO VALUES (4353, 30, 260, 240);
INSERT INTO ITEMPED VALUES (4353, 53, 212);
INSERT INTO ITEMPED VALUES (4353, 77, 255);
INSERT INTO ITEMPED VALUES (4353, 78, 146);
INSERT INTO PEDIDO VALUES (4354, 20, 830, 11);
INSERT INTO ITEMPED VALUES (4354, 77, 211);
INSERT INTO ITEMPED VALUES (4354, 78, 88);
INSERT INTO ITEMPED VALUES (4354, 13, 139);
INSERT INTO ITEMPED VALUES (4354, 22, 50);
INSERT INTO ITEMPED VALUES (4354, 25, 9);
INSERT INTO ITEMPED VALUES (4354, 31, 140);
INSERT INTO PEDIDO VALUES (4355, 10, 260, 111);
INSERT INTO ITEMPED VALUES (4355, 78, 125);
INSERT INTO ITEMPED VALUES (4355, 13, 26);
INSERT INTO ITEMPED VALUES (4355, 22, 119);
INSERT INTO ITEMPED VALUES (4355, 25, 196);
INSERT INTO ITEMPED VALUES (4355, 31, 150);
INSERT INTO ITEMPED VALUES (4355, 45, 9);
INSERT INTO PEDIDO VALUES (4356, 60, 830, 101);
INSERT INTO ITEMPED VALUES (4356, 22, 5);
INSERT INTO PEDIDO VALUES (4357, 30, 290, 11);
INSERT INTO ITEMPED VALUES (4357, 25, 259);
INSERT INTO ITEMPED VALUES (4357, 31, 98);
INSERT INTO ITEMPED VALUES (4357, 45, 4);
INSERT INTO ITEMPED VALUES (4357, 53, 33);
INSERT INTO ITEMPED VALUES (4357, 77, 237);
INSERT INTO PEDIDO VALUES (4358, 45, 260, 720);
INSERT INTO ITEMPED VALUES (4358, 78, 138);
INSERT INTO ITEMPED VALUES (4358, 13, 176);
INSERT INTO ITEMPED VALUES (4358, 22, 231);
INSERT INTO ITEMPED VALUES (4358, 25, 79);
INSERT INTO ITEMPED VALUES (4358, 31, 247);
INSERT INTO ITEMPED VALUES (4358, 45, 222);
INSERT INTO PEDIDO VALUES (4359, 30, 110, 11);
INSERT INTO ITEMPED VALUES (4359, 77, 259);
INSERT INTO ITEMPED VALUES (4359, 78, 249);
INSERT INTO ITEMPED VALUES (4359, 13, 193);
INSERT INTO PEDIDO VALUES (4360, 60, 720, 720);
INSERT INTO ITEMPED VALUES (4360, 22, 166);
INSERT INTO ITEMPED VALUES (4360, 25, 208);
INSERT INTO ITEMPED VALUES (4360, 31, 264);
INSERT INTO ITEMPED VALUES (4360, 45, 237);
INSERT INTO ITEMPED VALUES (4360, 53, 63);
INSERT INTO ITEMPED VALUES (4360, 77, 101);
INSERT INTO PEDIDO VALUES (4361, 20, 260, 101);
INSERT INTO ITEMPED VALUES (4361, 53, 249);
INSERT INTO ITEMPED VALUES (4361, 77, 181);
INSERT INTO ITEMPED VALUES (4361, 78, 281);
INSERT INTO ITEMPED VALUES (4361, 13, 285);
INSERT INTO ITEMPED VALUES (4361, 22, 62);
INSERT INTO ITEMPED VALUES (4361, 25, 230);
INSERT INTO PEDIDO VALUES (4362, 30, 390, 209);
INSERT INTO ITEMPED VALUES (4362, 77, 36);
INSERT INTO ITEMPED VALUES (4362, 78, 224);
INSERT INTO ITEMPED VALUES (4362, 13, 244);
INSERT INTO ITEMPED VALUES (4362, 22, 87);
INSERT INTO ITEMPED VALUES (4362, 25, 280);
INSERT INTO PEDIDO VALUES (4363, 45, 720, 310);
INSERT INTO ITEMPED VALUES (4363, 31, 97);
INSERT INTO PEDIDO VALUES (4364, 30, 871, 240);
INSERT INTO ITEMPED VALUES (4364, 45, 205);
INSERT INTO ITEMPED VALUES (4364, 53, 203);
INSERT INTO ITEMPED VALUES (4364, 77, 75);
INSERT INTO ITEMPED VALUES (4364, 78, 125);
INSERT INTO PEDIDO VALUES (4365, 10, 720, 11);
INSERT INTO ITEMPED VALUES (4365, 53, 152);
INSERT INTO ITEMPED VALUES (4365, 77, 5);
INSERT INTO PEDIDO VALUES (4366, 45, 870, 250);
INSERT INTO ITEMPED VALUES (4366, 77, 169);
INSERT INTO ITEMPED VALUES (4366, 78, 266);
INSERT INTO ITEMPED VALUES (4366, 13, 168);
INSERT INTO ITEMPED VALUES (4366, 22, 173);
INSERT INTO PEDIDO VALUES (4367, 20, 390, 111);
INSERT INTO ITEMPED VALUES (4367, 31, 214);
INSERT INTO ITEMPED VALUES (4367, 45, 107);
INSERT INTO ITEMPED VALUES (4367, 53, 299);
INSERT INTO ITEMPED VALUES (4367, 77, 231);
INSERT INTO ITEMPED VALUES (4367, 78, 172);
INSERT INTO ITEMPED VALUES (4367, 13, 294);
INSERT INTO PEDIDO VALUES (4368, 60, 871, 101);
INSERT INTO ITEMPED VALUES (4368, 77, 18);
INSERT INTO ITEMPED VALUES (4368, 78, 236);
INSERT INTO ITEMPED VALUES (4368, 13, 121);
INSERT INTO ITEMPED VALUES (4368, 22, 252);
INSERT INTO ITEMPED VALUES (4368, 25, 287);
INSERT INTO PEDIDO VALUES (4369, 10, 290, 240);
INSERT INTO ITEMPED VALUES (4369, 13, 4);
INSERT INTO ITEMPED VALUES (4369, 22, 262);
INSERT INTO ITEMPED VALUES (4369, 25, 182);
INSERT INTO ITEMPED VALUES (4369, 31, 199);
INSERT INTO ITEMPED VALUES (4369, 45, 11);
INSERT INTO ITEMPED VALUES (4369, 53, 208);
INSERT INTO PEDIDO VALUES (4370, 45, 260, 101);
INSERT INTO ITEMPED VALUES (4370, 77, 95);
INSERT INTO ITEMPED VALUES (4370, 78, 299);
INSERT INTO ITEMPED VALUES (4370, 13, 170);
INSERT INTO PEDIDO VALUES (4371, 10, 390, 310);
INSERT INTO ITEMPED VALUES (4371, 13, 251);
INSERT INTO ITEMPED VALUES (4371, 22, 10);
INSERT INTO ITEMPED VALUES (4371, 25, 234);
INSERT INTO ITEMPED VALUES (4371, 31, 271);
INSERT INTO ITEMPED VALUES (4371, 45, 77);
INSERT INTO PEDIDO VALUES (4372, 45, 260, 11);
INSERT INTO ITEMPED VALUES (4372, 22, 151);
INSERT INTO ITEMPED VALUES (4372, 25, 176);
INSERT INTO ITEMPED VALUES (4372, 31, 230);
INSERT INTO ITEMPED VALUES (4372, 45, 151);
INSERT INTO ITEMPED VALUES (4372, 53, 83);
INSERT INTO ITEMPED VALUES (4372, 77, 258);
INSERT INTO PEDIDO VALUES (4373, 60, 390, 240);
INSERT INTO ITEMPED VALUES (4373, 31, 222);
INSERT INTO ITEMPED VALUES (4373, 45, 155);
INSERT INTO ITEMPED VALUES (4373, 53, 103);
INSERT INTO PEDIDO VALUES (4374, 45, 20, 310);
INSERT INTO ITEMPED VALUES (4374, 77, 192);
INSERT INTO ITEMPED VALUES (4374, 78, 262);
INSERT INTO PEDIDO VALUES (4375, 20, 110, 209);
INSERT INTO ITEMPED VALUES (4375, 13, 51);
INSERT INTO ITEMPED VALUES (4375, 22, 101);
INSERT INTO ITEMPED VALUES (4375, 25, 140);
INSERT INTO ITEMPED VALUES (4375, 31, 5);
INSERT INTO ITEMPED VALUES (4375, 45, 214);
INSERT INTO PEDIDO VALUES (4376, 45, 180, 240);
INSERT INTO ITEMPED VALUES (4376, 45, 68);
INSERT INTO ITEMPED VALUES (4376, 53, 70);
INSERT INTO ITEMPED VALUES (4376, 77, 5);
INSERT INTO ITEMPED VALUES (4376, 78, 136);
INSERT INTO PEDIDO VALUES (4377, 20, 410, 101);
INSERT INTO ITEMPED VALUES (4377, 77, 258);
INSERT INTO PEDIDO VALUES (4378, 45, 180, 720);
INSERT INTO ITEMPED VALUES (4378, 13, 245);
INSERT INTO ITEMPED VALUES (4378, 22, 91);
INSERT INTO ITEMPED VALUES (4378, 25, 216);
INSERT INTO ITEMPED VALUES (4378, 31, 69);
INSERT INTO ITEMPED VALUES (4378, 45, 176);
INSERT INTO PEDIDO VALUES (4379, 20, 260, 310);
INSERT INTO ITEMPED VALUES (4379, 78, 64);
INSERT INTO PEDIDO VALUES (4380, 10, 180, 11);
INSERT INTO ITEMPED VALUES (4380, 25, 106);
INSERT INTO PEDIDO VALUES (4381, 45, 290, 240);
INSERT INTO ITEMPED VALUES (4381, 13, 76);
INSERT INTO PEDIDO VALUES (4382, 20, 20, 250);
INSERT INTO ITEMPED VALUES (4382, 22, 271);
INSERT INTO ITEMPED VALUES (4382, 25, 215);
INSERT INTO ITEMPED VALUES (4382, 31, 249);
INSERT INTO PEDIDO VALUES (4383, 45, 110, 240);
INSERT INTO ITEMPED VALUES (4383, 13, 165);
INSERT INTO ITEMPED VALUES (4383, 22, 239);
INSERT INTO ITEMPED VALUES (4383, 25, 46);
INSERT INTO PEDIDO VALUES (4384, 20, 290, 111);
INSERT INTO ITEMPED VALUES (4384, 45, 232);
INSERT INTO ITEMPED VALUES (4384, 53, 219);
INSERT INTO ITEMPED VALUES (4384, 77, 285);
INSERT INTO ITEMPED VALUES (4384, 78, 207);
INSERT INTO ITEMPED VALUES (4384, 13, 44);
INSERT INTO PEDIDO VALUES (4385, 30, 830, 11);
INSERT INTO ITEMPED VALUES (4385, 31, 119);
INSERT INTO ITEMPED VALUES (4385, 45, 78);
INSERT INTO ITEMPED VALUES (4385, 53, 165);
INSERT INTO ITEMPED VALUES (4385, 77, 83);
INSERT INTO ITEMPED VALUES (4385, 78, 201);
INSERT INTO PEDIDO VALUES (4386, 10, 290, 213);
INSERT INTO ITEMPED VALUES (4386, 77, 244);
INSERT INTO ITEMPED VALUES (4386, 78, 196);
INSERT INTO ITEMPED VALUES (4386, 13, 77);
INSERT INTO ITEMPED VALUES (4386, 22, 254);
INSERT INTO PEDIDO VALUES (4387, 60, 110, 720);
INSERT INTO ITEMPED VALUES (4387, 13, 11);
INSERT INTO ITEMPED VALUES (4387, 22, 279);
INSERT INTO PEDIDO VALUES (4388, 10, 830, 101);
INSERT INTO ITEMPED VALUES (4388, 78, 221);
INSERT INTO ITEMPED VALUES (4388, 13, 178);
INSERT INTO PEDIDO VALUES (4389, 60, 871, 11);
INSERT INTO ITEMPED VALUES (4389, 13, 81);
INSERT INTO ITEMPED VALUES (4389, 22, 14);
INSERT INTO ITEMPED VALUES (4389, 25, 142);
INSERT INTO ITEMPED VALUES (4389, 31, 216);
INSERT INTO ITEMPED VALUES (4389, 45, 225);
INSERT INTO PEDIDO VALUES (4390, 20, 390, 209);
INSERT INTO ITEMPED VALUES (4390, 78, 184);
INSERT INTO PEDIDO VALUES (4391, 60, 870, 111);
INSERT INTO ITEMPED VALUES (4391, 31, 88);
INSERT INTO ITEMPED VALUES (4391, 45, 55);
INSERT INTO ITEMPED VALUES (4391, 53, 174);
INSERT INTO PEDIDO VALUES (4392, 20, 871, 240);
INSERT INTO ITEMPED VALUES (4392, 13, 123);
INSERT INTO ITEMPED VALUES (4392, 22, 293);
INSERT INTO ITEMPED VALUES (4392, 25, 13);
INSERT INTO ITEMPED VALUES (4392, 31, 197);
INSERT INTO ITEMPED VALUES (4392, 45, 4);
INSERT INTO PEDIDO VALUES (4393, 45, 830, 720);
INSERT INTO ITEMPED VALUES (4393, 22, 64);
INSERT INTO PEDIDO VALUES (4394, 20, 871, 240);
INSERT INTO ITEMPED VALUES (4394, 53, 31);
INSERT INTO ITEMPED VALUES (4394, 77, 178);
INSERT INTO ITEMPED VALUES (4394, 78, 15);
INSERT INTO ITEMPED VALUES (4394, 13, 68);
INSERT INTO PEDIDO VALUES (4395, 30, 20, 209);
INSERT INTO ITEMPED VALUES (4395, 13, 210);
INSERT INTO ITEMPED VALUES (4395, 22, 265);
INSERT INTO ITEMPED VALUES (4395, 25, 264);
INSERT INTO ITEMPED VALUES (4395, 31, 268);
INSERT INTO PEDIDO VALUES (4396, 60, 871, 213);
INSERT INTO ITEMPED VALUES (4396, 25, 119);
INSERT INTO ITEMPED VALUES (4396, 31, 277);
INSERT INTO ITEMPED VALUES (4396, 45, 51);
INSERT INTO ITEMPED VALUES (4396, 53, 115);
INSERT INTO ITEMPED VALUES (4396, 77, 28);
INSERT INTO PEDIDO VALUES (4397, 20, 20, 240);
INSERT INTO ITEMPED VALUES (4397, 31, 170);
INSERT INTO ITEMPED VALUES (4397, 45, 292);
INSERT INTO ITEMPED VALUES (4397, 53, 294);
INSERT INTO ITEMPED VALUES (4397, 77, 182);
INSERT INTO ITEMPED VALUES (4397, 78, 188);
INSERT INTO PEDIDO VALUES (4398, 10, 110, 209);
INSERT INTO ITEMPED VALUES (4398, 77, 224);
INSERT INTO PEDIDO VALUES (4399, 20, 390, 11);
INSERT INTO ITEMPED VALUES (4399, 31, 299);
INSERT INTO PEDIDO VALUES (4400, 45, 180, 250);
INSERT INTO ITEMPED VALUES (4400, 13, 257);
INSERT INTO ITEMPED VALUES (4400, 22, 8);
INSERT INTO ITEMPED VALUES (4400, 25, 33);
INSERT INTO ITEMPED VALUES (4400, 31, 231);
INSERT INTO ITEMPED VALUES (4400, 45, 88);
INSERT INTO PEDIDO VALUES (4401, 30, 830, 111);
INSERT INTO ITEMPED VALUES (4401, 45, 61);
INSERT INTO ITEMPED VALUES (4401, 53, 130);
INSERT INTO PEDIDO VALUES (4402, 45, 180, 720);
INSERT INTO ITEMPED VALUES (4402, 53, 62);
INSERT INTO ITEMPED VALUES (4402, 77, 234);
INSERT INTO PEDIDO VALUES (4403, 20, 20, 11);
INSERT INTO ITEMPED VALUES (4403, 78, 229);
INSERT INTO ITEMPED VALUES (4403, 13, 26);
INSERT INTO ITEMPED VALUES (4403, 22, 253);
INSERT INTO ITEMPED VALUES (4403, 25, 12);
INSERT INTO PEDIDO VALUES (4404, 60, 390, 310);
INSERT INTO ITEMPED VALUES (4404, 77, 41);
INSERT INTO ITEMPED VALUES (4404, 78, 204);
INSERT INTO ITEMPED VALUES (4404, 13, 240);
INSERT INTO ITEMPED VALUES (4404, 22, 244);
INSERT INTO ITEMPED VALUES (4404, 25, 233);
INSERT INTO PEDIDO VALUES (4405, 30, 110, 209);
INSERT INTO ITEMPED VALUES (4405, 31, 46);
INSERT INTO ITEMPED VALUES (4405, 45, 203);
INSERT INTO ITEMPED VALUES (4405, 53, 97);
INSERT INTO ITEMPED VALUES (4405, 77, 80);
INSERT INTO ITEMPED VALUES (4405, 78, 237);
INSERT INTO ITEMPED VALUES (4405, 13, 36);
INSERT INTO PEDIDO VALUES (4406, 60, 720, 213);
INSERT INTO ITEMPED VALUES (4406, 45, 128);
INSERT INTO ITEMPED VALUES (4406, 53, 129);
INSERT INTO ITEMPED VALUES (4406, 77, 294);
INSERT INTO ITEMPED VALUES (4406, 78, 213);
INSERT INTO ITEMPED VALUES (4406, 13, 235);
INSERT INTO ITEMPED VALUES (4406, 22, 151);
INSERT INTO PEDIDO VALUES (4407, 30, 20, 240);
INSERT INTO ITEMPED VALUES (4407, 13, 221);
INSERT INTO ITEMPED VALUES (4407, 22, 214);
INSERT INTO ITEMPED VALUES (4407, 25, 200);
INSERT INTO ITEMPED VALUES (4407, 31, 205);
INSERT INTO ITEMPED VALUES (4407, 45, 294);
INSERT INTO ITEMPED VALUES (4407, 53, 139);
INSERT INTO PEDIDO VALUES (4408, 10, 390, 250);
INSERT INTO ITEMPED VALUES (4408, 78, 40);
INSERT INTO ITEMPED VALUES (4408, 13, 136);
INSERT INTO ITEMPED VALUES (4408, 22, 26);
INSERT INTO ITEMPED VALUES (4408, 25, 228);
INSERT INTO PEDIDO VALUES (4409, 60, 290, 209);
INSERT INTO ITEMPED VALUES (4409, 31, 83);
INSERT INTO ITEMPED VALUES (4409, 45, 188);
INSERT INTO PEDIDO VALUES (4410, 30, 871, 11);
INSERT INTO ITEMPED VALUES (4410, 45, 168);
INSERT INTO ITEMPED VALUES (4410, 53, 6);
INSERT INTO ITEMPED VALUES (4410, 77, 79);
INSERT INTO ITEMPED VALUES (4410, 78, 264);
INSERT INTO ITEMPED VALUES (4410, 13, 126);
INSERT INTO PEDIDO VALUES (4411, 10, 290, 101);
INSERT INTO ITEMPED VALUES (4411, 25, 97);
INSERT INTO ITEMPED VALUES (4411, 31, 253);
INSERT INTO ITEMPED VALUES (4411, 45, 296);
INSERT INTO PEDIDO VALUES (4412, 60, 871, 310);
INSERT INTO ITEMPED VALUES (4412, 77, 210);
INSERT INTO ITEMPED VALUES (4412, 78, 74);
INSERT INTO ITEMPED VALUES (4412, 13, 132);
INSERT INTO ITEMPED VALUES (4412, 22, 189);
INSERT INTO PEDIDO VALUES (4413, 20, 290, 101);
INSERT INTO ITEMPED VALUES (4413, 31, 286);
INSERT INTO PEDIDO VALUES (4414, 30, 260, 11);
INSERT INTO ITEMPED VALUES (4414, 53, 195);
INSERT INTO ITEMPED VALUES (4414, 77, 170);
INSERT INTO PEDIDO VALUES (4415, 60, 830, 111);
INSERT INTO ITEMPED VALUES (4415, 31, 9);
INSERT INTO ITEMPED VALUES (4415, 45, 130);
INSERT INTO ITEMPED VALUES (4415, 53, 76);
INSERT INTO ITEMPED VALUES (4415, 77, 113);
INSERT INTO ITEMPED VALUES (4415, 78, 298);
INSERT INTO ITEMPED VALUES (4415, 13, 103);
INSERT INTO PEDIDO VALUES (4416, 30, 871, 310);
INSERT INTO ITEMPED VALUES (4416, 53, 95);
INSERT INTO ITEMPED VALUES (4416, 77, 284);
INSERT INTO PEDIDO VALUES (4417, 60, 20, 213);
INSERT INTO ITEMPED VALUES (4417, 45, 252);
INSERT INTO ITEMPED VALUES (4417, 53, 23);
INSERT INTO ITEMPED VALUES (4417, 77, 275);
INSERT INTO ITEMPED VALUES (4417, 78, 294);
INSERT INTO ITEMPED VALUES (4417, 13, 270);
INSERT INTO PEDIDO VALUES (4418, 10, 720, 310);
INSERT INTO ITEMPED VALUES (4418, 77, 215);
INSERT INTO ITEMPED VALUES (4418, 78, 76);
INSERT INTO ITEMPED VALUES (4418, 13, 289);
INSERT INTO ITEMPED VALUES (4418, 22, 268);
INSERT INTO PEDIDO VALUES (4419, 20, 830, 101);
INSERT INTO ITEMPED VALUES (4419, 31, 246);
INSERT INTO ITEMPED VALUES (4419, 45, 278);
INSERT INTO ITEMPED VALUES (4419, 53, 284);
INSERT INTO ITEMPED VALUES (4419, 77, 206);
INSERT INTO ITEMPED VALUES (4419, 78, 59);
INSERT INTO ITEMPED VALUES (4419, 13, 184);
INSERT INTO PEDIDO VALUES (4420, 30, 390, 11);
INSERT INTO ITEMPED VALUES (4420, 45, 295);
INSERT INTO ITEMPED VALUES (4420, 53, 237);
INSERT INTO ITEMPED VALUES (4420, 77, 60);
INSERT INTO ITEMPED VALUES (4420, 78, 61);
INSERT INTO ITEMPED VALUES (4420, 13, 247);
INSERT INTO ITEMPED VALUES (4420, 22, 141);
INSERT INTO PEDIDO VALUES (4421, 45, 830, 720);
INSERT INTO ITEMPED VALUES (4421, 77, 9);
INSERT INTO ITEMPED VALUES (4421, 78, 135);
INSERT INTO ITEMPED VALUES (4421, 13, 32);
INSERT INTO ITEMPED VALUES (4421, 22, 125);
INSERT INTO ITEMPED VALUES (4421, 25, 102);
INSERT INTO PEDIDO VALUES (4422, 20, 110, 213);
INSERT INTO ITEMPED VALUES (4422, 22, 83);
INSERT INTO PEDIDO VALUES (4423, 45, 290, 101);
INSERT INTO ITEMPED VALUES (4423, 13, 113);
INSERT INTO ITEMPED VALUES (4423, 22, 7);
INSERT INTO ITEMPED VALUES (4423, 25, 142);
INSERT INTO ITEMPED VALUES (4423, 31, 141);
INSERT INTO ITEMPED VALUES (4423, 45, 7);
INSERT INTO ITEMPED VALUES (4423, 53, 234);
INSERT INTO PEDIDO VALUES (4424, 10, 180, 240);
INSERT INTO ITEMPED VALUES (4424, 78, 209);
INSERT INTO ITEMPED VALUES (4424, 13, 89);
INSERT INTO ITEMPED VALUES (4424, 22, 301);
INSERT INTO ITEMPED VALUES (4424, 25, 291);
INSERT INTO ITEMPED VALUES (4424, 31, 207);
INSERT INTO PEDIDO VALUES (4425, 45, 830, 111);
INSERT INTO ITEMPED VALUES (4425, 31, 155);
INSERT INTO ITEMPED VALUES (4425, 45, 37);
INSERT INTO ITEMPED VALUES (4425, 53, 229);
INSERT INTO ITEMPED VALUES (4425, 77, 238);
INSERT INTO ITEMPED VALUES (4425, 78, 44);
INSERT INTO ITEMPED VALUES (4425, 13, 122);
INSERT INTO PEDIDO VALUES (4426, 20, 871, 213);
INSERT INTO ITEMPED VALUES (4426, 25, 301);
INSERT INTO ITEMPED VALUES (4426, 31, 144);
INSERT INTO ITEMPED VALUES (4426, 45, 252);
INSERT INTO ITEMPED VALUES (4426, 53, 233);
INSERT INTO PEDIDO VALUES (4427, 10, 110, 240);
INSERT INTO ITEMPED VALUES (4427, 78, 157);
INSERT INTO ITEMPED VALUES (4427, 13, 44);
INSERT INTO ITEMPED VALUES (4427, 22, 46);
INSERT INTO ITEMPED VALUES (4427, 25, 46);
INSERT INTO PEDIDO VALUES (4428, 45, 870, 11);
INSERT INTO ITEMPED VALUES (4428, 22, 280);
INSERT INTO PEDIDO VALUES (4429, 60, 410, 111);
INSERT INTO ITEMPED VALUES (4429, 31, 50);
INSERT INTO ITEMPED VALUES (4429, 45, 139);
INSERT INTO ITEMPED VALUES (4429, 53, 39);
INSERT INTO ITEMPED VALUES (4429, 77, 295);
INSERT INTO ITEMPED VALUES (4429, 78, 301);
INSERT INTO PEDIDO VALUES (4430, 30, 290, 310);
INSERT INTO ITEMPED VALUES (4430, 78, 33);
INSERT INTO ITEMPED VALUES (4430, 13, 232);
INSERT INTO ITEMPED VALUES (4430, 22, 79);
INSERT INTO ITEMPED VALUES (4430, 25, 154);
INSERT INTO PEDIDO VALUES (4431, 60, 390, 11);
INSERT INTO ITEMPED VALUES (4431, 22, 210);
INSERT INTO PEDIDO VALUES (4432, 20, 110, 310);
INSERT INTO ITEMPED VALUES (4432, 25, 3);
INSERT INTO ITEMPED VALUES (4432, 31, 221);
INSERT INTO ITEMPED VALUES (4432, 45, 100);
INSERT INTO ITEMPED VALUES (4432, 53, 280);
INSERT INTO ITEMPED VALUES (4432, 77, 269);
INSERT INTO PEDIDO VALUES (4433, 45, 830, 250);
INSERT INTO ITEMPED VALUES (4433, 31, 176);
INSERT INTO ITEMPED VALUES (4433, 45, 269);
INSERT INTO ITEMPED VALUES (4433, 53, 200);
INSERT INTO ITEMPED VALUES (4433, 77, 18);
INSERT INTO PEDIDO VALUES (4434, 30, 390, 101);
INSERT INTO ITEMPED VALUES (4434, 13, 278);
INSERT INTO ITEMPED VALUES (4434, 22, 142);
INSERT INTO ITEMPED VALUES (4434, 25, 149);
INSERT INTO ITEMPED VALUES (4434, 31, 3);
INSERT INTO PEDIDO VALUES (4435, 60, 720, 720);
INSERT INTO ITEMPED VALUES (4435, 22, 83);
INSERT INTO ITEMPED VALUES (4435, 25, 294);
INSERT INTO ITEMPED VALUES (4435, 31, 277);
INSERT INTO ITEMPED VALUES (4435, 45, 197);
INSERT INTO ITEMPED VALUES (4435, 53, 270);
INSERT INTO ITEMPED VALUES (4435, 77, 140);
INSERT INTO PEDIDO VALUES (4436, 20, 110, 101);
INSERT INTO ITEMPED VALUES (4436, 45, 264);
INSERT INTO PEDIDO VALUES (4437, 30, 290, 310);
INSERT INTO ITEMPED VALUES (4437, 78, 91);
INSERT INTO ITEMPED VALUES (4437, 13, 33);
INSERT INTO PEDIDO VALUES (4438, 45, 830, 240);
INSERT INTO ITEMPED VALUES (4438, 22, 275);
INSERT INTO ITEMPED VALUES (4438, 25, 193);
INSERT INTO ITEMPED VALUES (4438, 31, 196);
INSERT INTO ITEMPED VALUES (4438, 45, 151);
INSERT INTO ITEMPED VALUES (4438, 53, 77);
INSERT INTO PEDIDO VALUES (4439, 60, 870, 111);
INSERT INTO ITEMPED VALUES (4439, 13, 250);
INSERT INTO ITEMPED VALUES (4439, 22, 78);
INSERT INTO ITEMPED VALUES (4439, 25, 185);
INSERT INTO PEDIDO VALUES (4440, 30, 871, 209);
INSERT INTO ITEMPED VALUES (4440, 22, 288);
INSERT INTO ITEMPED VALUES (4440, 25, 99);
INSERT INTO ITEMPED VALUES (4440, 31, 232);
INSERT INTO ITEMPED VALUES (4440, 45, 259);
INSERT INTO PEDIDO VALUES (4441, 45, 720, 111);
INSERT INTO ITEMPED VALUES (4441, 13, 138);
INSERT INTO ITEMPED VALUES (4441, 22, 197);
INSERT INTO ITEMPED VALUES (4441, 25, 271);
INSERT INTO ITEMPED VALUES (4441, 31, 86);
INSERT INTO PEDIDO VALUES (4442, 60, 180, 250);
INSERT INTO ITEMPED VALUES (4442, 45, 149);
INSERT INTO ITEMPED VALUES (4442, 53, 121);
INSERT INTO ITEMPED VALUES (4442, 77, 41);
INSERT INTO PEDIDO VALUES (4443, 10, 260, 209);
INSERT INTO ITEMPED VALUES (4443, 78, 177);
INSERT INTO ITEMPED VALUES (4443, 13, 149);
INSERT INTO PEDIDO VALUES (4444, 30, 410, 720);
INSERT INTO ITEMPED VALUES (4444, 31, 252);
INSERT INTO ITEMPED VALUES (4444, 45, 63);
INSERT INTO ITEMPED VALUES (4444, 53, 210);
INSERT INTO ITEMPED VALUES (4444, 77, 171);
INSERT INTO PEDIDO VALUES (4445, 60, 720, 11);
INSERT INTO ITEMPED VALUES (4445, 45, 29);
INSERT INTO ITEMPED VALUES (4445, 53, 159);
INSERT INTO ITEMPED VALUES (4445, 77, 201);
INSERT INTO ITEMPED VALUES (4445, 78, 76);
INSERT INTO ITEMPED VALUES (4445, 13, 22);
INSERT INTO ITEMPED VALUES (4445, 22, 137);
INSERT INTO PEDIDO VALUES (4446, 45, 110, 209);
INSERT INTO ITEMPED VALUES (4446, 13, 251);
INSERT INTO ITEMPED VALUES (4446, 22, 116);
INSERT INTO ITEMPED VALUES (4446, 25, 250);
INSERT INTO PEDIDO VALUES (4447, 60, 260, 310);
INSERT INTO ITEMPED VALUES (4447, 25, 234);
INSERT INTO ITEMPED VALUES (4447, 31, 8);
INSERT INTO ITEMPED VALUES (4447, 45, 80);
INSERT INTO ITEMPED VALUES (4447, 53, 150);
INSERT INTO ITEMPED VALUES (4447, 77, 103);
INSERT INTO ITEMPED VALUES (4447, 78, 59);
INSERT INTO PEDIDO VALUES (4448, 10, 410, 111);
INSERT INTO ITEMPED VALUES (4448, 13, 137);
INSERT INTO ITEMPED VALUES (4448, 22, 22);
INSERT INTO ITEMPED VALUES (4448, 25, 101);
INSERT INTO ITEMPED VALUES (4448, 31, 169);
INSERT INTO ITEMPED VALUES (4448, 45, 241);
INSERT INTO ITEMPED VALUES (4448, 53, 223);
INSERT INTO PEDIDO VALUES (4449, 20, 20, 213);
INSERT INTO ITEMPED VALUES (4449, 31, 109);
INSERT INTO ITEMPED VALUES (4449, 45, 267);
INSERT INTO ITEMPED VALUES (4449, 53, 180);
INSERT INTO PEDIDO VALUES (4450, 45, 871, 250);
INSERT INTO ITEMPED VALUES (4450, 77, 64);
INSERT INTO ITEMPED VALUES (4450, 78, 195);
INSERT INTO ITEMPED VALUES (4450, 13, 59);
INSERT INTO ITEMPED VALUES (4450, 22, 136);
INSERT INTO ITEMPED VALUES (4450, 25, 296);
INSERT INTO ITEMPED VALUES (4450, 31, 170);
INSERT INTO PEDIDO VALUES (4451, 60, 720, 240);
INSERT INTO ITEMPED VALUES (4451, 45, 267);
INSERT INTO ITEMPED VALUES (4451, 53, 33);
INSERT INTO ITEMPED VALUES (4451, 77, 104);
INSERT INTO PEDIDO VALUES (4452, 30, 20, 11);
INSERT INTO ITEMPED VALUES (4452, 25, 68);
INSERT INTO ITEMPED VALUES (4452, 31, 234);
INSERT INTO ITEMPED VALUES (4452, 45, 217);
INSERT INTO PEDIDO VALUES (4453, 60, 290, 101);
INSERT INTO ITEMPED VALUES (4453, 31, 127);
INSERT INTO PEDIDO VALUES (4454, 20, 20, 240);
INSERT INTO ITEMPED VALUES (4454, 53, 111);
INSERT INTO ITEMPED VALUES (4454, 77, 201);
INSERT INTO ITEMPED VALUES (4454, 78, 301);
INSERT INTO PEDIDO VALUES (4455, 60, 410, 111);
INSERT INTO ITEMPED VALUES (4455, 25, 38);
INSERT INTO ITEMPED VALUES (4455, 31, 256);
INSERT INTO ITEMPED VALUES (4455, 45, 169);
INSERT INTO ITEMPED VALUES (4455, 53, 97);
INSERT INTO ITEMPED VALUES (4455, 77, 162);
INSERT INTO PEDIDO VALUES (4456, 30, 871, 209);
INSERT INTO ITEMPED VALUES (4456, 78, 212);
INSERT INTO ITEMPED VALUES (4456, 13, 24);
INSERT INTO ITEMPED VALUES (4456, 22, 193);
INSERT INTO ITEMPED VALUES (4456, 25, 68);
INSERT INTO ITEMPED VALUES (4456, 31, 117);
INSERT INTO PEDIDO VALUES (4457, 60, 180, 240);
INSERT INTO ITEMPED VALUES (4457, 53, 260);
INSERT INTO ITEMPED VALUES (4457, 77, 204);
INSERT INTO ITEMPED VALUES (4457, 78, 204);
INSERT INTO ITEMPED VALUES (4457, 13, 54);
INSERT INTO ITEMPED VALUES (4457, 22, 211);
INSERT INTO ITEMPED VALUES (4457, 25, 85);
INSERT INTO PEDIDO VALUES (4458, 10, 260, 101);
INSERT INTO ITEMPED VALUES (4458, 22, 244);
INSERT INTO PEDIDO VALUES (4459, 30, 180, 310);
INSERT INTO ITEMPED VALUES (4459, 53, 233);
INSERT INTO ITEMPED VALUES (4459, 77, 163);
INSERT INTO PEDIDO VALUES (4460, 60, 830, 720);
INSERT INTO ITEMPED VALUES (4460, 22, 269);
INSERT INTO PEDIDO VALUES (4461, 20, 720, 11);
INSERT INTO ITEMPED VALUES (4461, 45, 171);
INSERT INTO PEDIDO VALUES (4462, 60, 110, 720);
INSERT INTO ITEMPED VALUES (4462, 31, 109);
INSERT INTO PEDIDO VALUES (4463, 10, 260, 240);
INSERT INTO ITEMPED VALUES (4463, 13, 102);
INSERT INTO PEDIDO VALUES (4464, 45, 870, 250);
INSERT INTO ITEMPED VALUES (4464, 22, 113);
INSERT INTO ITEMPED VALUES (4464, 25, 172);
INSERT INTO PEDIDO VALUES (4465, 10, 830, 720);
INSERT INTO ITEMPED VALUES (4465, 31, 217);
INSERT INTO ITEMPED VALUES (4465, 45, 81);
INSERT INTO ITEMPED VALUES (4465, 53, 153);
INSERT INTO ITEMPED VALUES (4465, 77, 61);
INSERT INTO PEDIDO VALUES (4466, 30, 871, 213);
INSERT INTO ITEMPED VALUES (4466, 25, 119);
INSERT INTO PEDIDO VALUES (4467, 10, 830, 111);
INSERT INTO ITEMPED VALUES (4467, 22, 103);
INSERT INTO ITEMPED VALUES (4467, 25, 186);
INSERT INTO ITEMPED VALUES (4467, 31, 301);
INSERT INTO ITEMPED VALUES (4467, 45, 46);
INSERT INTO ITEMPED VALUES (4467, 53, 197);
INSERT INTO ITEMPED VALUES (4467, 77, 49);
INSERT INTO PEDIDO VALUES (4468, 45, 260, 240);
INSERT INTO ITEMPED VALUES (4468, 31, 5);
INSERT INTO ITEMPED VALUES (4468, 45, 272);
INSERT INTO ITEMPED VALUES (4468, 53, 165);
INSERT INTO ITEMPED VALUES (4468, 77, 208);
INSERT INTO PEDIDO VALUES (4469, 30, 410, 111);
INSERT INTO ITEMPED VALUES (4469, 77, 87);
INSERT INTO ITEMPED VALUES (4469, 78, 101);
INSERT INTO ITEMPED VALUES (4469, 13, 68);
INSERT INTO ITEMPED VALUES (4469, 22, 203);
INSERT INTO ITEMPED VALUES (4469, 25, 264);
INSERT INTO PEDIDO VALUES (4470, 20, 870, 720);
INSERT INTO ITEMPED VALUES (4470, 78, 33);
INSERT INTO PEDIDO VALUES (4471, 60, 20, 240);
INSERT INTO ITEMPED VALUES (4471, 13, 53);
INSERT INTO ITEMPED VALUES (4471, 22, 158);
INSERT INTO ITEMPED VALUES (4471, 25, 121);
INSERT INTO ITEMPED VALUES (4471, 31, 253);
INSERT INTO ITEMPED VALUES (4471, 45, 288);
INSERT INTO PEDIDO VALUES (4472, 30, 410, 101);
INSERT INTO ITEMPED VALUES (4472, 53, 119);
INSERT INTO ITEMPED VALUES (4472, 77, 213);
INSERT INTO ITEMPED VALUES (4472, 78, 14);
INSERT INTO ITEMPED VALUES (4472, 13, 64);
INSERT INTO ITEMPED VALUES (4472, 22, 169);
INSERT INTO PEDIDO VALUES (4473, 60, 720, 209);
INSERT INTO ITEMPED VALUES (4473, 25, 178);
INSERT INTO ITEMPED VALUES (4473, 31, 10);
INSERT INTO ITEMPED VALUES (4473, 45, 199);
INSERT INTO ITEMPED VALUES (4473, 53, 260);
INSERT INTO PEDIDO VALUES (4474, 45, 110, 720);
INSERT INTO ITEMPED VALUES (4474, 78, 18);
INSERT INTO ITEMPED VALUES (4474, 13, 282);
INSERT INTO ITEMPED VALUES (4474, 22, 137);
INSERT INTO ITEMPED VALUES (4474, 25, 49);
INSERT INTO ITEMPED VALUES (4474, 31, 168);
INSERT INTO PEDIDO VALUES (4475, 30, 290, 101);
INSERT INTO ITEMPED VALUES (4475, 13, 216);
INSERT INTO ITEMPED VALUES (4475, 22, 183);
INSERT INTO ITEMPED VALUES (4475, 25, 97);
INSERT INTO ITEMPED VALUES (4475, 31, 33);
INSERT INTO PEDIDO VALUES (4476, 45, 720, 209);
INSERT INTO ITEMPED VALUES (4476, 45, 217);
INSERT INTO ITEMPED VALUES (4476, 53, 229);
INSERT INTO ITEMPED VALUES (4476, 77, 4);
INSERT INTO ITEMPED VALUES (4476, 78, 16);
INSERT INTO ITEMPED VALUES (4476, 13, 147);
INSERT INTO ITEMPED VALUES (4476, 22, 222);
INSERT INTO PEDIDO VALUES (4477, 60, 390, 11);
INSERT INTO ITEMPED VALUES (4477, 77, 162);
INSERT INTO ITEMPED VALUES (4477, 78, 211);
INSERT INTO ITEMPED VALUES (4477, 13, 271);
INSERT INTO PEDIDO VALUES (4478, 45, 180, 209);
INSERT INTO ITEMPED VALUES (4478, 31, 180);
INSERT INTO ITEMPED VALUES (4478, 45, 77);
INSERT INTO ITEMPED VALUES (4478, 53, 118);
INSERT INTO PEDIDO VALUES (4479, 60, 830, 250);
INSERT INTO ITEMPED VALUES (4479, 78, 9);
INSERT INTO ITEMPED VALUES (4479, 13, 3);
INSERT INTO ITEMPED VALUES (4479, 22, 22);
INSERT INTO ITEMPED VALUES (4479, 25, 174);
INSERT INTO ITEMPED VALUES (4479, 31, 61);
INSERT INTO PEDIDO VALUES (4480, 30, 870, 310);
INSERT INTO ITEMPED VALUES (4480, 25, 295);
INSERT INTO ITEMPED VALUES (4480, 31, 290);
INSERT INTO ITEMPED VALUES (4480, 45, 244);
INSERT INTO PEDIDO VALUES (4481, 60, 410, 240);
INSERT INTO ITEMPED VALUES (4481, 13, 40);
INSERT INTO ITEMPED VALUES (4481, 22, 104);
INSERT INTO ITEMPED VALUES (4481, 25, 137);
INSERT INTO ITEMPED VALUES (4481, 31, 14);
INSERT INTO ITEMPED VALUES (4481, 45, 214);
INSERT INTO ITEMPED VALUES (4481, 53, 252);
INSERT INTO PEDIDO VALUES (4482, 20, 20, 310);
INSERT INTO ITEMPED VALUES (4482, 53, 138);
INSERT INTO ITEMPED VALUES (4482, 77, 300);
INSERT INTO ITEMPED VALUES (4482, 78, 24);
INSERT INTO ITEMPED VALUES (4482, 13, 51);
INSERT INTO PEDIDO VALUES (4483, 30, 871, 111);
INSERT INTO ITEMPED VALUES (4483, 78, 223);
INSERT INTO PEDIDO VALUES (4484, 45, 20, 213);
INSERT INTO ITEMPED VALUES (4484, 31, 215);
INSERT INTO ITEMPED VALUES (4484, 45, 62);
INSERT INTO ITEMPED VALUES (4484, 53, 236);
INSERT INTO ITEMPED VALUES (4484, 77, 241);
INSERT INTO PEDIDO VALUES (4485, 60, 871, 240);
INSERT INTO ITEMPED VALUES (4485, 25, 196);
INSERT INTO ITEMPED VALUES (4485, 31, 20);
INSERT INTO ITEMPED VALUES (4485, 45, 144);
INSERT INTO ITEMPED VALUES (4485, 53, 208);
INSERT INTO ITEMPED VALUES (4485, 77, 252);
INSERT INTO ITEMPED VALUES (4485, 78, 219);
INSERT INTO PEDIDO VALUES (4486, 20, 290, 310);
INSERT INTO ITEMPED VALUES (4486, 13, 30);
INSERT INTO ITEMPED VALUES (4486, 22, 296);
INSERT INTO PEDIDO VALUES (4487, 30, 260, 11);
INSERT INTO ITEMPED VALUES (4487, 25, 243);
INSERT INTO ITEMPED VALUES (4487, 31, 272);
INSERT INTO ITEMPED VALUES (4487, 45, 143);
INSERT INTO ITEMPED VALUES (4487, 53, 207);
INSERT INTO ITEMPED VALUES (4487, 77, 170);
INSERT INTO ITEMPED VALUES (4487, 78, 121);
INSERT INTO PEDIDO VALUES (4488, 20, 20, 250);
INSERT INTO ITEMPED VALUES (4488, 22, 158);
INSERT INTO ITEMPED VALUES (4488, 25, 110);
INSERT INTO ITEMPED VALUES (4488, 31, 16);
INSERT INTO ITEMPED VALUES (4488, 45, 269);
INSERT INTO ITEMPED VALUES (4488, 53, 89);
INSERT INTO ITEMPED VALUES (4488, 77, 103);
INSERT INTO PEDIDO VALUES (4489, 30, 110, 213);
INSERT INTO ITEMPED VALUES (4489, 53, 54);
INSERT INTO ITEMPED VALUES (4489, 77, 14);
INSERT INTO PEDIDO VALUES (4490, 10, 410, 111);
INSERT INTO ITEMPED VALUES (4490, 31, 17);
INSERT INTO ITEMPED VALUES (4490, 45, 178);
INSERT INTO ITEMPED VALUES (4490, 53, 94);
INSERT INTO ITEMPED VALUES (4490, 77, 29);
INSERT INTO ITEMPED VALUES (4490, 78, 154);
INSERT INTO PEDIDO VALUES (4491, 45, 720, 213);
INSERT INTO ITEMPED VALUES (4491, 22, 259);
INSERT INTO ITEMPED VALUES (4491, 25, 124);
INSERT INTO ITEMPED VALUES (4491, 31, 3);
INSERT INTO ITEMPED VALUES (4491, 45, 138);
INSERT INTO ITEMPED VALUES (4491, 53, 217);
INSERT INTO ITEMPED VALUES (4491, 77, 12);
INSERT INTO PEDIDO VALUES (4492, 20, 20, 209);
INSERT INTO ITEMPED VALUES (4492, 53, 65);
INSERT INTO ITEMPED VALUES (4492, 77, 290);
INSERT INTO ITEMPED VALUES (4492, 78, 286);
INSERT INTO PEDIDO VALUES (4493, 30, 871, 213);
INSERT INTO ITEMPED VALUES (4493, 77, 121);
INSERT INTO ITEMPED VALUES (4493, 78, 40);
INSERT INTO ITEMPED VALUES (4493, 13, 271);
INSERT INTO ITEMPED VALUES (4493, 22, 222);
INSERT INTO PEDIDO VALUES (4494, 45, 180, 310);
INSERT INTO ITEMPED VALUES (4494, 13, 183);
INSERT INTO ITEMPED VALUES (4494, 22, 268);
INSERT INTO ITEMPED VALUES (4494, 25, 128);
INSERT INTO ITEMPED VALUES (4494, 31, 180);
INSERT INTO ITEMPED VALUES (4494, 45, 207);
INSERT INTO ITEMPED VALUES (4494, 53, 3);
INSERT INTO PEDIDO VALUES (4495, 60, 290, 250);
INSERT INTO ITEMPED VALUES (4495, 22, 114);
INSERT INTO PEDIDO VALUES (4496, 45, 180, 111);
INSERT INTO ITEMPED VALUES (4496, 31, 19);
INSERT INTO ITEMPED VALUES (4496, 45, 160);
INSERT INTO ITEMPED VALUES (4496, 53, 210);
INSERT INTO ITEMPED VALUES (4496, 77, 280);
INSERT INTO ITEMPED VALUES (4496, 78, 65);
INSERT INTO PEDIDO VALUES (4497, 10, 20, 240);
INSERT INTO ITEMPED VALUES (4497, 78, 26);
INSERT INTO ITEMPED VALUES (4497, 13, 276);
INSERT INTO ITEMPED VALUES (4497, 22, 159);
INSERT INTO ITEMPED VALUES (4497, 25, 12);
INSERT INTO ITEMPED VALUES (4497, 31, 296);
INSERT INTO PEDIDO VALUES (4498, 20, 830, 11);
INSERT INTO ITEMPED VALUES (4498, 45, 205);
INSERT INTO ITEMPED VALUES (4498, 53, 44);
INSERT INTO ITEMPED VALUES (4498, 77, 122);
INSERT INTO ITEMPED VALUES (4498, 78, 122);
INSERT INTO ITEMPED VALUES (4498, 13, 293);
INSERT INTO PEDIDO VALUES (4499, 60, 720, 213);
INSERT INTO ITEMPED VALUES (4499, 25, 263);
INSERT INTO ITEMPED VALUES (4499, 31, 295);
INSERT INTO PEDIDO VALUES (4500, 45, 260, 720);
INSERT INTO ITEMPED VALUES (4500, 22, 129);
INSERT INTO ITEMPED VALUES (4500, 25, 298);
INSERT INTO ITEMPED VALUES (4500, 31, 292);
INSERT INTO ITEMPED VALUES (4500, 45, 105);
INSERT INTO ITEMPED VALUES (4500, 53, 290);
INSERT INTO ITEMPED VALUES (4500, 77, 22);
INSERT INTO PEDIDO VALUES (4501, 60, 830, 209);
INSERT INTO ITEMPED VALUES (4501, 53, 169);
INSERT INTO ITEMPED VALUES (4501, 77, 267);
INSERT INTO ITEMPED VALUES (4501, 78, 301);
INSERT INTO PEDIDO VALUES (4502, 10, 871, 250);
INSERT INTO ITEMPED VALUES (4502, 78, 6);
INSERT INTO ITEMPED VALUES (4502, 13, 19);
INSERT INTO ITEMPED VALUES (4502, 22, 215);
INSERT INTO ITEMPED VALUES (4502, 25, 291);
INSERT INTO ITEMPED VALUES (4502, 31, 245);
INSERT INTO ITEMPED VALUES (4502, 45, 156);
INSERT INTO PEDIDO VALUES (4503, 60, 830, 213);
INSERT INTO ITEMPED VALUES (4503, 13, 186);
INSERT INTO ITEMPED VALUES (4503, 22, 218);
INSERT INTO ITEMPED VALUES (4503, 25, 111);
INSERT INTO ITEMPED VALUES (4503, 31, 263);
INSERT INTO ITEMPED VALUES (4503, 45, 227);
INSERT INTO PEDIDO VALUES (4504, 45, 180, 111);
INSERT INTO ITEMPED VALUES (4504, 77, 140);
INSERT INTO ITEMPED VALUES (4504, 78, 289);
INSERT INTO PEDIDO VALUES (4505, 30, 260, 240);
INSERT INTO ITEMPED VALUES (4505, 31, 195);
INSERT INTO ITEMPED VALUES (4505, 45, 77);
INSERT INTO PEDIDO VALUES (4506, 45, 110, 101);
INSERT INTO ITEMPED VALUES (4506, 25, 30);
INSERT INTO PEDIDO VALUES (4507, 20, 410, 310);
INSERT INTO ITEMPED VALUES (4507, 53, 74);
INSERT INTO ITEMPED VALUES (4507, 77, 180);
INSERT INTO ITEMPED VALUES (4507, 78, 286);
INSERT INTO ITEMPED VALUES (4507, 13, 251);
INSERT INTO PEDIDO VALUES (4508, 45, 20, 250);
INSERT INTO ITEMPED VALUES (4508, 31, 150);
INSERT INTO ITEMPED VALUES (4508, 45, 66);
INSERT INTO ITEMPED VALUES (4508, 53, 286);
INSERT INTO ITEMPED VALUES (4508, 77, 287);
INSERT INTO ITEMPED VALUES (4508, 78, 96);
INSERT INTO PEDIDO VALUES (4509, 10, 260, 310);
INSERT INTO ITEMPED VALUES (4509, 78, 236);
INSERT INTO ITEMPED VALUES (4509, 13, 18);
INSERT INTO ITEMPED VALUES (4509, 22, 207);
INSERT INTO PEDIDO VALUES (4510, 60, 830, 11);
INSERT INTO ITEMPED VALUES (4510, 77, 57);
INSERT INTO PEDIDO VALUES (4511, 10, 410, 101);
INSERT INTO ITEMPED VALUES (4511, 13, 107);
INSERT INTO ITEMPED VALUES (4511, 22, 299);
INSERT INTO ITEMPED VALUES (4511, 25, 97);
INSERT INTO ITEMPED VALUES (4511, 31, 29);
INSERT INTO PEDIDO VALUES (4512, 60, 260, 111);
INSERT INTO ITEMPED VALUES (4512, 45, 64);
INSERT INTO ITEMPED VALUES (4512, 53, 73);
INSERT INTO ITEMPED VALUES (4512, 77, 287);
INSERT INTO ITEMPED VALUES (4512, 78, 67);
INSERT INTO ITEMPED VALUES (4512, 13, 163);
INSERT INTO ITEMPED VALUES (4512, 22, 217);
INSERT INTO PEDIDO VALUES (4513, 45, 20, 720);
INSERT INTO ITEMPED VALUES (4513, 13, 150);
INSERT INTO ITEMPED VALUES (4513, 22, 211);
INSERT INTO ITEMPED VALUES (4513, 25, 137);
INSERT INTO ITEMPED VALUES (4513, 31, 231);
INSERT INTO PEDIDO VALUES (4514, 20, 290, 250);
INSERT INTO ITEMPED VALUES (4514, 45, 215);
INSERT INTO ITEMPED VALUES (4514, 53, 31);
INSERT INTO ITEMPED VALUES (4514, 77, 161);
INSERT INTO ITEMPED VALUES (4514, 78, 109);
INSERT INTO ITEMPED VALUES (4514, 13, 256);
INSERT INTO ITEMPED VALUES (4514, 22, 36);
INSERT INTO PEDIDO VALUES (4515, 60, 871, 240);
INSERT INTO ITEMPED VALUES (4515, 77, 45);
INSERT INTO ITEMPED VALUES (4515, 78, 48);
INSERT INTO ITEMPED VALUES (4515, 13, 94);
INSERT INTO PEDIDO VALUES (4516, 20, 110, 11);
INSERT INTO ITEMPED VALUES (4516, 53, 213);
INSERT INTO PEDIDO VALUES (4517, 30, 410, 111);
INSERT INTO ITEMPED VALUES (4517, 45, 157);
INSERT INTO ITEMPED VALUES (4517, 53, 65);
INSERT INTO ITEMPED VALUES (4517, 77, 299);
INSERT INTO ITEMPED VALUES (4517, 78, 143);
INSERT INTO ITEMPED VALUES (4517, 13, 216);
INSERT INTO PEDIDO VALUES (4518, 20, 110, 310);
INSERT INTO ITEMPED VALUES (4518, 78, 81);
INSERT INTO ITEMPED VALUES (4518, 13, 25);
INSERT INTO ITEMPED VALUES (4518, 22, 30);
INSERT INTO ITEMPED VALUES (4518, 25, 84);
INSERT INTO ITEMPED VALUES (4518, 31, 53);
INSERT INTO PEDIDO VALUES (4519, 30, 390, 720);
INSERT INTO ITEMPED VALUES (4519, 25, 275);
INSERT INTO ITEMPED VALUES (4519, 31, 190);
INSERT INTO ITEMPED VALUES (4519, 45, 38);
INSERT INTO ITEMPED VALUES (4519, 53, 23);
INSERT INTO ITEMPED VALUES (4519, 77, 208);
INSERT INTO ITEMPED VALUES (4519, 78, 125);
INSERT INTO PEDIDO VALUES (4520, 20, 110, 310);
INSERT INTO ITEMPED VALUES (4520, 53, 115);
INSERT INTO ITEMPED VALUES (4520, 77, 262);
INSERT INTO ITEMPED VALUES (4520, 78, 280);
INSERT INTO PEDIDO VALUES (4521, 45, 720, 720);
INSERT INTO ITEMPED VALUES (4521, 22, 300);
INSERT INTO ITEMPED VALUES (4521, 25, 188);
INSERT INTO PEDIDO VALUES (4522, 30, 290, 209);
INSERT INTO ITEMPED VALUES (4522, 78, 185);
INSERT INTO ITEMPED VALUES (4522, 13, 234);
INSERT INTO ITEMPED VALUES (4522, 22, 118);
INSERT INTO ITEMPED VALUES (4522, 25, 167);
INSERT INTO ITEMPED VALUES (4522, 31, 146);
INSERT INTO PEDIDO VALUES (4523, 10, 390, 111);
INSERT INTO ITEMPED VALUES (4523, 45, 269);
INSERT INTO ITEMPED VALUES (4523, 53, 236);
INSERT INTO ITEMPED VALUES (4523, 77, 178);
INSERT INTO ITEMPED VALUES (4523, 78, 190);
INSERT INTO ITEMPED VALUES (4523, 13, 265);
INSERT INTO PEDIDO VALUES (4524, 20, 870, 11);
INSERT INTO ITEMPED VALUES (4524, 13, 16);
INSERT INTO ITEMPED VALUES (4524, 22, 74);
INSERT INTO PEDIDO VALUES (4525, 10, 410, 213);
INSERT INTO ITEMPED VALUES (4525, 45, 155);
INSERT INTO PEDIDO VALUES (4526, 30, 20, 310);
INSERT INTO ITEMPED VALUES (4526, 78, 300);
INSERT INTO ITEMPED VALUES (4526, 13, 97);
INSERT INTO ITEMPED VALUES (4526, 22, 67);
INSERT INTO ITEMPED VALUES (4526, 25, 206);
INSERT INTO ITEMPED VALUES (4526, 31, 73);
INSERT INTO PEDIDO VALUES (4527, 20, 110, 11);
INSERT INTO ITEMPED VALUES (4527, 13, 258);
INSERT INTO PEDIDO VALUES (4528, 10, 410, 310);
INSERT INTO ITEMPED VALUES (4528, 45, 69);
INSERT INTO PEDIDO VALUES (4529, 60, 830, 250);
INSERT INTO ITEMPED VALUES (4529, 22, 130);
INSERT INTO ITEMPED VALUES (4529, 25, 186);
INSERT INTO PEDIDO VALUES (4530, 10, 410, 240);
INSERT INTO ITEMPED VALUES (4530, 77, 120);
INSERT INTO ITEMPED VALUES (4530, 78, 198);
INSERT INTO ITEMPED VALUES (4530, 13, 212);
INSERT INTO PEDIDO VALUES (4531, 20, 180, 11);
INSERT INTO ITEMPED VALUES (4531, 13, 288);
INSERT INTO PEDIDO VALUES (4532, 10, 871, 720);
INSERT INTO ITEMPED VALUES (4532, 25, 230);
INSERT INTO PEDIDO VALUES (4533, 30, 870, 209);
INSERT INTO ITEMPED VALUES (4533, 13, 76);
INSERT INTO ITEMPED VALUES (4533, 22, 101);
INSERT INTO ITEMPED VALUES (4533, 25, 295);
INSERT INTO PEDIDO VALUES (4534, 20, 871, 213);
INSERT INTO ITEMPED VALUES (4534, 45, 162);
INSERT INTO ITEMPED VALUES (4534, 53, 75);
INSERT INTO ITEMPED VALUES (4534, 77, 255);
INSERT INTO PEDIDO VALUES (4535, 45, 110, 11);
INSERT INTO ITEMPED VALUES (4535, 22, 261);
INSERT INTO ITEMPED VALUES (4535, 25, 79);
INSERT INTO ITEMPED VALUES (4535, 31, 174);
INSERT INTO PEDIDO VALUES (4536, 10, 871, 213);
INSERT INTO ITEMPED VALUES (4536, 45, 176);
INSERT INTO PEDIDO VALUES (4537, 60, 390, 209);
INSERT INTO ITEMPED VALUES (4537, 78, 130);
INSERT INTO ITEMPED VALUES (4537, 13, 289);
INSERT INTO ITEMPED VALUES (4537, 22, 217);
INSERT INTO ITEMPED VALUES (4537, 25, 8);
INSERT INTO PEDIDO VALUES (4538, 20, 20, 240);
INSERT INTO ITEMPED VALUES (4538, 25, 153);
INSERT INTO ITEMPED VALUES (4538, 31, 72);
INSERT INTO PEDIDO VALUES (4539, 45, 390, 11);
INSERT INTO ITEMPED VALUES (4539, 22, 4);
INSERT INTO ITEMPED VALUES (4539, 25, 22);
INSERT INTO ITEMPED VALUES (4539, 31, 151);
INSERT INTO ITEMPED VALUES (4539, 45, 226);
INSERT INTO ITEMPED VALUES (4539, 53, 241);
INSERT INTO ITEMPED VALUES (4539, 77, 178);
INSERT INTO PEDIDO VALUES (4540, 30, 110, 720);
INSERT INTO ITEMPED VALUES (4540, 77, 138);
INSERT INTO PEDIDO VALUES (4541, 45, 410, 240);
INSERT INTO ITEMPED VALUES (4541, 78, 34);
INSERT INTO ITEMPED VALUES (4541, 13, 76);
INSERT INTO ITEMPED VALUES (4541, 22, 82);
INSERT INTO ITEMPED VALUES (4541, 25, 96);
INSERT INTO PEDIDO VALUES (4542, 60, 110, 111);
INSERT INTO ITEMPED VALUES (4542, 25, 83);
INSERT INTO PEDIDO VALUES (4543, 20, 720, 250);
INSERT INTO ITEMPED VALUES (4543, 13, 131);
INSERT INTO ITEMPED VALUES (4543, 22, 164);
INSERT INTO PEDIDO VALUES (4544, 45, 870, 111);
INSERT INTO ITEMPED VALUES (4544, 31, 205);
INSERT INTO ITEMPED VALUES (4544, 45, 144);
INSERT INTO ITEMPED VALUES (4544, 53, 116);
INSERT INTO ITEMPED VALUES (4544, 77, 161);
INSERT INTO ITEMPED VALUES (4544, 78, 137);
INSERT INTO PEDIDO VALUES (4545, 10, 180, 101);
INSERT INTO ITEMPED VALUES (4545, 22, 135);
INSERT INTO ITEMPED VALUES (4545, 25, 4);
INSERT INTO ITEMPED VALUES (4545, 31, 54);
INSERT INTO ITEMPED VALUES (4545, 45, 93);
INSERT INTO ITEMPED VALUES (4545, 53, 165);
INSERT INTO ITEMPED VALUES (4545, 77, 233);
INSERT INTO PEDIDO VALUES (4546, 45, 720, 240);
INSERT INTO ITEMPED VALUES (4546, 77, 238);
INSERT INTO ITEMPED VALUES (4546, 78, 97);
INSERT INTO ITEMPED VALUES (4546, 13, 62);
INSERT INTO PEDIDO VALUES (4547, 30, 260, 111);
INSERT INTO ITEMPED VALUES (4547, 78, 66);
INSERT INTO PEDIDO VALUES (4548, 60, 410, 209);
INSERT INTO ITEMPED VALUES (4548, 31, 56);
INSERT INTO ITEMPED VALUES (4548, 45, 45);
INSERT INTO ITEMPED VALUES (4548, 53, 33);
INSERT INTO ITEMPED VALUES (4548, 77, 85);
INSERT INTO PEDIDO VALUES (4549, 45, 180, 720);
INSERT INTO ITEMPED VALUES (4549, 25, 202);
INSERT INTO ITEMPED VALUES (4549, 31, 302);
INSERT INTO ITEMPED VALUES (4549, 45, 181);
INSERT INTO ITEMPED VALUES (4549, 53, 11);
INSERT INTO PEDIDO VALUES (4550, 60, 720, 111);
INSERT INTO ITEMPED VALUES (4550, 78, 204);
INSERT INTO ITEMPED VALUES (4550, 13, 111);
INSERT INTO ITEMPED VALUES (4550, 22, 275);
INSERT INTO PEDIDO VALUES (4551, 45, 180, 213);
INSERT INTO ITEMPED VALUES (4551, 53, 215);
INSERT INTO PEDIDO VALUES (4552, 60, 720, 101);
INSERT INTO ITEMPED VALUES (4552, 25, 211);
INSERT INTO ITEMPED VALUES (4552, 31, 51);
INSERT INTO PEDIDO VALUES (4553, 30, 110, 310);
INSERT INTO ITEMPED VALUES (4553, 53, 3);
INSERT INTO ITEMPED VALUES (4553, 77, 284);
INSERT INTO PEDIDO VALUES (4554, 10, 830, 240);
INSERT INTO ITEMPED VALUES (4554, 31, 228);
INSERT INTO ITEMPED VALUES (4554, 45, 281);
INSERT INTO ITEMPED VALUES (4554, 53, 79);
INSERT INTO ITEMPED VALUES (4554, 77, 22);
INSERT INTO ITEMPED VALUES (4554, 78, 149);
INSERT INTO ITEMPED VALUES (4554, 13, 265);
INSERT INTO PEDIDO VALUES (4555, 45, 260, 310);
INSERT INTO ITEMPED VALUES (4555, 13, 247);
INSERT INTO ITEMPED VALUES (4555, 22, 106);
INSERT INTO ITEMPED VALUES (4555, 25, 10);
INSERT INTO ITEMPED VALUES (4555, 31, 201);
INSERT INTO ITEMPED VALUES (4555, 45, 244);
INSERT INTO PEDIDO VALUES (4556, 20, 110, 11);
INSERT INTO ITEMPED VALUES (4556, 77, 31);
INSERT INTO ITEMPED VALUES (4556, 78, 78);
INSERT INTO PEDIDO VALUES (4557, 60, 871, 111);
INSERT INTO ITEMPED VALUES (4557, 78, 160);
INSERT INTO ITEMPED VALUES (4557, 13, 173);
INSERT INTO PEDIDO VALUES (4558, 30, 290, 209);
INSERT INTO ITEMPED VALUES (4558, 45, 239);
INSERT INTO PEDIDO VALUES (4559, 45, 410, 11);
INSERT INTO ITEMPED VALUES (4559, 77, 139);
INSERT INTO ITEMPED VALUES (4559, 78, 231);
INSERT INTO PEDIDO VALUES (4560, 20, 110, 101);
INSERT INTO ITEMPED VALUES (4560, 22, 191);
INSERT INTO ITEMPED VALUES (4560, 25, 19);
INSERT INTO ITEMPED VALUES (4560, 31, 39);
INSERT INTO PEDIDO VALUES (4561, 45, 870, 240);
INSERT INTO ITEMPED VALUES (4561, 25, 243);
INSERT INTO ITEMPED VALUES (4561, 31, 64);
INSERT INTO PEDIDO VALUES (4562, 60, 720, 111);
INSERT INTO ITEMPED VALUES (4562, 22, 236);
INSERT INTO ITEMPED VALUES (4562, 25, 151);
INSERT INTO ITEMPED VALUES (4562, 31, 296);
INSERT INTO ITEMPED VALUES (4562, 45, 60);
INSERT INTO ITEMPED VALUES (4562, 53, 293);
INSERT INTO PEDIDO VALUES (4563, 45, 870, 209);
INSERT INTO ITEMPED VALUES (4563, 25, 256);
INSERT INTO ITEMPED VALUES (4563, 31, 288);
INSERT INTO ITEMPED VALUES (4563, 45, 21);
INSERT INTO ITEMPED VALUES (4563, 53, 272);
INSERT INTO ITEMPED VALUES (4563, 77, 171);
INSERT INTO PEDIDO VALUES (4564, 20, 720, 720);
INSERT INTO ITEMPED VALUES (4564, 31, 194);
INSERT INTO ITEMPED VALUES (4564, 45, 237);
INSERT INTO ITEMPED VALUES (4564, 53, 133);
INSERT INTO ITEMPED VALUES (4564, 77, 69);
INSERT INTO ITEMPED VALUES (4564, 78, 212);
INSERT INTO PEDIDO VALUES (4565, 60, 390, 209);
INSERT INTO ITEMPED VALUES (4565, 25, 135);
INSERT INTO ITEMPED VALUES (4565, 31, 180);
INSERT INTO ITEMPED VALUES (4565, 45, 152);
INSERT INTO ITEMPED VALUES (4565, 53, 229);
INSERT INTO ITEMPED VALUES (4565, 77, 98);
INSERT INTO PEDIDO VALUES (4566, 45, 260, 111);
INSERT INTO ITEMPED VALUES (4566, 53, 88);
INSERT INTO ITEMPED VALUES (4566, 77, 138);
INSERT INTO ITEMPED VALUES (4566, 78, 34);
INSERT INTO ITEMPED VALUES (4566, 13, 123);
INSERT INTO ITEMPED VALUES (4566, 22, 174);
INSERT INTO ITEMPED VALUES (4566, 25, 257);
INSERT INTO PEDIDO VALUES (4567, 10, 110, 11);
INSERT INTO ITEMPED VALUES (4567, 25, 148);
INSERT INTO ITEMPED VALUES (4567, 31, 45);
INSERT INTO ITEMPED VALUES (4567, 45, 69);
INSERT INTO ITEMPED VALUES (4567, 53, 190);
INSERT INTO ITEMPED VALUES (4567, 77, 30);
INSERT INTO ITEMPED VALUES (4567, 78, 204);
INSERT INTO PEDIDO VALUES (4568, 30, 260, 250);
INSERT INTO ITEMPED VALUES (4568, 31, 185);
INSERT INTO ITEMPED VALUES (4568, 45, 67);
INSERT INTO ITEMPED VALUES (4568, 53, 159);
INSERT INTO ITEMPED VALUES (4568, 77, 15);
INSERT INTO PEDIDO VALUES (4569, 20, 870, 310);
INSERT INTO ITEMPED VALUES (4569, 53, 24);
INSERT INTO ITEMPED VALUES (4569, 77, 21);
INSERT INTO ITEMPED VALUES (4569, 78, 83);
INSERT INTO ITEMPED VALUES (4569, 13, 42);
INSERT INTO PEDIDO VALUES (4570, 60, 871, 240);
INSERT INTO ITEMPED VALUES (4570, 31, 154);
INSERT INTO ITEMPED VALUES (4570, 45, 47);
INSERT INTO ITEMPED VALUES (4570, 53, 141);
INSERT INTO ITEMPED VALUES (4570, 77, 82);
INSERT INTO ITEMPED VALUES (4570, 78, 115);
INSERT INTO PEDIDO VALUES (4571, 45, 20, 250);
INSERT INTO ITEMPED VALUES (4571, 25, 55);
INSERT INTO ITEMPED VALUES (4571, 31, 165);
INSERT INTO PEDIDO VALUES (4572, 10, 720, 720);
INSERT INTO ITEMPED VALUES (4572, 22, 263);
INSERT INTO ITEMPED VALUES (4572, 25, 267);
INSERT INTO PEDIDO VALUES (4573, 45, 180, 310);
INSERT INTO ITEMPED VALUES (4573, 45, 266);
INSERT INTO ITEMPED VALUES (4573, 53, 132);
INSERT INTO PEDIDO VALUES (4574, 20, 720, 240);
INSERT INTO ITEMPED VALUES (4574, 31, 33);
INSERT INTO ITEMPED VALUES (4574, 45, 293);
INSERT INTO PEDIDO VALUES (4575, 60, 830, 11);
INSERT INTO ITEMPED VALUES (4575, 77, 124);
INSERT INTO ITEMPED VALUES (4575, 78, 32);
INSERT INTO ITEMPED VALUES (4575, 13, 70);
INSERT INTO ITEMPED VALUES (4575, 22, 263);
INSERT INTO PEDIDO VALUES (4576, 10, 110, 111);
INSERT INTO ITEMPED VALUES (4576, 45, 235);
INSERT INTO PEDIDO VALUES (4577, 60, 870, 240);
INSERT INTO ITEMPED VALUES (4577, 31, 294);
INSERT INTO PEDIDO VALUES (4578, 30, 260, 11);
INSERT INTO ITEMPED VALUES (4578, 53, 177);
INSERT INTO ITEMPED VALUES (4578, 77, 214);
INSERT INTO ITEMPED VALUES (4578, 78, 210);
INSERT INTO ITEMPED VALUES (4578, 13, 177);
INSERT INTO PEDIDO VALUES (4579, 45, 410, 101);
INSERT INTO ITEMPED VALUES (4579, 45, 139);
INSERT INTO ITEMPED VALUES (4579, 53, 239);
INSERT INTO ITEMPED VALUES (4579, 77, 200);
INSERT INTO ITEMPED VALUES (4579, 78, 255);
INSERT INTO ITEMPED VALUES (4579, 13, 59);
INSERT INTO PEDIDO VALUES (4580, 60, 180, 213);
INSERT INTO ITEMPED VALUES (4580, 13, 150);
INSERT INTO ITEMPED VALUES (4580, 22, 262);
INSERT INTO PEDIDO VALUES (4581, 30, 290, 11);
INSERT INTO ITEMPED VALUES (4581, 22, 244);
INSERT INTO ITEMPED VALUES (4581, 25, 297);
INSERT INTO ITEMPED VALUES (4581, 31, 155);
INSERT INTO ITEMPED VALUES (4581, 45, 82);
INSERT INTO ITEMPED VALUES (4581, 53, 283);
INSERT INTO ITEMPED VALUES (4581, 77, 241);
INSERT INTO PEDIDO VALUES (4582, 10, 20, 213);
INSERT INTO ITEMPED VALUES (4582, 53, 224);
INSERT INTO ITEMPED VALUES (4582, 77, 193);
INSERT INTO ITEMPED VALUES (4582, 78, 260);
INSERT INTO ITEMPED VALUES (4582, 13, 248);
INSERT INTO ITEMPED VALUES (4582, 22, 184);
INSERT INTO ITEMPED VALUES (4582, 25, 179);
INSERT INTO PEDIDO VALUES (4583, 60, 871, 101);
INSERT INTO ITEMPED VALUES (4583, 25, 121);
INSERT INTO ITEMPED VALUES (4583, 31, 281);
INSERT INTO ITEMPED VALUES (4583, 45, 56);
INSERT INTO ITEMPED VALUES (4583, 53, 92);
INSERT INTO PEDIDO VALUES (4584, 20, 720, 11);
INSERT INTO ITEMPED VALUES (4584, 13, 108);
INSERT INTO ITEMPED VALUES (4584, 22, 39);
INSERT INTO ITEMPED VALUES (4584, 25, 216);
INSERT INTO ITEMPED VALUES (4584, 31, 59);
INSERT INTO ITEMPED VALUES (4584, 45, 249);
INSERT INTO PEDIDO VALUES (4585, 30, 830, 250);
INSERT INTO ITEMPED VALUES (4585, 25, 172);
INSERT INTO ITEMPED VALUES (4585, 31, 214);
INSERT INTO ITEMPED VALUES (4585, 45, 256);
INSERT INTO ITEMPED VALUES (4585, 53, 23);
INSERT INTO ITEMPED VALUES (4585, 77, 267);
INSERT INTO PEDIDO VALUES (4586, 20, 290, 209);
INSERT INTO ITEMPED VALUES (4586, 78, 128);
INSERT INTO ITEMPED VALUES (4586, 13, 177);
INSERT INTO ITEMPED VALUES (4586, 22, 121);
INSERT INTO ITEMPED VALUES (4586, 25, 130);
INSERT INTO ITEMPED VALUES (4586, 31, 290);
INSERT INTO PEDIDO VALUES (4587, 45, 720, 111);
INSERT INTO ITEMPED VALUES (4587, 77, 142);
INSERT INTO ITEMPED VALUES (4587, 78, 199);
INSERT INTO ITEMPED VALUES (4587, 13, 34);
INSERT INTO ITEMPED VALUES (4587, 22, 228);
INSERT INTO ITEMPED VALUES (4587, 25, 208);
INSERT INTO PEDIDO VALUES (4588, 10, 871, 11);
INSERT INTO ITEMPED VALUES (4588, 53, 282);
INSERT INTO ITEMPED VALUES (4588, 77, 292);
INSERT INTO ITEMPED VALUES (4588, 78, 218);
INSERT INTO ITEMPED VALUES (4588, 13, 291);
INSERT INTO PEDIDO VALUES (4589, 30, 830, 111);
INSERT INTO ITEMPED VALUES (4589, 31, 243);
INSERT INTO ITEMPED VALUES (4589, 45, 249);
INSERT INTO ITEMPED VALUES (4589, 53, 264);
INSERT INTO ITEMPED VALUES (4589, 77, 115);
INSERT INTO PEDIDO VALUES (4590, 10, 20, 213);
INSERT INTO ITEMPED VALUES (4590, 25, 89);
INSERT INTO ITEMPED VALUES (4590, 31, 186);
INSERT INTO ITEMPED VALUES (4590, 45, 152);
INSERT INTO ITEMPED VALUES (4590, 53, 182);
INSERT INTO ITEMPED VALUES (4590, 77, 84);
INSERT INTO PEDIDO VALUES (4591, 60, 110, 111);
INSERT INTO ITEMPED VALUES (4591, 77, 168);
INSERT INTO ITEMPED VALUES (4591, 78, 294);
INSERT INTO ITEMPED VALUES (4591, 13, 286);
INSERT INTO ITEMPED VALUES (4591, 22, 298);
INSERT INTO ITEMPED VALUES (4591, 25, 188);
INSERT INTO PEDIDO VALUES (4592, 45, 20, 213);
INSERT INTO ITEMPED VALUES (4592, 53, 9);
INSERT INTO ITEMPED VALUES (4592, 77, 7);
INSERT INTO ITEMPED VALUES (4592, 78, 187);
INSERT INTO PEDIDO VALUES (4593, 10, 870, 101);
INSERT INTO ITEMPED VALUES (4593, 25, 231);
INSERT INTO ITEMPED VALUES (4593, 31, 63);
INSERT INTO ITEMPED VALUES (4593, 45, 139);
INSERT INTO PEDIDO VALUES (4594, 60, 110, 209);
INSERT INTO ITEMPED VALUES (4594, 22, 194);
INSERT INTO ITEMPED VALUES (4594, 25, 70);
INSERT INTO ITEMPED VALUES (4594, 31, 287);
INSERT INTO ITEMPED VALUES (4594, 45, 288);
INSERT INTO PEDIDO VALUES (4595, 30, 290, 101);
INSERT INTO ITEMPED VALUES (4595, 53, 152);
INSERT INTO ITEMPED VALUES (4595, 77, 54);
INSERT INTO ITEMPED VALUES (4595, 78, 279);
INSERT INTO PEDIDO VALUES (4596, 20, 260, 209);
INSERT INTO ITEMPED VALUES (4596, 22, 98);
INSERT INTO ITEMPED VALUES (4596, 25, 203);
INSERT INTO ITEMPED VALUES (4596, 31, 92);
INSERT INTO ITEMPED VALUES (4596, 45, 16);
INSERT INTO ITEMPED VALUES (4596, 53, 184);
INSERT INTO ITEMPED VALUES (4596, 77, 189);
INSERT INTO PEDIDO VALUES (4597, 60, 410, 101);
INSERT INTO ITEMPED VALUES (4597, 13, 114);
INSERT INTO PEDIDO VALUES (4598, 20, 20, 310);
INSERT INTO ITEMPED VALUES (4598, 22, 16);
INSERT INTO ITEMPED VALUES (4598, 25, 188);
INSERT INTO PEDIDO VALUES (4599, 45, 410, 111);
INSERT INTO ITEMPED VALUES (4599, 77, 47);
INSERT INTO ITEMPED VALUES (4599, 78, 301);
INSERT INTO ITEMPED VALUES (4599, 13, 285);
INSERT INTO PEDIDO VALUES (4600, 60, 110, 720);
INSERT INTO ITEMPED VALUES (4600, 45, 39);
INSERT INTO PEDIDO VALUES (4601, 45, 871, 240);
INSERT INTO ITEMPED VALUES (4601, 25, 65);
INSERT INTO ITEMPED VALUES (4601, 31, 19);
INSERT INTO ITEMPED VALUES (4601, 45, 168);
INSERT INTO ITEMPED VALUES (4601, 53, 249);
INSERT INTO PEDIDO VALUES (4602, 30, 110, 310);
INSERT INTO ITEMPED VALUES (4602, 77, 76);
INSERT INTO ITEMPED VALUES (4602, 78, 204);
INSERT INTO ITEMPED VALUES (4602, 13, 295);
INSERT INTO ITEMPED VALUES (4602, 22, 94);
INSERT INTO PEDIDO VALUES (4603, 20, 20, 250);
INSERT INTO ITEMPED VALUES (4603, 53, 44);
INSERT INTO ITEMPED VALUES (4603, 77, 117);
INSERT INTO ITEMPED VALUES (4603, 78, 275);
INSERT INTO ITEMPED VALUES (4603, 13, 146);
INSERT INTO ITEMPED VALUES (4603, 22, 94);
INSERT INTO ITEMPED VALUES (4603, 25, 193);
INSERT INTO PEDIDO VALUES (4604, 10, 260, 720);
INSERT INTO ITEMPED VALUES (4604, 13, 155);
INSERT INTO ITEMPED VALUES (4604, 22, 113);
INSERT INTO PEDIDO VALUES (4605, 60, 870, 11);
INSERT INTO ITEMPED VALUES (4605, 45, 177);
INSERT INTO ITEMPED VALUES (4605, 53, 273);
INSERT INTO PEDIDO VALUES (4606, 20, 180, 720);
INSERT INTO ITEMPED VALUES (4606, 22, 229);
INSERT INTO ITEMPED VALUES (4606, 25, 48);
INSERT INTO ITEMPED VALUES (4606, 31, 160);
INSERT INTO ITEMPED VALUES (4606, 45, 91);
INSERT INTO ITEMPED VALUES (4606, 53, 133);
INSERT INTO PEDIDO VALUES (4607, 60, 870, 209);
INSERT INTO ITEMPED VALUES (4607, 78, 91);
INSERT INTO ITEMPED VALUES (4607, 13, 209);
INSERT INTO ITEMPED VALUES (4607, 22, 218);
INSERT INTO ITEMPED VALUES (4607, 25, 24);
INSERT INTO ITEMPED VALUES (4607, 31, 246);
INSERT INTO PEDIDO VALUES (4608, 30, 720, 11);
INSERT INTO ITEMPED VALUES (4608, 25, 73);
INSERT INTO ITEMPED VALUES (4608, 31, 182);
INSERT INTO ITEMPED VALUES (4608, 45, 21);
INSERT INTO ITEMPED VALUES (4608, 53, 48);
INSERT INTO PEDIDO VALUES (4609, 20, 180, 111);
INSERT INTO ITEMPED VALUES (4609, 13, 65);
INSERT INTO PEDIDO VALUES (4610, 45, 20, 720);
INSERT INTO ITEMPED VALUES (4610, 25, 156);
INSERT INTO ITEMPED VALUES (4610, 31, 5);
INSERT INTO PEDIDO VALUES (4611, 30, 720, 213);
INSERT INTO ITEMPED VALUES (4611, 53, 58);
INSERT INTO ITEMPED VALUES (4611, 77, 138);
INSERT INTO ITEMPED VALUES (4611, 78, 270);
INSERT INTO ITEMPED VALUES (4611, 13, 271);
INSERT INTO ITEMPED VALUES (4611, 22, 179);
INSERT INTO PEDIDO VALUES (4612, 20, 871, 209);
INSERT INTO ITEMPED VALUES (4612, 22, 67);
INSERT INTO PEDIDO VALUES (4613, 10, 110, 240);
INSERT INTO ITEMPED VALUES (4613, 77, 117);
INSERT INTO ITEMPED VALUES (4613, 78, 130);
INSERT INTO PEDIDO VALUES (4614, 60, 180, 111);
INSERT INTO ITEMPED VALUES (4614, 22, 87);
INSERT INTO ITEMPED VALUES (4614, 25, 247);
INSERT INTO ITEMPED VALUES (4614, 31, 32);
INSERT INTO ITEMPED VALUES (4614, 45, 201);
INSERT INTO PEDIDO VALUES (4615, 20, 290, 11);
INSERT INTO ITEMPED VALUES (4615, 53, 257);
INSERT INTO PEDIDO VALUES (4616, 45, 830, 720);
INSERT INTO ITEMPED VALUES (4616, 22, 93);
INSERT INTO ITEMPED VALUES (4616, 25, 290);
INSERT INTO ITEMPED VALUES (4616, 31, 38);
INSERT INTO ITEMPED VALUES (4616, 45, 128);
INSERT INTO ITEMPED VALUES (4616, 53, 116);
INSERT INTO ITEMPED VALUES (4616, 77, 297);
INSERT INTO PEDIDO VALUES (4617, 30, 410, 250);
INSERT INTO ITEMPED VALUES (4617, 78, 295);
INSERT INTO ITEMPED VALUES (4617, 13, 135);
INSERT INTO ITEMPED VALUES (4617, 22, 203);
INSERT INTO PEDIDO VALUES (4618, 45, 830, 101);
INSERT INTO ITEMPED VALUES (4618, 77, 167);
INSERT INTO ITEMPED VALUES (4618, 78, 55);
INSERT INTO ITEMPED VALUES (4618, 13, 3);
INSERT INTO PEDIDO VALUES (4619, 60, 720, 11);
INSERT INTO ITEMPED VALUES (4619, 25, 85);
INSERT INTO ITEMPED VALUES (4619, 31, 249);
INSERT INTO PEDIDO VALUES (4620, 10, 871, 310);
INSERT INTO ITEMPED VALUES (4620, 77, 119);
INSERT INTO ITEMPED VALUES (4620, 78, 251);
INSERT INTO ITEMPED VALUES (4620, 13, 31);
INSERT INTO ITEMPED VALUES (4620, 22, 121);
INSERT INTO ITEMPED VALUES (4620, 25, 39);
INSERT INTO PEDIDO VALUES (4621, 45, 720, 111);
INSERT INTO ITEMPED VALUES (4621, 25, 149);
INSERT INTO ITEMPED VALUES (4621, 31, 292);
INSERT INTO ITEMPED VALUES (4621, 45, 120);
INSERT INTO ITEMPED VALUES (4621, 53, 67);
INSERT INTO PEDIDO VALUES (4622, 10, 830, 213);
INSERT INTO ITEMPED VALUES (4622, 77, 288);
INSERT INTO PEDIDO VALUES (4623, 20, 290, 101);
INSERT INTO ITEMPED VALUES (4623, 22, 126);
INSERT INTO PEDIDO VALUES (4624, 45, 410, 720);
INSERT INTO ITEMPED VALUES (4624, 77, 293);
INSERT INTO ITEMPED VALUES (4624, 78, 117);
INSERT INTO ITEMPED VALUES (4624, 13, 181);
INSERT INTO ITEMPED VALUES (4624, 22, 214);
INSERT INTO ITEMPED VALUES (4624, 25, 261);
INSERT INTO ITEMPED VALUES (4624, 31, 44);
INSERT INTO PEDIDO VALUES (4625, 10, 720, 11);
INSERT INTO ITEMPED VALUES (4625, 45, 16);
INSERT INTO ITEMPED VALUES (4625, 53, 168);
INSERT INTO ITEMPED VALUES (4625, 77, 66);
INSERT INTO ITEMPED VALUES (4625, 78, 155);
INSERT INTO PEDIDO VALUES (4626, 30, 830, 310);
INSERT INTO ITEMPED VALUES (4626, 25, 135);
INSERT INTO ITEMPED VALUES (4626, 31, 201);
INSERT INTO PEDIDO VALUES (4627, 10, 870, 240);
INSERT INTO ITEMPED VALUES (4627, 13, 283);
INSERT INTO ITEMPED VALUES (4627, 22, 193);
INSERT INTO PEDIDO VALUES (4628, 45, 290, 250);
INSERT INTO ITEMPED VALUES (4628, 53, 118);
INSERT INTO ITEMPED VALUES (4628, 77, 86);
INSERT INTO ITEMPED VALUES (4628, 78, 116);
INSERT INTO ITEMPED VALUES (4628, 13, 138);
INSERT INTO ITEMPED VALUES (4628, 22, 141);
INSERT INTO ITEMPED VALUES (4628, 25, 259);
INSERT INTO PEDIDO VALUES (4629, 60, 870, 240);
INSERT INTO ITEMPED VALUES (4629, 77, 101);
INSERT INTO ITEMPED VALUES (4629, 78, 28);
INSERT INTO ITEMPED VALUES (4629, 13, 280);
INSERT INTO ITEMPED VALUES (4629, 22, 16);
INSERT INTO ITEMPED VALUES (4629, 25, 84);
INSERT INTO PEDIDO VALUES (4630, 45, 110, 111);
INSERT INTO ITEMPED VALUES (4630, 78, 275);
INSERT INTO ITEMPED VALUES (4630, 13, 162);
INSERT INTO PEDIDO VALUES (4631, 10, 830, 240);
INSERT INTO ITEMPED VALUES (4631, 45, 109);
INSERT INTO ITEMPED VALUES (4631, 53, 73);
INSERT INTO PEDIDO VALUES (4632, 45, 260, 310);
INSERT INTO ITEMPED VALUES (4632, 77, 114);
INSERT INTO ITEMPED VALUES (4632, 78, 219);
INSERT INTO ITEMPED VALUES (4632, 13, 103);
INSERT INTO ITEMPED VALUES (4632, 22, 285);
INSERT INTO ITEMPED VALUES (4632, 25, 85);
INSERT INTO ITEMPED VALUES (4632, 31, 68);
INSERT INTO PEDIDO VALUES (4633, 60, 720, 250);
INSERT INTO ITEMPED VALUES (4633, 22, 302);
INSERT INTO ITEMPED VALUES (4633, 25, 96);
INSERT INTO ITEMPED VALUES (4633, 31, 190);
INSERT INTO PEDIDO VALUES (4634, 30, 410, 111);
INSERT INTO ITEMPED VALUES (4634, 13, 125);
INSERT INTO PEDIDO VALUES (4635, 10, 260, 209);
INSERT INTO ITEMPED VALUES (4635, 31, 132);
INSERT INTO ITEMPED VALUES (4635, 45, 202);
INSERT INTO ITEMPED VALUES (4635, 53, 219);
INSERT INTO ITEMPED VALUES (4635, 77, 97);
INSERT INTO PEDIDO VALUES (4636, 20, 410, 213);
INSERT INTO ITEMPED VALUES (4636, 22, 8);
INSERT INTO ITEMPED VALUES (4636, 25, 300);
INSERT INTO ITEMPED VALUES (4636, 31, 239);
INSERT INTO PEDIDO VALUES (4637, 60, 720, 310);
INSERT INTO ITEMPED VALUES (4637, 31, 173);
INSERT INTO ITEMPED VALUES (4637, 45, 119);
INSERT INTO ITEMPED VALUES (4637, 53, 202);
INSERT INTO ITEMPED VALUES (4637, 77, 135);
INSERT INTO ITEMPED VALUES (4637, 78, 139);
INSERT INTO PEDIDO VALUES (4638, 20, 830, 11);
INSERT INTO ITEMPED VALUES (4638, 13, 158);
INSERT INTO ITEMPED VALUES (4638, 22, 162);
INSERT INTO ITEMPED VALUES (4638, 25, 62);
INSERT INTO PEDIDO VALUES (4639, 10, 390, 240);
INSERT INTO ITEMPED VALUES (4639, 77, 68);
INSERT INTO PEDIDO VALUES (4640, 60, 180, 111);
INSERT INTO ITEMPED VALUES (4640, 31, 17);
INSERT INTO ITEMPED VALUES (4640, 45, 20);
INSERT INTO ITEMPED VALUES (4640, 53, 279);
INSERT INTO PEDIDO VALUES (4641, 20, 290, 720);
INSERT INTO ITEMPED VALUES (4641, 45, 99);
INSERT INTO ITEMPED VALUES (4641, 53, 211);
INSERT INTO ITEMPED VALUES (4641, 77, 159);
INSERT INTO ITEMPED VALUES (4641, 78, 222);
INSERT INTO ITEMPED VALUES (4641, 13, 146);
INSERT INTO PEDIDO VALUES (4642, 60, 720, 250);
INSERT INTO ITEMPED VALUES (4642, 22, 133);
INSERT INTO ITEMPED VALUES (4642, 25, 80);
INSERT INTO ITEMPED VALUES (4642, 31, 244);
INSERT INTO ITEMPED VALUES (4642, 45, 66);
INSERT INTO ITEMPED VALUES (4642, 53, 125);
INSERT INTO PEDIDO VALUES (4643, 20, 830, 209);
INSERT INTO ITEMPED VALUES (4643, 31, 56);
INSERT INTO ITEMPED VALUES (4643, 45, 245);
INSERT INTO ITEMPED VALUES (4643, 53, 170);
INSERT INTO ITEMPED VALUES (4643, 77, 268);
INSERT INTO ITEMPED VALUES (4643, 78, 10);
INSERT INTO ITEMPED VALUES (4643, 13, 75);
INSERT INTO PEDIDO VALUES (4644, 30, 390, 11);
INSERT INTO ITEMPED VALUES (4644, 77, 264);
INSERT INTO ITEMPED VALUES (4644, 78, 16);
INSERT INTO ITEMPED VALUES (4644, 13, 140);
INSERT INTO PEDIDO VALUES (4645, 10, 720, 209);
INSERT INTO ITEMPED VALUES (4645, 78, 118);
INSERT INTO PEDIDO VALUES (4646, 30, 110, 250);
INSERT INTO ITEMPED VALUES (4646, 13, 117);
INSERT INTO ITEMPED VALUES (4646, 22, 283);
INSERT INTO ITEMPED VALUES (4646, 25, 184);
INSERT INTO PEDIDO VALUES (4647, 45, 20, 240);
INSERT INTO ITEMPED VALUES (4647, 53, 55);
INSERT INTO ITEMPED VALUES (4647, 77, 24);
INSERT INTO ITEMPED VALUES (4647, 78, 101);
INSERT INTO ITEMPED VALUES (4647, 13, 218);
INSERT INTO ITEMPED VALUES (4647, 22, 87);
INSERT INTO ITEMPED VALUES (4647, 25, 182);
INSERT INTO PEDIDO VALUES (4648, 60, 871, 209);
INSERT INTO ITEMPED VALUES (4648, 13, 284);
INSERT INTO ITEMPED VALUES (4648, 22, 302);
INSERT INTO ITEMPED VALUES (4648, 25, 191);
INSERT INTO ITEMPED VALUES (4648, 31, 190);
INSERT INTO PEDIDO VALUES (4649, 45, 830, 250);
INSERT INTO ITEMPED VALUES (4649, 45, 167);
INSERT INTO ITEMPED VALUES (4649, 53, 247);
INSERT INTO ITEMPED VALUES (4649, 77, 33);
INSERT INTO PEDIDO VALUES (4650, 30, 720, 213);
INSERT INTO ITEMPED VALUES (4650, 77, 122);
INSERT INTO ITEMPED VALUES (4650, 78, 248);
INSERT INTO ITEMPED VALUES (4650, 13, 87);
INSERT INTO ITEMPED VALUES (4650, 22, 60);
INSERT INTO ITEMPED VALUES (4650, 25, 128);
INSERT INTO PEDIDO VALUES (4651, 45, 290, 720);
INSERT INTO ITEMPED VALUES (4651, 22, 94);
INSERT INTO ITEMPED VALUES (4651, 25, 145);
INSERT INTO ITEMPED VALUES (4651, 31, 149);
INSERT INTO ITEMPED VALUES (4651, 45, 285);
INSERT INTO ITEMPED VALUES (4651, 53, 239);
INSERT INTO ITEMPED VALUES (4651, 77, 259);
INSERT INTO PEDIDO VALUES (4652, 60, 390, 111);
INSERT INTO ITEMPED VALUES (4652, 53, 25);
INSERT INTO ITEMPED VALUES (4652, 77, 118);
INSERT INTO ITEMPED VALUES (4652, 78, 29);
INSERT INTO ITEMPED VALUES (4652, 13, 169);
INSERT INTO ITEMPED VALUES (4652, 22, 238);
INSERT INTO ITEMPED VALUES (4652, 25, 114);
INSERT INTO PEDIDO VALUES (4653, 30, 290, 310);
INSERT INTO ITEMPED VALUES (4653, 45, 36);
INSERT INTO ITEMPED VALUES (4653, 53, 233);
INSERT INTO ITEMPED VALUES (4653, 77, 29);
INSERT INTO ITEMPED VALUES (4653, 78, 245);
INSERT INTO PEDIDO VALUES (4654, 45, 410, 250);
INSERT INTO ITEMPED VALUES (4654, 53, 289);
INSERT INTO ITEMPED VALUES (4654, 77, 199);
INSERT INTO PEDIDO VALUES (4655, 60, 830, 213);
INSERT INTO ITEMPED VALUES (4655, 25, 270);
INSERT INTO ITEMPED VALUES (4655, 31, 144);
INSERT INTO ITEMPED VALUES (4655, 45, 173);
INSERT INTO ITEMPED VALUES (4655, 53, 191);
INSERT INTO ITEMPED VALUES (4655, 77, 185);
INSERT INTO ITEMPED VALUES (4655, 78, 103);
INSERT INTO PEDIDO VALUES (4656, 30, 870, 240);
INSERT INTO ITEMPED VALUES (4656, 13, 121);
INSERT INTO ITEMPED VALUES (4656, 22, 39);
INSERT INTO ITEMPED VALUES (4656, 25, 228);
INSERT INTO ITEMPED VALUES (4656, 31, 60);
INSERT INTO PEDIDO VALUES (4657, 20, 871, 111);
INSERT INTO ITEMPED VALUES (4657, 45, 110);
INSERT INTO ITEMPED VALUES (4657, 53, 90);
INSERT INTO ITEMPED VALUES (4657, 77, 260);
INSERT INTO ITEMPED VALUES (4657, 78, 126);
INSERT INTO PEDIDO VALUES (4658, 60, 110, 720);
INSERT INTO ITEMPED VALUES (4658, 13, 174);
INSERT INTO PEDIDO VALUES (4659, 20, 290, 111);
INSERT INTO ITEMPED VALUES (4659, 25, 168);
INSERT INTO PEDIDO VALUES (4660, 30, 870, 213);
INSERT INTO ITEMPED VALUES (4660, 77, 252);
INSERT INTO ITEMPED VALUES (4660, 78, 81);
INSERT INTO PEDIDO VALUES (4661, 10, 20, 310);
INSERT INTO ITEMPED VALUES (4661, 13, 27);
INSERT INTO PEDIDO VALUES (4662, 45, 870, 250);
INSERT INTO ITEMPED VALUES (4662, 78, 76);
INSERT INTO ITEMPED VALUES (4662, 13, 163);
INSERT INTO ITEMPED VALUES (4662, 22, 150);
INSERT INTO ITEMPED VALUES (4662, 25, 172);
INSERT INTO ITEMPED VALUES (4662, 31, 29);
INSERT INTO PEDIDO VALUES (4663, 20, 410, 240);
INSERT INTO ITEMPED VALUES (4663, 45, 96);
INSERT INTO ITEMPED VALUES (4663, 53, 143);
INSERT INTO PEDIDO VALUES (4664, 30, 830, 720);
INSERT INTO ITEMPED VALUES (4664, 31, 300);
INSERT INTO ITEMPED VALUES (4664, 45, 121);
INSERT INTO ITEMPED VALUES (4664, 53, 15);
INSERT INTO PEDIDO VALUES (4665, 60, 871, 213);
INSERT INTO ITEMPED VALUES (4665, 45, 244);
INSERT INTO ITEMPED VALUES (4665, 53, 7);
INSERT INTO ITEMPED VALUES (4665, 77, 29);
INSERT INTO ITEMPED VALUES (4665, 78, 156);
INSERT INTO ITEMPED VALUES (4665, 13, 210);
INSERT INTO ITEMPED VALUES (4665, 22, 75);
INSERT INTO PEDIDO VALUES (4666, 20, 260, 11);
INSERT INTO ITEMPED VALUES (4666, 25, 147);
INSERT INTO ITEMPED VALUES (4666, 31, 94);
INSERT INTO PEDIDO VALUES (4667, 30, 871, 720);
INSERT INTO ITEMPED VALUES (4667, 45, 209);
INSERT INTO ITEMPED VALUES (4667, 53, 113);
INSERT INTO ITEMPED VALUES (4667, 77, 17);
INSERT INTO PEDIDO VALUES (4668, 10, 260, 209);
INSERT INTO ITEMPED VALUES (4668, 31, 22);
INSERT INTO ITEMPED VALUES (4668, 45, 289);
INSERT INTO ITEMPED VALUES (4668, 53, 287);
INSERT INTO ITEMPED VALUES (4668, 77, 36);
INSERT INTO ITEMPED VALUES (4668, 78, 257);
INSERT INTO ITEMPED VALUES (4668, 13, 109);
INSERT INTO PEDIDO VALUES (4669, 45, 20, 111);
INSERT INTO ITEMPED VALUES (4669, 45, 28);
INSERT INTO ITEMPED VALUES (4669, 53, 167);
INSERT INTO ITEMPED VALUES (4669, 77, 204);
INSERT INTO ITEMPED VALUES (4669, 78, 23);
INSERT INTO PEDIDO VALUES (4670, 30, 390, 720);
INSERT INTO ITEMPED VALUES (4670, 22, 36);
INSERT INTO PEDIDO VALUES (4671, 45, 110, 213);
INSERT INTO ITEMPED VALUES (4671, 77, 283);
INSERT INTO ITEMPED VALUES (4671, 78, 300);
INSERT INTO ITEMPED VALUES (4671, 13, 91);
INSERT INTO ITEMPED VALUES (4671, 22, 7);
INSERT INTO PEDIDO VALUES (4672, 10, 180, 209);
INSERT INTO ITEMPED VALUES (4672, 53, 137);
INSERT INTO ITEMPED VALUES (4672, 77, 90);
INSERT INTO ITEMPED VALUES (4672, 78, 149);
INSERT INTO ITEMPED VALUES (4672, 13, 6);
INSERT INTO PEDIDO VALUES (4673, 45, 870, 250);
INSERT INTO ITEMPED VALUES (4673, 77, 67);
INSERT INTO ITEMPED VALUES (4673, 78, 114);
INSERT INTO ITEMPED VALUES (4673, 13, 165);
INSERT INTO ITEMPED VALUES (4673, 22, 186);
INSERT INTO PEDIDO VALUES (4674, 20, 260, 209);
INSERT INTO ITEMPED VALUES (4674, 22, 218);
INSERT INTO ITEMPED VALUES (4674, 25, 48);
INSERT INTO ITEMPED VALUES (4674, 31, 15);
INSERT INTO PEDIDO VALUES (4675, 60, 410, 213);
INSERT INTO ITEMPED VALUES (4675, 53, 278);
INSERT INTO ITEMPED VALUES (4675, 77, 283);
INSERT INTO PEDIDO VALUES (4676, 45, 870, 720);
INSERT INTO ITEMPED VALUES (4676, 31, 117);
INSERT INTO ITEMPED VALUES (4676, 45, 241);
INSERT INTO ITEMPED VALUES (4676, 53, 192);
INSERT INTO ITEMPED VALUES (4676, 77, 36);
INSERT INTO ITEMPED VALUES (4676, 78, 296);
INSERT INTO PEDIDO VALUES (4677, 10, 830, 240);
INSERT INTO ITEMPED VALUES (4677, 13, 49);
INSERT INTO PEDIDO VALUES (4678, 45, 20, 250);
INSERT INTO ITEMPED VALUES (4678, 45, 230);
INSERT INTO ITEMPED VALUES (4678, 53, 62);
INSERT INTO ITEMPED VALUES (4678, 77, 282);
INSERT INTO PEDIDO VALUES (4679, 30, 260, 11);
INSERT INTO ITEMPED VALUES (4679, 25, 62);
INSERT INTO ITEMPED VALUES (4679, 31, 39);
INSERT INTO ITEMPED VALUES (4679, 45, 9);
INSERT INTO ITEMPED VALUES (4679, 53, 198);
INSERT INTO ITEMPED VALUES (4679, 77, 291);
INSERT INTO PEDIDO VALUES (4680, 60, 870, 720);
INSERT INTO ITEMPED VALUES (4680, 77, 23);
INSERT INTO ITEMPED VALUES (4680, 78, 276);
INSERT INTO ITEMPED VALUES (4680, 13, 95);
INSERT INTO ITEMPED VALUES (4680, 22, 108);
INSERT INTO ITEMPED VALUES (4680, 25, 286);
INSERT INTO ITEMPED VALUES (4680, 31, 55);
INSERT INTO PEDIDO VALUES (4681, 45, 871, 213);
INSERT INTO ITEMPED VALUES (4681, 45, 280);
INSERT INTO ITEMPED VALUES (4681, 53, 102);
INSERT INTO PEDIDO VALUES (4682, 60, 720, 11);
INSERT INTO ITEMPED VALUES (4682, 31, 112);
INSERT INTO ITEMPED VALUES (4682, 45, 44);
INSERT INTO PEDIDO VALUES (4683, 30, 260, 240);
INSERT INTO ITEMPED VALUES (4683, 45, 14);
INSERT INTO ITEMPED VALUES (4683, 53, 237);
INSERT INTO ITEMPED VALUES (4683, 77, 21);
INSERT INTO ITEMPED VALUES (4683, 78, 115);
INSERT INTO ITEMPED VALUES (4683, 13, 112);
INSERT INTO ITEMPED VALUES (4683, 22, 142);
INSERT INTO PEDIDO VALUES (4684, 10, 830, 101);
INSERT INTO ITEMPED VALUES (4684, 53, 42);
INSERT INTO ITEMPED VALUES (4684, 77, 97);
INSERT INTO ITEMPED VALUES (4684, 78, 28);
INSERT INTO ITEMPED VALUES (4684, 13, 3);
INSERT INTO ITEMPED VALUES (4684, 22, 97);
INSERT INTO PEDIDO VALUES (4685, 45, 110, 111);
INSERT INTO ITEMPED VALUES (4685, 25, 281);
INSERT INTO ITEMPED VALUES (4685, 31, 107);
INSERT INTO ITEMPED VALUES (4685, 45, 77);
INSERT INTO PEDIDO VALUES (4686, 20, 390, 240);
INSERT INTO ITEMPED VALUES (4686, 77, 114);
INSERT INTO ITEMPED VALUES (4686, 78, 218);
INSERT INTO PEDIDO VALUES (4687, 45, 830, 209);
INSERT INTO ITEMPED VALUES (4687, 53, 288);
INSERT INTO ITEMPED VALUES (4687, 77, 183);
INSERT INTO ITEMPED VALUES (4687, 78, 36);
INSERT INTO PEDIDO VALUES (4688, 30, 390, 111);
INSERT INTO ITEMPED VALUES (4688, 78, 215);
INSERT INTO PEDIDO VALUES (4689, 10, 871, 310);
INSERT INTO ITEMPED VALUES (4689, 53, 194);
INSERT INTO ITEMPED VALUES (4689, 77, 190);
INSERT INTO PEDIDO VALUES (4690, 30, 390, 111);
INSERT INTO ITEMPED VALUES (4690, 13, 269);
INSERT INTO ITEMPED VALUES (4690, 22, 51);
INSERT INTO ITEMPED VALUES (4690, 25, 127);
INSERT INTO ITEMPED VALUES (4690, 31, 235);
INSERT INTO ITEMPED VALUES (4690, 45, 139);
INSERT INTO ITEMPED VALUES (4690, 53, 246);
INSERT INTO PEDIDO VALUES (4691, 10, 180, 11);
INSERT INTO ITEMPED VALUES (4691, 45, 161);
INSERT INTO ITEMPED VALUES (4691, 53, 75);
INSERT INTO ITEMPED VALUES (4691, 77, 14);
INSERT INTO PEDIDO VALUES (4692, 30, 290, 240);
INSERT INTO ITEMPED VALUES (4692, 77, 236);
INSERT INTO ITEMPED VALUES (4692, 78, 93);
INSERT INTO ITEMPED VALUES (4692, 13, 205);
INSERT INTO ITEMPED VALUES (4692, 22, 99);
INSERT INTO ITEMPED VALUES (4692, 25, 263);
INSERT INTO ITEMPED VALUES (4692, 31, 144);
INSERT INTO PEDIDO VALUES (4693, 10, 390, 213);
INSERT INTO ITEMPED VALUES (4693, 13, 141);
INSERT INTO ITEMPED VALUES (4693, 22, 212);
INSERT INTO PEDIDO VALUES (4694, 45, 410, 720);
INSERT INTO ITEMPED VALUES (4694, 78, 155);
INSERT INTO PEDIDO VALUES (4695, 60, 110, 240);
INSERT INTO ITEMPED VALUES (4695, 45, 253);
INSERT INTO ITEMPED VALUES (4695, 53, 295);
INSERT INTO ITEMPED VALUES (4695, 77, 3);
INSERT INTO ITEMPED VALUES (4695, 78, 248);
INSERT INTO ITEMPED VALUES (4695, 13, 3);
INSERT INTO PEDIDO VALUES (4696, 10, 290, 213);
INSERT INTO ITEMPED VALUES (4696, 31, 90);
INSERT INTO ITEMPED VALUES (4696, 45, 172);
INSERT INTO ITEMPED VALUES (4696, 53, 255);
INSERT INTO PEDIDO VALUES (4697, 30, 720, 101);
INSERT INTO ITEMPED VALUES (4697, 13, 202);
INSERT INTO ITEMPED VALUES (4697, 22, 217);
INSERT INTO ITEMPED VALUES (4697, 25, 101);
INSERT INTO ITEMPED VALUES (4697, 31, 44);
INSERT INTO ITEMPED VALUES (4697, 45, 81);
INSERT INTO PEDIDO VALUES (4698, 20, 870, 250);
INSERT INTO ITEMPED VALUES (4698, 77, 248);
INSERT INTO ITEMPED VALUES (4698, 78, 107);
INSERT INTO ITEMPED VALUES (4698, 13, 37);
INSERT INTO ITEMPED VALUES (4698, 22, 10);
INSERT INTO PEDIDO VALUES (4699, 60, 180, 101);
INSERT INTO ITEMPED VALUES (4699, 31, 213);
INSERT INTO ITEMPED VALUES (4699, 45, 43);
INSERT INTO ITEMPED VALUES (4699, 53, 57);
INSERT INTO ITEMPED VALUES (4699, 77, 81);
INSERT INTO PEDIDO VALUES (4700, 20, 290, 720);
INSERT INTO ITEMPED VALUES (4700, 25, 186);
INSERT INTO ITEMPED VALUES (4700, 31, 267);
INSERT INTO PEDIDO VALUES (4701, 10, 180, 250);
INSERT INTO ITEMPED VALUES (4701, 53, 85);
INSERT INTO ITEMPED VALUES (4701, 77, 171);
INSERT INTO ITEMPED VALUES (4701, 78, 287);
INSERT INTO ITEMPED VALUES (4701, 13, 63);
INSERT INTO ITEMPED VALUES (4701, 22, 183);
INSERT INTO ITEMPED VALUES (4701, 25, 89);
INSERT INTO PEDIDO VALUES (4702, 60, 871, 310);
INSERT INTO ITEMPED VALUES (4702, 22, 54);
INSERT INTO ITEMPED VALUES (4702, 25, 234);
INSERT INTO ITEMPED VALUES (4702, 31, 124);
INSERT INTO ITEMPED VALUES (4702, 45, 289);
INSERT INTO ITEMPED VALUES (4702, 53, 261);
INSERT INTO PEDIDO VALUES (4703, 20, 410, 209);
INSERT INTO ITEMPED VALUES (4703, 77, 141);
INSERT INTO ITEMPED VALUES (4703, 78, 155);
INSERT INTO ITEMPED VALUES (4703, 13, 16);
INSERT INTO ITEMPED VALUES (4703, 22, 216);
INSERT INTO PEDIDO VALUES (4704, 45, 390, 11);
INSERT INTO ITEMPED VALUES (4704, 22, 135);
INSERT INTO ITEMPED VALUES (4704, 25, 275);
INSERT INTO ITEMPED VALUES (4704, 31, 254);
INSERT INTO ITEMPED VALUES (4704, 45, 16);
INSERT INTO PEDIDO VALUES (4705, 20, 180, 250);
INSERT INTO ITEMPED VALUES (4705, 45, 185);
INSERT INTO ITEMPED VALUES (4705, 53, 230);
INSERT INTO ITEMPED VALUES (4705, 77, 153);
INSERT INTO ITEMPED VALUES (4705, 78, 116);
INSERT INTO ITEMPED VALUES (4705, 13, 17);
INSERT INTO PEDIDO VALUES (4706, 45, 871, 213);
INSERT INTO ITEMPED VALUES (4706, 77, 191);
INSERT INTO ITEMPED VALUES (4706, 78, 154);
INSERT INTO ITEMPED VALUES (4706, 13, 258);
INSERT INTO ITEMPED VALUES (4706, 22, 185);
INSERT INTO PEDIDO VALUES (4707, 20, 410, 310);
INSERT INTO ITEMPED VALUES (4707, 53, 206);
INSERT INTO ITEMPED VALUES (4707, 77, 150);
INSERT INTO ITEMPED VALUES (4707, 78, 231);
INSERT INTO ITEMPED VALUES (4707, 13, 63);
INSERT INTO ITEMPED VALUES (4707, 22, 199);
INSERT INTO ITEMPED VALUES (4707, 25, 82);
INSERT INTO PEDIDO VALUES (4708, 30, 20, 720);
INSERT INTO ITEMPED VALUES (4708, 78, 54);
INSERT INTO ITEMPED VALUES (4708, 13, 192);
INSERT INTO ITEMPED VALUES (4708, 22, 173);
INSERT INTO PEDIDO VALUES (4709, 45, 260, 209);
INSERT INTO ITEMPED VALUES (4709, 77, 23);
INSERT INTO ITEMPED VALUES (4709, 78, 108);
INSERT INTO ITEMPED VALUES (4709, 13, 147);
INSERT INTO PEDIDO VALUES (4710, 20, 290, 720);
INSERT INTO ITEMPED VALUES (4710, 13, 110);
INSERT INTO ITEMPED VALUES (4710, 22, 216);
INSERT INTO ITEMPED VALUES (4710, 25, 122);
INSERT INTO ITEMPED VALUES (4710, 31, 112);
INSERT INTO PEDIDO VALUES (4711, 30, 110, 240);
INSERT INTO ITEMPED VALUES (4711, 31, 264);
INSERT INTO PEDIDO VALUES (4712, 20, 20, 101);
INSERT INTO ITEMPED VALUES (4712, 22, 245);
INSERT INTO ITEMPED VALUES (4712, 25, 243);
INSERT INTO ITEMPED VALUES (4712, 31, 171);
INSERT INTO ITEMPED VALUES (4712, 45, 146);
INSERT INTO PEDIDO VALUES (4713, 60, 290, 209);
INSERT INTO ITEMPED VALUES (4713, 45, 203);
INSERT INTO ITEMPED VALUES (4713, 53, 264);
INSERT INTO ITEMPED VALUES (4713, 77, 223);
INSERT INTO ITEMPED VALUES (4713, 78, 139);
INSERT INTO ITEMPED VALUES (4713, 13, 230);
INSERT INTO PEDIDO VALUES (4714, 30, 390, 310);
INSERT INTO ITEMPED VALUES (4714, 77, 107);
INSERT INTO ITEMPED VALUES (4714, 78, 130);
INSERT INTO ITEMPED VALUES (4714, 13, 3);
INSERT INTO ITEMPED VALUES (4714, 22, 20);
INSERT INTO PEDIDO VALUES (4715, 20, 410, 111);
INSERT INTO ITEMPED VALUES (4715, 25, 143);
INSERT INTO ITEMPED VALUES (4715, 31, 200);
INSERT INTO ITEMPED VALUES (4715, 45, 142);
INSERT INTO ITEMPED VALUES (4715, 53, 244);
INSERT INTO ITEMPED VALUES (4715, 77, 243);
INSERT INTO PEDIDO VALUES (4716, 10, 110, 11);
INSERT INTO ITEMPED VALUES (4716, 53, 282);
INSERT INTO ITEMPED VALUES (4716, 77, 16);
INSERT INTO ITEMPED VALUES (4716, 78, 31);
INSERT INTO ITEMPED VALUES (4716, 13, 186);
INSERT INTO PEDIDO VALUES (4717, 30, 870, 111);
INSERT INTO ITEMPED VALUES (4717, 78, 203);
INSERT INTO ITEMPED VALUES (4717, 13, 6);
INSERT INTO ITEMPED VALUES (4717, 22, 234);
INSERT INTO ITEMPED VALUES (4717, 25, 298);
INSERT INTO PEDIDO VALUES (4718, 45, 871, 720);
INSERT INTO ITEMPED VALUES (4718, 77, 229);
INSERT INTO ITEMPED VALUES (4718, 78, 155);
INSERT INTO ITEMPED VALUES (4718, 13, 175);
INSERT INTO ITEMPED VALUES (4718, 22, 281);
INSERT INTO ITEMPED VALUES (4718, 25, 167);
INSERT INTO PEDIDO VALUES (4719, 10, 20, 11);
INSERT INTO ITEMPED VALUES (4719, 53, 220);
INSERT INTO ITEMPED VALUES (4719, 77, 270);
INSERT INTO PEDIDO VALUES (4720, 45, 110, 209);
INSERT INTO ITEMPED VALUES (4720, 25, 153);
INSERT INTO ITEMPED VALUES (4720, 31, 112);
INSERT INTO ITEMPED VALUES (4720, 45, 25);
INSERT INTO ITEMPED VALUES (4720, 53, 281);
INSERT INTO ITEMPED VALUES (4720, 77, 266);
INSERT INTO ITEMPED VALUES (4720, 78, 178);
INSERT INTO PEDIDO VALUES (4721, 10, 20, 111);
INSERT INTO ITEMPED VALUES (4721, 31, 135);
INSERT INTO ITEMPED VALUES (4721, 45, 104);
INSERT INTO PEDIDO VALUES (4722, 20, 260, 250);
INSERT INTO ITEMPED VALUES (4722, 25, 172);
INSERT INTO ITEMPED VALUES (4722, 31, 300);
INSERT INTO PEDIDO VALUES (4723, 60, 180, 240);
INSERT INTO ITEMPED VALUES (4723, 13, 95);
INSERT INTO ITEMPED VALUES (4723, 22, 200);
INSERT INTO ITEMPED VALUES (4723, 25, 21);
INSERT INTO ITEMPED VALUES (4723, 31, 111);
INSERT INTO ITEMPED VALUES (4723, 45, 23);
INSERT INTO ITEMPED VALUES (4723, 53, 208);
INSERT INTO PEDIDO VALUES (4724, 10, 830, 111);
INSERT INTO ITEMPED VALUES (4724, 22, 292);
INSERT INTO ITEMPED VALUES (4724, 25, 159);
INSERT INTO ITEMPED VALUES (4724, 31, 239);
INSERT INTO ITEMPED VALUES (4724, 45, 44);
INSERT INTO ITEMPED VALUES (4724, 53, 164);
INSERT INTO ITEMPED VALUES (4724, 77, 151);
INSERT INTO PEDIDO VALUES (4725, 30, 290, 250);
INSERT INTO ITEMPED VALUES (4725, 13, 242);
INSERT INTO ITEMPED VALUES (4725, 22, 279);
INSERT INTO PEDIDO VALUES (4726, 45, 390, 101);
INSERT INTO ITEMPED VALUES (4726, 53, 93);
INSERT INTO ITEMPED VALUES (4726, 77, 93);
INSERT INTO ITEMPED VALUES (4726, 78, 36);
INSERT INTO ITEMPED VALUES (4726, 13, 94);
INSERT INTO ITEMPED VALUES (4726, 22, 18);
INSERT INTO PEDIDO VALUES (4727, 10, 260, 240);
INSERT INTO ITEMPED VALUES (4727, 78, 202);
INSERT INTO ITEMPED VALUES (4727, 13, 301);
INSERT INTO ITEMPED VALUES (4727, 22, 198);
INSERT INTO PEDIDO VALUES (4728, 30, 390, 310);
INSERT INTO ITEMPED VALUES (4728, 45, 30);
INSERT INTO PEDIDO VALUES (4729, 45, 260, 11);
INSERT INTO ITEMPED VALUES (4729, 13, 111);
INSERT INTO ITEMPED VALUES (4729, 22, 53);
INSERT INTO ITEMPED VALUES (4729, 25, 259);
INSERT INTO ITEMPED VALUES (4729, 31, 141);
INSERT INTO ITEMPED VALUES (4729, 45, 121);
INSERT INTO PEDIDO VALUES (4730, 20, 180, 240);
INSERT INTO ITEMPED VALUES (4730, 31, 236);
INSERT INTO ITEMPED VALUES (4730, 45, 51);
INSERT INTO ITEMPED VALUES (4730, 53, 58);
INSERT INTO PEDIDO VALUES (4731, 30, 410, 310);
INSERT INTO ITEMPED VALUES (4731, 45, 177);
INSERT INTO ITEMPED VALUES (4731, 53, 132);
INSERT INTO ITEMPED VALUES (4731, 77, 275);
INSERT INTO PEDIDO VALUES (4732, 20, 830, 240);
INSERT INTO ITEMPED VALUES (4732, 22, 130);
INSERT INTO ITEMPED VALUES (4732, 25, 189);
INSERT INTO ITEMPED VALUES (4732, 31, 201);
INSERT INTO ITEMPED VALUES (4732, 45, 254);
INSERT INTO ITEMPED VALUES (4732, 53, 163);
INSERT INTO PEDIDO VALUES (4733, 30, 110, 11);
INSERT INTO ITEMPED VALUES (4733, 78, 289);
INSERT INTO PEDIDO VALUES (4734, 60, 290, 111);
INSERT INTO ITEMPED VALUES (4734, 45, 234);
INSERT INTO PEDIDO VALUES (4735, 20, 830, 250);
INSERT INTO ITEMPED VALUES (4735, 13, 72);
INSERT INTO ITEMPED VALUES (4735, 22, 52);
INSERT INTO ITEMPED VALUES (4735, 25, 46);
INSERT INTO ITEMPED VALUES (4735, 31, 125);
INSERT INTO ITEMPED VALUES (4735, 45, 222);
INSERT INTO PEDIDO VALUES (4736, 60, 720, 101);
INSERT INTO ITEMPED VALUES (4736, 45, 199);
INSERT INTO ITEMPED VALUES (4736, 53, 95);
INSERT INTO PEDIDO VALUES (4737, 20, 110, 250);
INSERT INTO ITEMPED VALUES (4737, 53, 83);
INSERT INTO PEDIDO VALUES (4738, 60, 410, 310);
INSERT INTO ITEMPED VALUES (4738, 77, 138);
INSERT INTO ITEMPED VALUES (4738, 78, 24);
INSERT INTO ITEMPED VALUES (4738, 13, 78);
INSERT INTO ITEMPED VALUES (4738, 22, 51);
INSERT INTO ITEMPED VALUES (4738, 25, 214);
INSERT INTO ITEMPED VALUES (4738, 31, 9);
INSERT INTO PEDIDO VALUES (4739, 45, 20, 213);
INSERT INTO ITEMPED VALUES (4739, 25, 32);
INSERT INTO ITEMPED VALUES (4739, 31, 104);
INSERT INTO ITEMPED VALUES (4739, 45, 18);
INSERT INTO PEDIDO VALUES (4740, 30, 720, 720);
INSERT INTO ITEMPED VALUES (4740, 78, 20);
INSERT INTO ITEMPED VALUES (4740, 13, 286);
INSERT INTO ITEMPED VALUES (4740, 22, 181);
INSERT INTO ITEMPED VALUES (4740, 25, 223);
INSERT INTO ITEMPED VALUES (4740, 31, 237);
INSERT INTO PEDIDO VALUES (4741, 60, 20, 11);
INSERT INTO ITEMPED VALUES (4741, 77, 119);
INSERT INTO ITEMPED VALUES (4741, 78, 38);
INSERT INTO ITEMPED VALUES (4741, 13, 202);
INSERT INTO ITEMPED VALUES (4741, 22, 16);
INSERT INTO ITEMPED VALUES (4741, 25, 292);
INSERT INTO ITEMPED VALUES (4741, 31, 166);
INSERT INTO PEDIDO VALUES (4742, 10, 260, 250);
INSERT INTO ITEMPED VALUES (4742, 45, 63);
INSERT INTO ITEMPED VALUES (4742, 53, 235);
INSERT INTO PEDIDO VALUES (4743, 45, 180, 310);
INSERT INTO ITEMPED VALUES (4743, 78, 48);
INSERT INTO ITEMPED VALUES (4743, 13, 91);
INSERT INTO ITEMPED VALUES (4743, 22, 22);
INSERT INTO PEDIDO VALUES (4744, 10, 410, 213);
INSERT INTO ITEMPED VALUES (4744, 25, 225);
INSERT INTO ITEMPED VALUES (4744, 31, 151);
INSERT INTO ITEMPED VALUES (4744, 45, 269);
INSERT INTO ITEMPED VALUES (4744, 53, 76);
INSERT INTO PEDIDO VALUES (4745, 30, 871, 111);
INSERT INTO ITEMPED VALUES (4745, 13, 293);
INSERT INTO ITEMPED VALUES (4745, 22, 272);
INSERT INTO ITEMPED VALUES (4745, 25, 32);
INSERT INTO ITEMPED VALUES (4745, 31, 220);
INSERT INTO ITEMPED VALUES (4745, 45, 172);
INSERT INTO ITEMPED VALUES (4745, 53, 225);
INSERT INTO PEDIDO VALUES (4746, 10, 20, 213);
INSERT INTO ITEMPED VALUES (4746, 45, 30);
INSERT INTO ITEMPED VALUES (4746, 53, 173);
INSERT INTO ITEMPED VALUES (4746, 77, 92);
INSERT INTO ITEMPED VALUES (4746, 78, 42);
INSERT INTO PEDIDO VALUES (4747, 30, 720, 111);
INSERT INTO ITEMPED VALUES (4747, 53, 32);
INSERT INTO PEDIDO VALUES (4748, 20, 410, 310);
INSERT INTO ITEMPED VALUES (4748, 78, 91);
INSERT INTO ITEMPED VALUES (4748, 13, 198);
INSERT INTO ITEMPED VALUES (4748, 22, 256);
INSERT INTO PEDIDO VALUES (4749, 45, 830, 111);
INSERT INTO ITEMPED VALUES (4749, 31, 289);
INSERT INTO ITEMPED VALUES (4749, 45, 87);
INSERT INTO ITEMPED VALUES (4749, 53, 264);
INSERT INTO ITEMPED VALUES (4749, 77, 246);
INSERT INTO ITEMPED VALUES (4749, 78, 182);
INSERT INTO PEDIDO VALUES (4750, 20, 870, 11);
INSERT INTO ITEMPED VALUES (4750, 25, 41);
INSERT INTO ITEMPED VALUES (4750, 31, 124);
INSERT INTO ITEMPED VALUES (4750, 45, 264);
INSERT INTO PEDIDO VALUES (4751, 45, 260, 240);
INSERT INTO ITEMPED VALUES (4751, 53, 221);
INSERT INTO ITEMPED VALUES (4751, 77, 176);
INSERT INTO ITEMPED VALUES (4751, 78, 228);
INSERT INTO ITEMPED VALUES (4751, 13, 239);
INSERT INTO ITEMPED VALUES (4751, 22, 110);
INSERT INTO PEDIDO VALUES (4752, 10, 830, 101);
INSERT INTO ITEMPED VALUES (4752, 13, 27);
INSERT INTO ITEMPED VALUES (4752, 22, 123);
INSERT INTO ITEMPED VALUES (4752, 25, 222);
INSERT INTO ITEMPED VALUES (4752, 31, 9);
INSERT INTO PEDIDO VALUES (4753, 30, 290, 111);
INSERT INTO ITEMPED VALUES (4753, 77, 269);
INSERT INTO ITEMPED VALUES (4753, 78, 179);
INSERT INTO ITEMPED VALUES (4753, 13, 263);
INSERT INTO ITEMPED VALUES (4753, 22, 254);
INSERT INTO ITEMPED VALUES (4753, 25, 243);
INSERT INTO ITEMPED VALUES (4753, 31, 171);
INSERT INTO PEDIDO VALUES (4754, 45, 390, 310);
INSERT INTO ITEMPED VALUES (4754, 13, 244);
INSERT INTO PEDIDO VALUES (4755, 60, 180, 250);
INSERT INTO ITEMPED VALUES (4755, 53, 176);
INSERT INTO ITEMPED VALUES (4755, 77, 135);
INSERT INTO ITEMPED VALUES (4755, 78, 209);
INSERT INTO ITEMPED VALUES (4755, 13, 225);
INSERT INTO PEDIDO VALUES (4756, 30, 260, 11);
INSERT INTO ITEMPED VALUES (4756, 78, 83);
INSERT INTO ITEMPED VALUES (4756, 13, 5);
INSERT INTO ITEMPED VALUES (4756, 22, 3);
INSERT INTO ITEMPED VALUES (4756, 25, 139);
INSERT INTO PEDIDO VALUES (4757, 60, 720, 213);
INSERT INTO ITEMPED VALUES (4757, 22, 215);
INSERT INTO PEDIDO VALUES (4758, 30, 110, 310);
INSERT INTO ITEMPED VALUES (4758, 78, 128);
INSERT INTO ITEMPED VALUES (4758, 13, 41);
INSERT INTO ITEMPED VALUES (4758, 22, 107);
INSERT INTO ITEMPED VALUES (4758, 25, 188);
INSERT INTO PEDIDO VALUES (4759, 45, 260, 111);
INSERT INTO ITEMPED VALUES (4759, 25, 244);
INSERT INTO ITEMPED VALUES (4759, 31, 106);
INSERT INTO ITEMPED VALUES (4759, 45, 84);
INSERT INTO ITEMPED VALUES (4759, 53, 207);
INSERT INTO ITEMPED VALUES (4759, 77, 111);
INSERT INTO PEDIDO VALUES (4760, 60, 390, 310);
INSERT INTO ITEMPED VALUES (4760, 31, 251);
INSERT INTO ITEMPED VALUES (4760, 45, 151);
INSERT INTO ITEMPED VALUES (4760, 53, 277);
INSERT INTO ITEMPED VALUES (4760, 77, 184);
INSERT INTO ITEMPED VALUES (4760, 78, 291);
INSERT INTO ITEMPED VALUES (4760, 13, 64);
INSERT INTO PEDIDO VALUES (4761, 10, 870, 11);
INSERT INTO ITEMPED VALUES (4761, 53, 97);
INSERT INTO ITEMPED VALUES (4761, 77, 223);
INSERT INTO ITEMPED VALUES (4761, 78, 178);
INSERT INTO ITEMPED VALUES (4761, 13, 255);
INSERT INTO PEDIDO VALUES (4762, 60, 390, 111);
INSERT INTO ITEMPED VALUES (4762, 78, 67);
INSERT INTO ITEMPED VALUES (4762, 13, 211);
INSERT INTO ITEMPED VALUES (4762, 22, 213);
INSERT INTO ITEMPED VALUES (4762, 25, 32);
INSERT INTO ITEMPED VALUES (4762, 31, 32);
INSERT INTO ITEMPED VALUES (4762, 45, 164);
INSERT INTO PEDIDO VALUES (4763, 20, 20, 250);
INSERT INTO ITEMPED VALUES (4763, 31, 301);
INSERT INTO ITEMPED VALUES (4763, 45, 48);
INSERT INTO ITEMPED VALUES (4763, 53, 136);
INSERT INTO PEDIDO VALUES (4764, 10, 260, 213);
INSERT INTO ITEMPED VALUES (4764, 78, 186);
INSERT INTO ITEMPED VALUES (4764, 13, 115);
INSERT INTO ITEMPED VALUES (4764, 22, 223);
INSERT INTO ITEMPED VALUES (4764, 25, 254);
INSERT INTO ITEMPED VALUES (4764, 31, 164);
INSERT INTO ITEMPED VALUES (4764, 45, 151);
INSERT INTO PEDIDO VALUES (4765, 60, 390, 209);
INSERT INTO ITEMPED VALUES (4765, 13, 154);
INSERT INTO ITEMPED VALUES (4765, 22, 53);
INSERT INTO PEDIDO VALUES (4766, 30, 20, 310);
INSERT INTO ITEMPED VALUES (4766, 22, 4);
INSERT INTO ITEMPED VALUES (4766, 25, 260);
INSERT INTO ITEMPED VALUES (4766, 31, 295);
INSERT INTO PEDIDO VALUES (4767, 60, 290, 213);
INSERT INTO ITEMPED VALUES (4767, 77, 224);
INSERT INTO ITEMPED VALUES (4767, 78, 240);
INSERT INTO PEDIDO VALUES (4768, 20, 410, 250);
INSERT INTO ITEMPED VALUES (4768, 45, 14);
INSERT INTO ITEMPED VALUES (4768, 53, 253);
INSERT INTO ITEMPED VALUES (4768, 77, 29);
INSERT INTO ITEMPED VALUES (4768, 78, 294);
INSERT INTO ITEMPED VALUES (4768, 13, 276);
INSERT INTO ITEMPED VALUES (4768, 22, 120);
INSERT INTO PEDIDO VALUES (4769, 45, 180, 111);
INSERT INTO ITEMPED VALUES (4769, 31, 156);
INSERT INTO ITEMPED VALUES (4769, 45, 87);
INSERT INTO ITEMPED VALUES (4769, 53, 168);
INSERT INTO ITEMPED VALUES (4769, 77, 149);
INSERT INTO ITEMPED VALUES (4769, 78, 49);
INSERT INTO ITEMPED VALUES (4769, 13, 129);
INSERT INTO PEDIDO VALUES (4770, 20, 260, 720);
INSERT INTO ITEMPED VALUES (4770, 22, 218);
INSERT INTO ITEMPED VALUES (4770, 25, 108);
INSERT INTO PEDIDO VALUES (4771, 60, 290, 213);
INSERT INTO ITEMPED VALUES (4771, 53, 179);
INSERT INTO ITEMPED VALUES (4771, 77, 300);
INSERT INTO ITEMPED VALUES (4771, 78, 288);
INSERT INTO PEDIDO VALUES (4772, 10, 830, 720);
INSERT INTO ITEMPED VALUES (4772, 77, 284);
INSERT INTO ITEMPED VALUES (4772, 78, 59);
INSERT INTO ITEMPED VALUES (4772, 13, 272);
INSERT INTO PEDIDO VALUES (4773, 60, 260, 250);
INSERT INTO ITEMPED VALUES (4773, 45, 131);
INSERT INTO ITEMPED VALUES (4773, 53, 278);
INSERT INTO ITEMPED VALUES (4773, 77, 237);
INSERT INTO PEDIDO VALUES (4774, 10, 390, 111);
INSERT INTO ITEMPED VALUES (4774, 31, 19);
INSERT INTO ITEMPED VALUES (4774, 45, 176);
INSERT INTO PEDIDO VALUES (4775, 45, 410, 310);
INSERT INTO ITEMPED VALUES (4775, 77, 92);
INSERT INTO ITEMPED VALUES (4775, 78, 105);
INSERT INTO ITEMPED VALUES (4775, 13, 71);
INSERT INTO ITEMPED VALUES (4775, 22, 143);
INSERT INTO PEDIDO VALUES (4776, 10, 830, 11);
INSERT INTO ITEMPED VALUES (4776, 31, 108);
INSERT INTO ITEMPED VALUES (4776, 45, 285);
INSERT INTO PEDIDO VALUES (4777, 20, 410, 101);
INSERT INTO ITEMPED VALUES (4777, 13, 45);
INSERT INTO ITEMPED VALUES (4777, 22, 221);
INSERT INTO ITEMPED VALUES (4777, 25, 7);
INSERT INTO ITEMPED VALUES (4777, 31, 188);
INSERT INTO ITEMPED VALUES (4777, 45, 9);
INSERT INTO ITEMPED VALUES (4777, 53, 163);
INSERT INTO PEDIDO VALUES (4778, 45, 260, 11);
INSERT INTO ITEMPED VALUES (4778, 45, 249);
INSERT INTO ITEMPED VALUES (4778, 53, 221);
INSERT INTO PEDIDO VALUES (4779, 60, 180, 250);
INSERT INTO ITEMPED VALUES (4779, 78, 139);
INSERT INTO PEDIDO VALUES (4780, 20, 871, 11);
INSERT INTO ITEMPED VALUES (4780, 25, 234);
INSERT INTO ITEMPED VALUES (4780, 31, 97);
INSERT INTO ITEMPED VALUES (4780, 45, 33);
INSERT INTO ITEMPED VALUES (4780, 53, 269);
INSERT INTO ITEMPED VALUES (4780, 77, 214);
INSERT INTO ITEMPED VALUES (4780, 78, 13);
INSERT INTO PEDIDO VALUES (4781, 60, 410, 111);
INSERT INTO ITEMPED VALUES (4781, 78, 242);
INSERT INTO ITEMPED VALUES (4781, 13, 30);
INSERT INTO ITEMPED VALUES (4781, 22, 265);
INSERT INTO ITEMPED VALUES (4781, 25, 111);
INSERT INTO ITEMPED VALUES (4781, 31, 173);
INSERT INTO ITEMPED VALUES (4781, 45, 213);
INSERT INTO PEDIDO VALUES (4782, 10, 260, 101);
INSERT INTO ITEMPED VALUES (4782, 45, 30);
INSERT INTO ITEMPED VALUES (4782, 53, 83);
INSERT INTO ITEMPED VALUES (4782, 77, 206);
INSERT INTO ITEMPED VALUES (4782, 78, 214);
INSERT INTO PEDIDO VALUES (4783, 45, 390, 111);
INSERT INTO ITEMPED VALUES (4783, 78, 67);
INSERT INTO ITEMPED VALUES (4783, 13, 48);
INSERT INTO ITEMPED VALUES (4783, 22, 168);
INSERT INTO ITEMPED VALUES (4783, 25, 143);
INSERT INTO PEDIDO VALUES (4784, 10, 870, 720);
INSERT INTO ITEMPED VALUES (4784, 53, 23);
INSERT INTO ITEMPED VALUES (4784, 77, 186);
INSERT INTO ITEMPED VALUES (4784, 78, 76);
INSERT INTO PEDIDO VALUES (4785, 60, 410, 310);
INSERT INTO ITEMPED VALUES (4785, 31, 185);
INSERT INTO ITEMPED VALUES (4785, 45, 93);
INSERT INTO ITEMPED VALUES (4785, 53, 152);
INSERT INTO ITEMPED VALUES (4785, 77, 171);
INSERT INTO ITEMPED VALUES (4785, 78, 52);
INSERT INTO ITEMPED VALUES (4785, 13, 252);
INSERT INTO PEDIDO VALUES (4786, 30, 871, 720);
INSERT INTO ITEMPED VALUES (4786, 25, 108);
INSERT INTO ITEMPED VALUES (4786, 31, 17);
INSERT INTO ITEMPED VALUES (4786, 45, 243);
INSERT INTO PEDIDO VALUES (4787, 45, 390, 209);
INSERT INTO ITEMPED VALUES (4787, 22, 13);
INSERT INTO ITEMPED VALUES (4787, 25, 145);
INSERT INTO ITEMPED VALUES (4787, 31, 130);
INSERT INTO ITEMPED VALUES (4787, 45, 182);
INSERT INTO PEDIDO VALUES (4788, 20, 290, 240);
INSERT INTO ITEMPED VALUES (4788, 77, 11);
INSERT INTO PEDIDO VALUES (4789, 60, 260, 720);
INSERT INTO ITEMPED VALUES (4789, 78, 23);
INSERT INTO ITEMPED VALUES (4789, 13, 158);
INSERT INTO PEDIDO VALUES (4790, 10, 20, 310);
INSERT INTO ITEMPED VALUES (4790, 77, 298);
INSERT INTO PEDIDO VALUES (4791, 30, 110, 209);
INSERT INTO ITEMPED VALUES (4791, 13, 30);
INSERT INTO ITEMPED VALUES (4791, 22, 265);
INSERT INTO ITEMPED VALUES (4791, 25, 7);
INSERT INTO ITEMPED VALUES (4791, 31, 138);
INSERT INTO ITEMPED VALUES (4791, 45, 274);
INSERT INTO PEDIDO VALUES (4792, 45, 260, 213);
INSERT INTO ITEMPED VALUES (4792, 25, 275);
INSERT INTO ITEMPED VALUES (4792, 31, 122);
INSERT INTO ITEMPED VALUES (4792, 45, 115);
INSERT INTO ITEMPED VALUES (4792, 53, 275);
INSERT INTO ITEMPED VALUES (4792, 77, 81);
INSERT INTO ITEMPED VALUES (4792, 78, 168);
INSERT INTO PEDIDO VALUES (4793, 30, 410, 250);
INSERT INTO ITEMPED VALUES (4793, 45, 122);
INSERT INTO ITEMPED VALUES (4793, 53, 161);
INSERT INTO ITEMPED VALUES (4793, 77, 227);
INSERT INTO ITEMPED VALUES (4793, 78, 123);
INSERT INTO ITEMPED VALUES (4793, 13, 207);
INSERT INTO ITEMPED VALUES (4793, 22, 210);
INSERT INTO PEDIDO VALUES (4794, 45, 290, 310);
INSERT INTO ITEMPED VALUES (4794, 31, 186);
INSERT INTO PEDIDO VALUES (4795, 30, 110, 11);
INSERT INTO ITEMPED VALUES (4795, 25, 218);
INSERT INTO ITEMPED VALUES (4795, 31, 89);
INSERT INTO ITEMPED VALUES (4795, 45, 23);
INSERT INTO ITEMPED VALUES (4795, 53, 244);
INSERT INTO ITEMPED VALUES (4795, 77, 133);
INSERT INTO ITEMPED VALUES (4795, 78, 124);
INSERT INTO PEDIDO VALUES (4796, 45, 720, 310);
INSERT INTO ITEMPED VALUES (4796, 53, 12);
INSERT INTO ITEMPED VALUES (4796, 77, 217);
INSERT INTO ITEMPED VALUES (4796, 78, 62);
INSERT INTO PEDIDO VALUES (4797, 10, 390, 101);
INSERT INTO ITEMPED VALUES (4797, 22, 149);
INSERT INTO PEDIDO VALUES (4798, 20, 410, 213);
INSERT INTO ITEMPED VALUES (4798, 77, 47);
INSERT INTO ITEMPED VALUES (4798, 78, 83);
INSERT INTO ITEMPED VALUES (4798, 13, 300);
INSERT INTO ITEMPED VALUES (4798, 22, 175);
INSERT INTO PEDIDO VALUES (4799, 60, 871, 111);
INSERT INTO ITEMPED VALUES (4799, 13, 196);
INSERT INTO ITEMPED VALUES (4799, 22, 6);
INSERT INTO ITEMPED VALUES (4799, 25, 176);
INSERT INTO ITEMPED VALUES (4799, 31, 18);
INSERT INTO PEDIDO VALUES (4800, 10, 410, 250);
INSERT INTO ITEMPED VALUES (4800, 25, 195);
INSERT INTO ITEMPED VALUES (4800, 31, 165);
INSERT INTO PEDIDO VALUES (4801, 20, 260, 111);
INSERT INTO ITEMPED VALUES (4801, 77, 57);
INSERT INTO ITEMPED VALUES (4801, 78, 198);
INSERT INTO ITEMPED VALUES (4801, 13, 253);
INSERT INTO ITEMPED VALUES (4801, 22, 176);
INSERT INTO PEDIDO VALUES (4802, 10, 830, 310);
INSERT INTO ITEMPED VALUES (4802, 13, 230);
INSERT INTO ITEMPED VALUES (4802, 22, 79);
INSERT INTO ITEMPED VALUES (4802, 25, 212);
INSERT INTO ITEMPED VALUES (4802, 31, 203);
INSERT INTO ITEMPED VALUES (4802, 45, 159);
INSERT INTO PEDIDO VALUES (4803, 30, 180, 250);
INSERT INTO ITEMPED VALUES (4803, 77, 57);
INSERT INTO ITEMPED VALUES (4803, 78, 166);
INSERT INTO PEDIDO VALUES (4804, 60, 110, 310);
INSERT INTO ITEMPED VALUES (4804, 53, 259);
INSERT INTO ITEMPED VALUES (4804, 77, 167);
INSERT INTO PEDIDO VALUES (4805, 30, 20, 213);
INSERT INTO ITEMPED VALUES (4805, 13, 33);
INSERT INTO ITEMPED VALUES (4805, 22, 120);
INSERT INTO ITEMPED VALUES (4805, 25, 190);
INSERT INTO PEDIDO VALUES (4806, 20, 390, 720);
INSERT INTO ITEMPED VALUES (4806, 22, 149);
INSERT INTO ITEMPED VALUES (4806, 25, 74);
INSERT INTO ITEMPED VALUES (4806, 31, 97);
INSERT INTO PEDIDO VALUES (4807, 60, 720, 209);
INSERT INTO ITEMPED VALUES (4807, 31, 229);
INSERT INTO ITEMPED VALUES (4807, 45, 266);
INSERT INTO ITEMPED VALUES (4807, 53, 299);
INSERT INTO ITEMPED VALUES (4807, 77, 138);
INSERT INTO PEDIDO VALUES (4808, 45, 260, 213);
INSERT INTO ITEMPED VALUES (4808, 53, 143);
INSERT INTO ITEMPED VALUES (4808, 77, 30);
INSERT INTO ITEMPED VALUES (4808, 78, 80);
INSERT INTO PEDIDO VALUES (4809, 60, 870, 209);
INSERT INTO ITEMPED VALUES (4809, 77, 40);
INSERT INTO ITEMPED VALUES (4809, 78, 124);
INSERT INTO PEDIDO VALUES (4810, 45, 830, 240);
INSERT INTO ITEMPED VALUES (4810, 78, 57);
INSERT INTO ITEMPED VALUES (4810, 13, 67);
INSERT INTO ITEMPED VALUES (4810, 22, 12);
INSERT INTO ITEMPED VALUES (4810, 25, 41);
INSERT INTO ITEMPED VALUES (4810, 31, 124);
INSERT INTO PEDIDO VALUES (4811, 60, 260, 209);
INSERT INTO ITEMPED VALUES (4811, 31, 163);
INSERT INTO ITEMPED VALUES (4811, 45, 163);
INSERT INTO ITEMPED VALUES (4811, 53, 51);
INSERT INTO ITEMPED VALUES (4811, 77, 185);
INSERT INTO PEDIDO VALUES (4812, 20, 830, 111);
INSERT INTO ITEMPED VALUES (4812, 78, 222);
INSERT INTO ITEMPED VALUES (4812, 13, 40);
INSERT INTO PEDIDO VALUES (4813, 60, 110, 209);
INSERT INTO ITEMPED VALUES (4813, 25, 43);
INSERT INTO ITEMPED VALUES (4813, 31, 260);
INSERT INTO ITEMPED VALUES (4813, 45, 288);
INSERT INTO PEDIDO VALUES (4814, 10, 830, 720);
INSERT INTO ITEMPED VALUES (4814, 22, 263);
INSERT INTO ITEMPED VALUES (4814, 25, 92);
INSERT INTO ITEMPED VALUES (4814, 31, 234);
INSERT INTO ITEMPED VALUES (4814, 45, 42);
INSERT INTO PEDIDO VALUES (4815, 45, 720, 11);
INSERT INTO ITEMPED VALUES (4815, 53, 115);
INSERT INTO ITEMPED VALUES (4815, 77, 247);
INSERT INTO ITEMPED VALUES (4815, 78, 106);
INSERT INTO ITEMPED VALUES (4815, 13, 66);
INSERT INTO ITEMPED VALUES (4815, 22, 79);
INSERT INTO PEDIDO VALUES (4816, 20, 830, 213);
INSERT INTO ITEMPED VALUES (4816, 25, 242);
INSERT INTO ITEMPED VALUES (4816, 31, 166);
INSERT INTO ITEMPED VALUES (4816, 45, 274);
INSERT INTO PEDIDO VALUES (4817, 60, 720, 11);
INSERT INTO ITEMPED VALUES (4817, 31, 175);
INSERT INTO PEDIDO VALUES (4818, 45, 110, 240);
INSERT INTO ITEMPED VALUES (4818, 45, 250);
INSERT INTO PEDIDO VALUES (4819, 10, 20, 213);
INSERT INTO ITEMPED VALUES (4819, 77, 111);
INSERT INTO ITEMPED VALUES (4819, 78, 208);
INSERT INTO ITEMPED VALUES (4819, 13, 134);
INSERT INTO PEDIDO VALUES (4820, 20, 110, 101);
INSERT INTO ITEMPED VALUES (4820, 78, 265);
INSERT INTO ITEMPED VALUES (4820, 13, 102);
INSERT INTO ITEMPED VALUES (4820, 22, 284);
INSERT INTO ITEMPED VALUES (4820, 25, 232);
INSERT INTO PEDIDO VALUES (4821, 45, 260, 240);
INSERT INTO ITEMPED VALUES (4821, 22, 121);
INSERT INTO ITEMPED VALUES (4821, 25, 16);
INSERT INTO ITEMPED VALUES (4821, 31, 86);
INSERT INTO PEDIDO VALUES (4822, 60, 110, 111);
INSERT INTO ITEMPED VALUES (4822, 31, 188);
INSERT INTO ITEMPED VALUES (4822, 45, 246);
INSERT INTO ITEMPED VALUES (4822, 53, 217);
INSERT INTO ITEMPED VALUES (4822, 77, 257);
INSERT INTO ITEMPED VALUES (4822, 78, 169);
INSERT INTO PEDIDO VALUES (4823, 20, 180, 250);
INSERT INTO ITEMPED VALUES (4823, 25, 124);
INSERT INTO ITEMPED VALUES (4823, 31, 75);
INSERT INTO PEDIDO VALUES (4824, 30, 290, 11);
INSERT INTO ITEMPED VALUES (4824, 31, 256);
INSERT INTO ITEMPED VALUES (4824, 45, 33);
INSERT INTO PEDIDO VALUES (4825, 20, 110, 213);
INSERT INTO ITEMPED VALUES (4825, 13, 189);
INSERT INTO PEDIDO VALUES (4826, 30, 290, 310);
INSERT INTO ITEMPED VALUES (4826, 53, 263);
INSERT INTO ITEMPED VALUES (4826, 77, 132);
INSERT INTO ITEMPED VALUES (4826, 78, 183);
INSERT INTO ITEMPED VALUES (4826, 13, 8);
INSERT INTO ITEMPED VALUES (4826, 22, 290);
INSERT INTO PEDIDO VALUES (4827, 45, 870, 720);
INSERT INTO ITEMPED VALUES (4827, 77, 258);
INSERT INTO ITEMPED VALUES (4827, 78, 300);
INSERT INTO ITEMPED VALUES (4827, 13, 169);
INSERT INTO ITEMPED VALUES (4827, 22, 85);
INSERT INTO PEDIDO VALUES (4828, 10, 20, 250);
INSERT INTO ITEMPED VALUES (4828, 53, 199);
INSERT INTO ITEMPED VALUES (4828, 77, 72);
INSERT INTO ITEMPED VALUES (4828, 78, 253);
INSERT INTO ITEMPED VALUES (4828, 13, 17);
INSERT INTO ITEMPED VALUES (4828, 22, 85);
INSERT INTO ITEMPED VALUES (4828, 25, 11);
INSERT INTO PEDIDO VALUES (4829, 20, 871, 213);
INSERT INTO ITEMPED VALUES (4829, 77, 222);
INSERT INTO PEDIDO VALUES (4830, 10, 290, 209);
INSERT INTO ITEMPED VALUES (4830, 78, 90);
INSERT INTO ITEMPED VALUES (4830, 13, 86);
INSERT INTO ITEMPED VALUES (4830, 22, 60);
INSERT INTO ITEMPED VALUES (4830, 25, 254);
INSERT INTO PEDIDO VALUES (4831, 60, 390, 310);
INSERT INTO ITEMPED VALUES (4831, 13, 149);
INSERT INTO ITEMPED VALUES (4831, 22, 273);
INSERT INTO ITEMPED VALUES (4831, 25, 295);
INSERT INTO ITEMPED VALUES (4831, 31, 265);
INSERT INTO PEDIDO VALUES (4832, 30, 20, 101);
INSERT INTO ITEMPED VALUES (4832, 25, 7);
INSERT INTO PEDIDO VALUES (4833, 45, 830, 111);
INSERT INTO ITEMPED VALUES (4833, 31, 119);
INSERT INTO ITEMPED VALUES (4833, 45, 3);
INSERT INTO ITEMPED VALUES (4833, 53, 113);
INSERT INTO ITEMPED VALUES (4833, 77, 220);
INSERT INTO ITEMPED VALUES (4833, 78, 172);
INSERT INTO PEDIDO VALUES (4834, 60, 180, 213);
INSERT INTO ITEMPED VALUES (4834, 25, 65);
INSERT INTO ITEMPED VALUES (4834, 31, 76);
INSERT INTO PEDIDO VALUES (4835, 45, 20, 11);
INSERT INTO ITEMPED VALUES (4835, 53, 40);
INSERT INTO ITEMPED VALUES (4835, 77, 116);
INSERT INTO ITEMPED VALUES (4835, 78, 230);
INSERT INTO PEDIDO VALUES (4836, 20, 260, 209);
INSERT INTO ITEMPED VALUES (4836, 22, 93);
INSERT INTO ITEMPED VALUES (4836, 25, 87);
INSERT INTO PEDIDO VALUES (4837, 45, 110, 11);
INSERT INTO ITEMPED VALUES (4837, 78, 239);
INSERT INTO ITEMPED VALUES (4837, 13, 275);
INSERT INTO ITEMPED VALUES (4837, 22, 239);
INSERT INTO ITEMPED VALUES (4837, 25, 131);
INSERT INTO ITEMPED VALUES (4837, 31, 279);
INSERT INTO PEDIDO VALUES (4838, 20, 180, 111);
INSERT INTO ITEMPED VALUES (4838, 45, 221);
INSERT INTO ITEMPED VALUES (4838, 53, 133);
INSERT INTO ITEMPED VALUES (4838, 77, 86);
INSERT INTO PEDIDO VALUES (4839, 30, 410, 209);
INSERT INTO ITEMPED VALUES (4839, 78, 271);
INSERT INTO ITEMPED VALUES (4839, 13, 27);
INSERT INTO ITEMPED VALUES (4839, 22, 69);
INSERT INTO ITEMPED VALUES (4839, 25, 40);
INSERT INTO PEDIDO VALUES (4840, 10, 830, 101);
INSERT INTO ITEMPED VALUES (4840, 77, 122);
INSERT INTO ITEMPED VALUES (4840, 78, 80);
INSERT INTO ITEMPED VALUES (4840, 13, 223);
INSERT INTO ITEMPED VALUES (4840, 22, 276);
INSERT INTO PEDIDO VALUES (4841, 30, 110, 250);
INSERT INTO ITEMPED VALUES (4841, 45, 45);
INSERT INTO ITEMPED VALUES (4841, 53, 202);
INSERT INTO ITEMPED VALUES (4841, 77, 160);
INSERT INTO PEDIDO VALUES (4842, 60, 870, 240);
INSERT INTO ITEMPED VALUES (4842, 53, 93);
INSERT INTO ITEMPED VALUES (4842, 77, 156);
INSERT INTO ITEMPED VALUES (4842, 78, 8);
INSERT INTO PEDIDO VALUES (4843, 20, 20, 111);
INSERT INTO ITEMPED VALUES (4843, 31, 170);
INSERT INTO PEDIDO VALUES (4844, 45, 871, 240);
INSERT INTO ITEMPED VALUES (4844, 78, 49);
INSERT INTO ITEMPED VALUES (4844, 13, 53);
INSERT INTO PEDIDO VALUES (4845, 10, 720, 209);
INSERT INTO ITEMPED VALUES (4845, 25, 149);
INSERT INTO PEDIDO VALUES (4846, 60, 830, 213);
INSERT INTO ITEMPED VALUES (4846, 31, 96);
INSERT INTO ITEMPED VALUES (4846, 45, 259);
INSERT INTO ITEMPED VALUES (4846, 53, 156);
INSERT INTO PEDIDO VALUES (4847, 20, 180, 11);
INSERT INTO ITEMPED VALUES (4847, 78, 65);
INSERT INTO ITEMPED VALUES (4847, 13, 159);
INSERT INTO ITEMPED VALUES (4847, 22, 217);
INSERT INTO PEDIDO VALUES (4848, 10, 871, 720);
INSERT INTO ITEMPED VALUES (4848, 77, 96);
INSERT INTO PEDIDO VALUES (4849, 30, 260, 250);
INSERT INTO ITEMPED VALUES (4849, 13, 46);
INSERT INTO ITEMPED VALUES (4849, 22, 230);
INSERT INTO ITEMPED VALUES (4849, 25, 16);
INSERT INTO ITEMPED VALUES (4849, 31, 180);
INSERT INTO ITEMPED VALUES (4849, 45, 80);
INSERT INTO PEDIDO VALUES (4850, 20, 390, 213);
INSERT INTO ITEMPED VALUES (4850, 78, 289);
INSERT INTO PEDIDO VALUES (4851, 60, 870, 310);
INSERT INTO ITEMPED VALUES (4851, 45, 55);
INSERT INTO ITEMPED VALUES (4851, 53, 106);
INSERT INTO ITEMPED VALUES (4851, 77, 291);
INSERT INTO PEDIDO VALUES (4852, 30, 830, 213);
INSERT INTO ITEMPED VALUES (4852, 53, 142);
INSERT INTO ITEMPED VALUES (4852, 77, 213);
INSERT INTO ITEMPED VALUES (4852, 78, 250);
INSERT INTO ITEMPED VALUES (4852, 13, 256);
INSERT INTO ITEMPED VALUES (4852, 22, 209);
INSERT INTO PEDIDO VALUES (4853, 10, 720, 11);
INSERT INTO ITEMPED VALUES (4853, 31, 268);
INSERT INTO ITEMPED VALUES (4853, 45, 95);
INSERT INTO ITEMPED VALUES (4853, 53, 81);
INSERT INTO ITEMPED VALUES (4853, 77, 296);
INSERT INTO ITEMPED VALUES (4853, 78, 25);
INSERT INTO PEDIDO VALUES (4854, 45, 410, 720);
INSERT INTO ITEMPED VALUES (4854, 13, 111);
INSERT INTO ITEMPED VALUES (4854, 22, 133);
INSERT INTO ITEMPED VALUES (4854, 25, 107);
INSERT INTO ITEMPED VALUES (4854, 31, 285);
INSERT INTO ITEMPED VALUES (4854, 45, 192);
INSERT INTO ITEMPED VALUES (4854, 53, 120);
INSERT INTO PEDIDO VALUES (4855, 20, 830, 310);
INSERT INTO ITEMPED VALUES (4855, 31, 24);
INSERT INTO ITEMPED VALUES (4855, 45, 15);
INSERT INTO ITEMPED VALUES (4855, 53, 298);
INSERT INTO ITEMPED VALUES (4855, 77, 297);
INSERT INTO PEDIDO VALUES (4856, 10, 720, 11);
INSERT INTO ITEMPED VALUES (4856, 22, 213);
INSERT INTO ITEMPED VALUES (4856, 25, 118);
INSERT INTO ITEMPED VALUES (4856, 31, 231);
INSERT INTO ITEMPED VALUES (4856, 45, 41);
INSERT INTO PEDIDO VALUES (4857, 20, 180, 250);
INSERT INTO ITEMPED VALUES (4857, 31, 285);
INSERT INTO ITEMPED VALUES (4857, 45, 143);
INSERT INTO ITEMPED VALUES (4857, 53, 238);
INSERT INTO PEDIDO VALUES (4858, 45, 290, 209);
INSERT INTO ITEMPED VALUES (4858, 78, 201);
INSERT INTO ITEMPED VALUES (4858, 13, 127);
INSERT INTO PEDIDO VALUES (4859, 10, 870, 310);
INSERT INTO ITEMPED VALUES (4859, 25, 190);
INSERT INTO PEDIDO VALUES (4860, 20, 180, 111);
INSERT INTO ITEMPED VALUES (4860, 78, 248);
INSERT INTO ITEMPED VALUES (4860, 13, 21);
INSERT INTO ITEMPED VALUES (4860, 22, 64);
INSERT INTO ITEMPED VALUES (4860, 25, 124);
INSERT INTO ITEMPED VALUES (4860, 31, 8);
INSERT INTO ITEMPED VALUES (4860, 45, 217);
INSERT INTO PEDIDO VALUES (4861, 30, 390, 101);
INSERT INTO ITEMPED VALUES (4861, 77, 244);
INSERT INTO ITEMPED VALUES (4861, 78, 68);
INSERT INTO ITEMPED VALUES (4861, 13, 219);
INSERT INTO ITEMPED VALUES (4861, 22, 266);
INSERT INTO ITEMPED VALUES (4861, 25, 24);
INSERT INTO ITEMPED VALUES (4861, 31, 7);
INSERT INTO PEDIDO VALUES (4862, 60, 20, 209);
INSERT INTO ITEMPED VALUES (4862, 22, 300);
INSERT INTO ITEMPED VALUES (4862, 25, 14);
INSERT INTO ITEMPED VALUES (4862, 31, 257);
INSERT INTO ITEMPED VALUES (4862, 45, 92);
INSERT INTO PEDIDO VALUES (4863, 10, 110, 213);
INSERT INTO ITEMPED VALUES (4863, 31, 67);
INSERT INTO ITEMPED VALUES (4863, 45, 119);
INSERT INTO ITEMPED VALUES (4863, 53, 142);
INSERT INTO PEDIDO VALUES (4864, 60, 290, 11);
INSERT INTO ITEMPED VALUES (4864, 22, 210);
INSERT INTO PEDIDO VALUES (4865, 20, 20, 209);
INSERT INTO ITEMPED VALUES (4865, 53, 43);
INSERT INTO ITEMPED VALUES (4865, 77, 78);
INSERT INTO ITEMPED VALUES (4865, 78, 279);
INSERT INTO ITEMPED VALUES (4865, 13, 8);
INSERT INTO PEDIDO VALUES (4866, 30, 410, 101);
INSERT INTO ITEMPED VALUES (4866, 13, 160);
INSERT INTO ITEMPED VALUES (4866, 22, 189);
INSERT INTO PEDIDO VALUES (4867, 20, 110, 11);
INSERT INTO ITEMPED VALUES (4867, 77, 226);
INSERT INTO ITEMPED VALUES (4867, 78, 90);
INSERT INTO ITEMPED VALUES (4867, 13, 225);
INSERT INTO ITEMPED VALUES (4867, 22, 284);
INSERT INTO ITEMPED VALUES (4867, 25, 275);
INSERT INTO ITEMPED VALUES (4867, 31, 276);
INSERT INTO PEDIDO VALUES (4868, 60, 20, 101);
INSERT INTO ITEMPED VALUES (4868, 25, 6);
INSERT INTO ITEMPED VALUES (4868, 31, 6);
INSERT INTO ITEMPED VALUES (4868, 45, 93);
INSERT INTO ITEMPED VALUES (4868, 53, 124);
INSERT INTO ITEMPED VALUES (4868, 77, 105);
INSERT INTO PEDIDO VALUES (4869, 45, 390, 310);
INSERT INTO ITEMPED VALUES (4869, 77, 184);
INSERT INTO ITEMPED VALUES (4869, 78, 19);
INSERT INTO ITEMPED VALUES (4869, 13, 210);
INSERT INTO PEDIDO VALUES (4870, 60, 830, 11);
INSERT INTO ITEMPED VALUES (4870, 78, 297);
INSERT INTO ITEMPED VALUES (4870, 13, 259);
INSERT INTO ITEMPED VALUES (4870, 22, 241);
INSERT INTO PEDIDO VALUES (4871, 45, 390, 101);
INSERT INTO ITEMPED VALUES (4871, 77, 6);
INSERT INTO ITEMPED VALUES (4871, 78, 89);
INSERT INTO ITEMPED VALUES (4871, 13, 128);
INSERT INTO PEDIDO VALUES (4872, 30, 871, 310);
INSERT INTO ITEMPED VALUES (4872, 22, 109);
INSERT INTO ITEMPED VALUES (4872, 25, 92);
INSERT INTO ITEMPED VALUES (4872, 31, 53);
INSERT INTO PEDIDO VALUES (4873, 60, 830, 250);
INSERT INTO ITEMPED VALUES (4873, 13, 126);
INSERT INTO ITEMPED VALUES (4873, 22, 198);
INSERT INTO ITEMPED VALUES (4873, 25, 195);
INSERT INTO ITEMPED VALUES (4873, 31, 197);
INSERT INTO PEDIDO VALUES (4874, 45, 180, 720);
INSERT INTO ITEMPED VALUES (4874, 53, 289);
INSERT INTO ITEMPED VALUES (4874, 77, 103);
INSERT INTO ITEMPED VALUES (4874, 78, 229);
INSERT INTO PEDIDO VALUES (4875, 30, 290, 213);
INSERT INTO ITEMPED VALUES (4875, 13, 300);
INSERT INTO ITEMPED VALUES (4875, 22, 132);
INSERT INTO ITEMPED VALUES (4875, 25, 127);
INSERT INTO ITEMPED VALUES (4875, 31, 125);
INSERT INTO ITEMPED VALUES (4875, 45, 57);
INSERT INTO PEDIDO VALUES (4876, 10, 260, 111);
INSERT INTO ITEMPED VALUES (4876, 22, 152);
INSERT INTO ITEMPED VALUES (4876, 25, 24);
INSERT INTO ITEMPED VALUES (4876, 31, 124);
INSERT INTO PEDIDO VALUES (4877, 45, 390, 101);
INSERT INTO ITEMPED VALUES (4877, 77, 210);
INSERT INTO ITEMPED VALUES (4877, 78, 71);
INSERT INTO ITEMPED VALUES (4877, 13, 91);
INSERT INTO ITEMPED VALUES (4877, 22, 51);
INSERT INTO ITEMPED VALUES (4877, 25, 150);
INSERT INTO ITEMPED VALUES (4877, 31, 5);
INSERT INTO PEDIDO VALUES (4878, 60, 410, 213);
INSERT INTO ITEMPED VALUES (4878, 25, 284);
INSERT INTO ITEMPED VALUES (4878, 31, 135);
INSERT INTO PEDIDO VALUES (4879, 20, 720, 11);
INSERT INTO ITEMPED VALUES (4879, 45, 121);
INSERT INTO ITEMPED VALUES (4879, 53, 220);
INSERT INTO ITEMPED VALUES (4879, 77, 56);
INSERT INTO ITEMPED VALUES (4879, 78, 191);
INSERT INTO PEDIDO VALUES (4880, 45, 260, 240);
INSERT INTO ITEMPED VALUES (4880, 22, 97);
INSERT INTO ITEMPED VALUES (4880, 25, 232);
INSERT INTO ITEMPED VALUES (4880, 31, 34);
INSERT INTO ITEMPED VALUES (4880, 45, 61);
INSERT INTO PEDIDO VALUES (4881, 10, 410, 11);
INSERT INTO ITEMPED VALUES (4881, 45, 45);
INSERT INTO ITEMPED VALUES (4881, 53, 269);
INSERT INTO ITEMPED VALUES (4881, 77, 3);
INSERT INTO ITEMPED VALUES (4881, 78, 287);
INSERT INTO ITEMPED VALUES (4881, 13, 184);
INSERT INTO PEDIDO VALUES (4882, 20, 20, 101);
INSERT INTO ITEMPED VALUES (4882, 78, 42);
INSERT INTO ITEMPED VALUES (4882, 13, 250);
INSERT INTO ITEMPED VALUES (4882, 22, 143);
INSERT INTO ITEMPED VALUES (4882, 25, 144);
INSERT INTO PEDIDO VALUES (4883, 10, 870, 111);
INSERT INTO ITEMPED VALUES (4883, 31, 34);
INSERT INTO ITEMPED VALUES (4883, 45, 160);
INSERT INTO ITEMPED VALUES (4883, 53, 299);
INSERT INTO PEDIDO VALUES (4884, 45, 871, 250);
INSERT INTO ITEMPED VALUES (4884, 22, 150);
INSERT INTO ITEMPED VALUES (4884, 25, 157);
INSERT INTO ITEMPED VALUES (4884, 31, 89);
INSERT INTO ITEMPED VALUES (4884, 45, 204);
INSERT INTO ITEMPED VALUES (4884, 53, 134);
INSERT INTO PEDIDO VALUES (4885, 60, 830, 209);
INSERT INTO ITEMPED VALUES (4885, 45, 212);
INSERT INTO ITEMPED VALUES (4885, 53, 40);
INSERT INTO ITEMPED VALUES (4885, 77, 110);
INSERT INTO PEDIDO VALUES (4886, 30, 870, 310);
INSERT INTO ITEMPED VALUES (4886, 77, 50);
INSERT INTO ITEMPED VALUES (4886, 78, 111);
INSERT INTO ITEMPED VALUES (4886, 13, 114);
INSERT INTO PEDIDO VALUES (4887, 60, 410, 209);
INSERT INTO ITEMPED VALUES (4887, 53, 262);
INSERT INTO ITEMPED VALUES (4887, 77, 233);
INSERT INTO ITEMPED VALUES (4887, 78, 144);
INSERT INTO ITEMPED VALUES (4887, 13, 102);
INSERT INTO ITEMPED VALUES (4887, 22, 232);
INSERT INTO PEDIDO VALUES (4888, 20, 720, 213);
INSERT INTO ITEMPED VALUES (4888, 13, 197);
INSERT INTO PEDIDO VALUES (4889, 10, 110, 310);
INSERT INTO ITEMPED VALUES (4889, 25, 191);
INSERT INTO PEDIDO VALUES (4890, 20, 180, 250);
INSERT INTO ITEMPED VALUES (4890, 53, 127);
INSERT INTO PEDIDO VALUES (4891, 60, 20, 11);
INSERT INTO ITEMPED VALUES (4891, 77, 60);
INSERT INTO ITEMPED VALUES (4891, 78, 187);
INSERT INTO PEDIDO VALUES (4892, 20, 390, 111);
INSERT INTO ITEMPED VALUES (4892, 25, 113);
INSERT INTO ITEMPED VALUES (4892, 31, 122);
INSERT INTO ITEMPED VALUES (4892, 45, 4);
INSERT INTO ITEMPED VALUES (4892, 53, 288);
INSERT INTO PEDIDO VALUES (4893, 30, 290, 720);
INSERT INTO ITEMPED VALUES (4893, 22, 37);
INSERT INTO ITEMPED VALUES (4893, 25, 294);
INSERT INTO ITEMPED VALUES (4893, 31, 10);
INSERT INTO ITEMPED VALUES (4893, 45, 191);
INSERT INTO ITEMPED VALUES (4893, 53, 222);
INSERT INTO ITEMPED VALUES (4893, 77, 3);
INSERT INTO PEDIDO VALUES (4894, 10, 830, 213);
INSERT INTO ITEMPED VALUES (4894, 31, 245);
INSERT INTO ITEMPED VALUES (4894, 45, 145);
INSERT INTO ITEMPED VALUES (4894, 53, 80);
INSERT INTO ITEMPED VALUES (4894, 77, 91);
INSERT INTO PEDIDO VALUES (4895, 45, 110, 111);
INSERT INTO ITEMPED VALUES (4895, 78, 196);
INSERT INTO ITEMPED VALUES (4895, 13, 197);
INSERT INTO PEDIDO VALUES (4896, 10, 290, 213);
INSERT INTO ITEMPED VALUES (4896, 45, 191);
INSERT INTO PEDIDO VALUES (4897, 45, 871, 111);
INSERT INTO ITEMPED VALUES (4897, 25, 204);
INSERT INTO ITEMPED VALUES (4897, 31, 140);
INSERT INTO PEDIDO VALUES (4898, 20, 290, 240);
INSERT INTO ITEMPED VALUES (4898, 53, 99);
INSERT INTO ITEMPED VALUES (4898, 77, 98);
INSERT INTO ITEMPED VALUES (4898, 78, 183);
INSERT INTO PEDIDO VALUES (4899, 45, 720, 209);
INSERT INTO ITEMPED VALUES (4899, 45, 229);
INSERT INTO PEDIDO VALUES (4900, 10, 180, 310);
INSERT INTO ITEMPED VALUES (4900, 78, 106);
INSERT INTO ITEMPED VALUES (4900, 13, 179);
INSERT INTO ITEMPED VALUES (4900, 22, 257);
INSERT INTO PEDIDO VALUES (4901, 45, 871, 240);
INSERT INTO ITEMPED VALUES (4901, 77, 64);
INSERT INTO PEDIDO VALUES (4902, 10, 390, 209);
INSERT INTO ITEMPED VALUES (4902, 22, 161);
INSERT INTO ITEMPED VALUES (4902, 25, 111);
INSERT INTO ITEMPED VALUES (4902, 31, 134);
INSERT INTO ITEMPED VALUES (4902, 45, 224);
INSERT INTO ITEMPED VALUES (4902, 53, 164);
INSERT INTO ITEMPED VALUES (4902, 77, 34);
INSERT INTO PEDIDO VALUES (4903, 20, 20, 240);
INSERT INTO ITEMPED VALUES (4903, 78, 274);
INSERT INTO ITEMPED VALUES (4903, 13, 144);
INSERT INTO PEDIDO VALUES (4904, 60, 290, 111);
INSERT INTO ITEMPED VALUES (4904, 13, 143);
INSERT INTO ITEMPED VALUES (4904, 22, 202);
INSERT INTO PEDIDO VALUES (4905, 45, 390, 250);
INSERT INTO ITEMPED VALUES (4905, 25, 270);
INSERT INTO PEDIDO VALUES (4906, 30, 260, 720);
INSERT INTO ITEMPED VALUES (4906, 77, 69);
INSERT INTO ITEMPED VALUES (4906, 78, 123);
INSERT INTO ITEMPED VALUES (4906, 13, 120);
INSERT INTO ITEMPED VALUES (4906, 22, 127);
INSERT INTO ITEMPED VALUES (4906, 25, 92);
INSERT INTO PEDIDO VALUES (4907, 60, 871, 11);
INSERT INTO ITEMPED VALUES (4907, 13, 253);
INSERT INTO ITEMPED VALUES (4907, 22, 161);
INSERT INTO ITEMPED VALUES (4907, 25, 74);
INSERT INTO PEDIDO VALUES (4908, 10, 390, 720);
INSERT INTO ITEMPED VALUES (4908, 53, 201);
INSERT INTO ITEMPED VALUES (4908, 77, 263);
INSERT INTO ITEMPED VALUES (4908, 78, 50);
INSERT INTO ITEMPED VALUES (4908, 13, 296);
INSERT INTO ITEMPED VALUES (4908, 22, 48);
INSERT INTO ITEMPED VALUES (4908, 25, 281);
INSERT INTO PEDIDO VALUES (4909, 20, 871, 111);
INSERT INTO ITEMPED VALUES (4909, 25, 27);
INSERT INTO ITEMPED VALUES (4909, 31, 251);
INSERT INTO PEDIDO VALUES (4910, 60, 20, 213);
INSERT INTO ITEMPED VALUES (4910, 78, 18);
INSERT INTO ITEMPED VALUES (4910, 13, 122);
INSERT INTO PEDIDO VALUES (4911, 10, 180, 250);
INSERT INTO ITEMPED VALUES (4911, 25, 208);
INSERT INTO ITEMPED VALUES (4911, 31, 212);
INSERT INTO ITEMPED VALUES (4911, 45, 229);
INSERT INTO PEDIDO VALUES (4912, 45, 720, 209);
INSERT INTO ITEMPED VALUES (4912, 31, 143);
INSERT INTO ITEMPED VALUES (4912, 45, 221);
INSERT INTO PEDIDO VALUES (4913, 60, 410, 213);
INSERT INTO ITEMPED VALUES (4913, 45, 143);
INSERT INTO ITEMPED VALUES (4913, 53, 165);
INSERT INTO ITEMPED VALUES (4913, 77, 266);
INSERT INTO ITEMPED VALUES (4913, 78, 243);
INSERT INTO ITEMPED VALUES (4913, 13, 287);
INSERT INTO PEDIDO VALUES (4914, 30, 260, 111);
INSERT INTO ITEMPED VALUES (4914, 25, 287);
INSERT INTO ITEMPED VALUES (4914, 31, 48);
INSERT INTO ITEMPED VALUES (4914, 45, 224);
INSERT INTO ITEMPED VALUES (4914, 53, 241);
INSERT INTO PEDIDO VALUES (4915, 45, 410, 213);
INSERT INTO ITEMPED VALUES (4915, 22, 187);
INSERT INTO ITEMPED VALUES (4915, 25, 159);
INSERT INTO ITEMPED VALUES (4915, 31, 135);
INSERT INTO PEDIDO VALUES (4916, 60, 830, 209);
INSERT INTO ITEMPED VALUES (4916, 45, 58);
INSERT INTO PEDIDO VALUES (4917, 30, 720, 213);
INSERT INTO ITEMPED VALUES (4917, 25, 285);
INSERT INTO ITEMPED VALUES (4917, 31, 218);
INSERT INTO ITEMPED VALUES (4917, 45, 236);
INSERT INTO ITEMPED VALUES (4917, 53, 232);
INSERT INTO ITEMPED VALUES (4917, 77, 26);
INSERT INTO ITEMPED VALUES (4917, 78, 249);
INSERT INTO PEDIDO VALUES (4918, 45, 870, 209);
INSERT INTO ITEMPED VALUES (4918, 53, 168);
INSERT INTO ITEMPED VALUES (4918, 77, 140);
INSERT INTO ITEMPED VALUES (4918, 78, 132);
INSERT INTO PEDIDO VALUES (4919, 60, 260, 101);
INSERT INTO ITEMPED VALUES (4919, 13, 263);
INSERT INTO ITEMPED VALUES (4919, 22, 273);
INSERT INTO ITEMPED VALUES (4919, 25, 111);
INSERT INTO ITEMPED VALUES (4919, 31, 298);
INSERT INTO PEDIDO VALUES (4920, 30, 110, 250);
INSERT INTO ITEMPED VALUES (4920, 45, 165);
INSERT INTO ITEMPED VALUES (4920, 53, 25);
INSERT INTO ITEMPED VALUES (4920, 77, 132);
INSERT INTO PEDIDO VALUES (4921, 20, 290, 720);
INSERT INTO ITEMPED VALUES (4921, 25, 41);
INSERT INTO ITEMPED VALUES (4921, 31, 28);
INSERT INTO ITEMPED VALUES (4921, 45, 82);
INSERT INTO ITEMPED VALUES (4921, 53, 181);
INSERT INTO ITEMPED VALUES (4921, 77, 9);
INSERT INTO ITEMPED VALUES (4921, 78, 184);
INSERT INTO PEDIDO VALUES (4922, 60, 870, 101);
INSERT INTO ITEMPED VALUES (4922, 77, 20);
INSERT INTO ITEMPED VALUES (4922, 78, 251);
INSERT INTO ITEMPED VALUES (4922, 13, 51);
INSERT INTO PEDIDO VALUES (4923, 10, 290, 240);
INSERT INTO ITEMPED VALUES (4923, 45, 190);
INSERT INTO ITEMPED VALUES (4923, 53, 9);
INSERT INTO ITEMPED VALUES (4923, 77, 252);
INSERT INTO PEDIDO VALUES (4924, 30, 410, 101);
INSERT INTO ITEMPED VALUES (4924, 53, 222);
INSERT INTO PEDIDO VALUES (4925, 45, 180, 213);
INSERT INTO ITEMPED VALUES (4925, 13, 282);
INSERT INTO ITEMPED VALUES (4925, 22, 225);
INSERT INTO ITEMPED VALUES (4925, 25, 25);
INSERT INTO ITEMPED VALUES (4925, 31, 186);
INSERT INTO ITEMPED VALUES (4925, 45, 40);
INSERT INTO PEDIDO VALUES (4926, 20, 871, 11);
INSERT INTO ITEMPED VALUES (4926, 25, 113);
INSERT INTO ITEMPED VALUES (4926, 31, 219);
INSERT INTO PEDIDO VALUES (4927, 45, 260, 240);
INSERT INTO ITEMPED VALUES (4927, 13, 37);
INSERT INTO ITEMPED VALUES (4927, 22, 298);
INSERT INTO ITEMPED VALUES (4927, 25, 113);
INSERT INTO ITEMPED VALUES (4927, 31, 237);
INSERT INTO ITEMPED VALUES (4927, 45, 133);
INSERT INTO PEDIDO VALUES (4928, 30, 871, 720);
INSERT INTO ITEMPED VALUES (4928, 77, 300);
INSERT INTO ITEMPED VALUES (4928, 78, 105);
INSERT INTO ITEMPED VALUES (4928, 13, 246);
INSERT INTO ITEMPED VALUES (4928, 22, 84);
INSERT INTO PEDIDO VALUES (4929, 45, 290, 209);
INSERT INTO ITEMPED VALUES (4929, 25, 227);
INSERT INTO ITEMPED VALUES (4929, 31, 77);
INSERT INTO ITEMPED VALUES (4929, 45, 289);
INSERT INTO ITEMPED VALUES (4929, 53, 105);
INSERT INTO PEDIDO VALUES (4930, 60, 20, 101);
INSERT INTO ITEMPED VALUES (4930, 53, 141);
INSERT INTO ITEMPED VALUES (4930, 77, 273);
INSERT INTO ITEMPED VALUES (4930, 78, 235);
INSERT INTO ITEMPED VALUES (4930, 13, 152);
INSERT INTO PEDIDO VALUES (4931, 20, 260, 250);
INSERT INTO ITEMPED VALUES (4931, 77, 245);
INSERT INTO ITEMPED VALUES (4931, 78, 189);
INSERT INTO ITEMPED VALUES (4931, 13, 144);
INSERT INTO ITEMPED VALUES (4931, 22, 225);
INSERT INTO ITEMPED VALUES (4931, 25, 262);
INSERT INTO PEDIDO VALUES (4932, 10, 410, 720);
INSERT INTO ITEMPED VALUES (4932, 45, 35);
INSERT INTO ITEMPED VALUES (4932, 53, 116);
INSERT INTO PEDIDO VALUES (4933, 60, 870, 250);
INSERT INTO ITEMPED VALUES (4933, 13, 149);
INSERT INTO ITEMPED VALUES (4933, 22, 119);
INSERT INTO PEDIDO VALUES (4934, 20, 20, 111);
INSERT INTO ITEMPED VALUES (4934, 22, 230);
INSERT INTO ITEMPED VALUES (4934, 25, 55);
INSERT INTO ITEMPED VALUES (4934, 31, 14);
INSERT INTO ITEMPED VALUES (4934, 45, 78);
INSERT INTO ITEMPED VALUES (4934, 53, 119);
INSERT INTO PEDIDO VALUES (4935, 60, 720, 213);
INSERT INTO ITEMPED VALUES (4935, 13, 104);
INSERT INTO ITEMPED VALUES (4935, 22, 244);
INSERT INTO PEDIDO VALUES (4936, 20, 290, 250);
INSERT INTO ITEMPED VALUES (4936, 53, 232);
INSERT INTO ITEMPED VALUES (4936, 77, 52);
INSERT INTO ITEMPED VALUES (4936, 78, 75);
INSERT INTO PEDIDO VALUES (4937, 30, 870, 310);
INSERT INTO ITEMPED VALUES (4937, 45, 279);
INSERT INTO ITEMPED VALUES (4937, 53, 185);
INSERT INTO ITEMPED VALUES (4937, 77, 101);
INSERT INTO ITEMPED VALUES (4937, 78, 232);
INSERT INTO PEDIDO VALUES (4938, 20, 410, 240);
INSERT INTO ITEMPED VALUES (4938, 31, 272);
INSERT INTO ITEMPED VALUES (4938, 45, 240);
INSERT INTO ITEMPED VALUES (4938, 53, 154);
INSERT INTO PEDIDO VALUES (4939, 10, 20, 213);
INSERT INTO ITEMPED VALUES (4939, 22, 302);
INSERT INTO ITEMPED VALUES (4939, 25, 49);
INSERT INTO ITEMPED VALUES (4939, 31, 216);
INSERT INTO PEDIDO VALUES (4940, 30, 110, 101);
INSERT INTO ITEMPED VALUES (4940, 31, 190);
INSERT INTO ITEMPED VALUES (4940, 45, 82);
INSERT INTO ITEMPED VALUES (4940, 53, 88);
INSERT INTO PEDIDO VALUES (4941, 10, 20, 310);
INSERT INTO ITEMPED VALUES (4941, 78, 120);
INSERT INTO ITEMPED VALUES (4941, 13, 259);
INSERT INTO ITEMPED VALUES (4941, 22, 110);
INSERT INTO ITEMPED VALUES (4941, 25, 283);
INSERT INTO ITEMPED VALUES (4941, 31, 6);
INSERT INTO ITEMPED VALUES (4941, 45, 63);
INSERT INTO PEDIDO VALUES (4942, 45, 290, 111);
INSERT INTO ITEMPED VALUES (4942, 45, 95);
INSERT INTO ITEMPED VALUES (4942, 53, 17);
INSERT INTO ITEMPED VALUES (4942, 77, 65);
INSERT INTO ITEMPED VALUES (4942, 78, 142);
INSERT INTO PEDIDO VALUES (4943, 60, 390, 101);
INSERT INTO ITEMPED VALUES (4943, 13, 277);
INSERT INTO ITEMPED VALUES (4943, 22, 37);
INSERT INTO ITEMPED VALUES (4943, 25, 82);
INSERT INTO ITEMPED VALUES (4943, 31, 84);
INSERT INTO ITEMPED VALUES (4943, 45, 35);
INSERT INTO PEDIDO VALUES (4944, 45, 20, 11);
INSERT INTO ITEMPED VALUES (4944, 53, 58);
INSERT INTO ITEMPED VALUES (4944, 77, 143);
INSERT INTO PEDIDO VALUES (4945, 10, 871, 250);
INSERT INTO ITEMPED VALUES (4945, 45, 43);
INSERT INTO ITEMPED VALUES (4945, 53, 38);
INSERT INTO ITEMPED VALUES (4945, 77, 52);
INSERT INTO ITEMPED VALUES (4945, 78, 21);
INSERT INTO ITEMPED VALUES (4945, 13, 156);
INSERT INTO PEDIDO VALUES (4946, 30, 870, 720);
INSERT INTO ITEMPED VALUES (4946, 13, 22);
INSERT INTO ITEMPED VALUES (4946, 22, 118);
INSERT INTO ITEMPED VALUES (4946, 25, 297);
INSERT INTO ITEMPED VALUES (4946, 31, 47);
INSERT INTO ITEMPED VALUES (4946, 45, 284);
INSERT INTO PEDIDO VALUES (4947, 10, 290, 240);
INSERT INTO ITEMPED VALUES (4947, 78, 32);
INSERT INTO ITEMPED VALUES (4947, 13, 225);
INSERT INTO ITEMPED VALUES (4947, 22, 59);
INSERT INTO ITEMPED VALUES (4947, 25, 259);
INSERT INTO ITEMPED VALUES (4947, 31, 102);
INSERT INTO ITEMPED VALUES (4947, 45, 100);
INSERT INTO PEDIDO VALUES (4948, 20, 110, 209);
INSERT INTO ITEMPED VALUES (4948, 13, 235);
INSERT INTO ITEMPED VALUES (4948, 22, 206);
INSERT INTO ITEMPED VALUES (4948, 25, 59);
INSERT INTO PEDIDO VALUES (4949, 30, 720, 720);
INSERT INTO ITEMPED VALUES (4949, 45, 60);
INSERT INTO ITEMPED VALUES (4949, 53, 238);
INSERT INTO ITEMPED VALUES (4949, 77, 224);
INSERT INTO ITEMPED VALUES (4949, 78, 260);
INSERT INTO PEDIDO VALUES (4950, 45, 20, 11);
INSERT INTO ITEMPED VALUES (4950, 13, 125);
INSERT INTO ITEMPED VALUES (4950, 22, 63);
INSERT INTO ITEMPED VALUES (4950, 25, 93);
INSERT INTO PEDIDO VALUES (4951, 30, 410, 720);
INSERT INTO ITEMPED VALUES (4951, 77, 238);
INSERT INTO ITEMPED VALUES (4951, 78, 123);
INSERT INTO PEDIDO VALUES (4952, 60, 720, 101);
INSERT INTO ITEMPED VALUES (4952, 22, 155);
INSERT INTO ITEMPED VALUES (4952, 25, 201);
INSERT INTO ITEMPED VALUES (4952, 31, 274);
INSERT INTO PEDIDO VALUES (4953, 10, 410, 11);
INSERT INTO ITEMPED VALUES (4953, 53, 94);
INSERT INTO ITEMPED VALUES (4953, 77, 95);
INSERT INTO ITEMPED VALUES (4953, 78, 107);
INSERT INTO ITEMPED VALUES (4953, 13, 41);
INSERT INTO PEDIDO VALUES (4954, 20, 720, 240);
INSERT INTO ITEMPED VALUES (4954, 13, 259);
INSERT INTO ITEMPED VALUES (4954, 22, 148);
INSERT INTO ITEMPED VALUES (4954, 25, 226);
INSERT INTO ITEMPED VALUES (4954, 31, 176);
INSERT INTO ITEMPED VALUES (4954, 45, 285);
INSERT INTO ITEMPED VALUES (4954, 53, 113);
INSERT INTO PEDIDO VALUES (4955, 30, 870, 720);
INSERT INTO ITEMPED VALUES (4955, 77, 274);
INSERT INTO ITEMPED VALUES (4955, 78, 163);
INSERT INTO ITEMPED VALUES (4955, 13, 56);
INSERT INTO ITEMPED VALUES (4955, 22, 172);
INSERT INTO ITEMPED VALUES (4955, 25, 257);
INSERT INTO PEDIDO VALUES (4956, 60, 20, 240);
INSERT INTO ITEMPED VALUES (4956, 45, 101);
INSERT INTO ITEMPED VALUES (4956, 53, 194);
INSERT INTO ITEMPED VALUES (4956, 77, 294);
INSERT INTO PEDIDO VALUES (4957, 10, 390, 720);
INSERT INTO ITEMPED VALUES (4957, 13, 42);
INSERT INTO ITEMPED VALUES (4957, 22, 188);
INSERT INTO ITEMPED VALUES (4957, 25, 238);
INSERT INTO ITEMPED VALUES (4957, 31, 161);
INSERT INTO PEDIDO VALUES (4958, 60, 870, 209);
INSERT INTO ITEMPED VALUES (4958, 31, 286);
INSERT INTO ITEMPED VALUES (4958, 45, 289);
INSERT INTO PEDIDO VALUES (4959, 10, 260, 11);
INSERT INTO ITEMPED VALUES (4959, 22, 63);
INSERT INTO PEDIDO VALUES (4960, 45, 390, 250);
INSERT INTO ITEMPED VALUES (4960, 53, 142);
INSERT INTO ITEMPED VALUES (4960, 77, 144);
INSERT INTO ITEMPED VALUES (4960, 78, 173);
INSERT INTO ITEMPED VALUES (4960, 13, 25);
INSERT INTO ITEMPED VALUES (4960, 22, 172);
INSERT INTO ITEMPED VALUES (4960, 25, 35);
INSERT INTO PEDIDO VALUES (4961, 60, 260, 240);
INSERT INTO ITEMPED VALUES (4961, 22, 292);
INSERT INTO ITEMPED VALUES (4961, 25, 187);
INSERT INTO PEDIDO VALUES (4962, 20, 830, 250);
INSERT INTO ITEMPED VALUES (4962, 13, 258);
INSERT INTO ITEMPED VALUES (4962, 22, 232);
INSERT INTO PEDIDO VALUES (4963, 10, 390, 310);
INSERT INTO ITEMPED VALUES (4963, 45, 269);
INSERT INTO ITEMPED VALUES (4963, 53, 146);
INSERT INTO PEDIDO VALUES (4964, 30, 110, 101);
INSERT INTO ITEMPED VALUES (4964, 78, 300);
INSERT INTO ITEMPED VALUES (4964, 13, 207);
INSERT INTO ITEMPED VALUES (4964, 22, 19);
INSERT INTO ITEMPED VALUES (4964, 25, 117);
INSERT INTO PEDIDO VALUES (4965, 10, 410, 213);
INSERT INTO ITEMPED VALUES (4965, 25, 39);
INSERT INTO ITEMPED VALUES (4965, 31, 191);
INSERT INTO ITEMPED VALUES (4965, 45, 251);
INSERT INTO ITEMPED VALUES (4965, 53, 158);
INSERT INTO ITEMPED VALUES (4965, 77, 58);
INSERT INTO ITEMPED VALUES (4965, 78, 195);
INSERT INTO PEDIDO VALUES (4966, 45, 20, 720);
INSERT INTO ITEMPED VALUES (4966, 31, 48);
INSERT INTO ITEMPED VALUES (4966, 45, 54);
INSERT INTO ITEMPED VALUES (4966, 53, 203);
INSERT INTO ITEMPED VALUES (4966, 77, 81);
INSERT INTO PEDIDO VALUES (4967, 30, 871, 250);
INSERT INTO ITEMPED VALUES (4967, 77, 225);
INSERT INTO ITEMPED VALUES (4967, 78, 78);
INSERT INTO ITEMPED VALUES (4967, 13, 176);
INSERT INTO ITEMPED VALUES (4967, 22, 294);
INSERT INTO ITEMPED VALUES (4967, 25, 102);
INSERT INTO ITEMPED VALUES (4967, 31, 248);
INSERT INTO PEDIDO VALUES (4968, 20, 870, 101);
INSERT INTO ITEMPED VALUES (4968, 53, 23);
INSERT INTO ITEMPED VALUES (4968, 77, 104);
INSERT INTO ITEMPED VALUES (4968, 78, 93);
INSERT INTO ITEMPED VALUES (4968, 13, 213);
INSERT INTO PEDIDO VALUES (4969, 10, 20, 240);
INSERT INTO ITEMPED VALUES (4969, 22, 97);
INSERT INTO ITEMPED VALUES (4969, 25, 263);
INSERT INTO ITEMPED VALUES (4969, 31, 214);
INSERT INTO ITEMPED VALUES (4969, 45, 142);
INSERT INTO ITEMPED VALUES (4969, 53, 205);
INSERT INTO PEDIDO VALUES (4970, 20, 110, 213);
INSERT INTO ITEMPED VALUES (4970, 45, 90);
INSERT INTO ITEMPED VALUES (4970, 53, 179);
INSERT INTO ITEMPED VALUES (4970, 77, 270);
INSERT INTO PEDIDO VALUES (4971, 60, 20, 101);
INSERT INTO ITEMPED VALUES (4971, 31, 175);
INSERT INTO ITEMPED VALUES (4971, 45, 19);
INSERT INTO ITEMPED VALUES (4971, 53, 209);
INSERT INTO ITEMPED VALUES (4971, 77, 201);
INSERT INTO PEDIDO VALUES (4972, 45, 180, 209);
INSERT INTO ITEMPED VALUES (4972, 77, 285);
INSERT INTO ITEMPED VALUES (4972, 78, 220);
INSERT INTO ITEMPED VALUES (4972, 13, 261);
INSERT INTO ITEMPED VALUES (4972, 22, 228);
INSERT INTO PEDIDO VALUES (4973, 20, 110, 250);
INSERT INTO ITEMPED VALUES (4973, 78, 66);
INSERT INTO PEDIDO VALUES (4974, 45, 410, 213);
INSERT INTO ITEMPED VALUES (4974, 45, 61);
INSERT INTO ITEMPED VALUES (4974, 53, 131);
INSERT INTO ITEMPED VALUES (4974, 77, 115);
INSERT INTO PEDIDO VALUES (4975, 30, 390, 240);
INSERT INTO ITEMPED VALUES (4975, 78, 223);
INSERT INTO ITEMPED VALUES (4975, 13, 31);
INSERT INTO ITEMPED VALUES (4975, 22, 176);
INSERT INTO PEDIDO VALUES (4976, 60, 830, 250);
INSERT INTO ITEMPED VALUES (4976, 25, 198);
INSERT INTO ITEMPED VALUES (4976, 31, 82);
INSERT INTO ITEMPED VALUES (4976, 45, 215);
INSERT INTO ITEMPED VALUES (4976, 53, 144);
INSERT INTO PEDIDO VALUES (4977, 20, 110, 111);
INSERT INTO ITEMPED VALUES (4977, 53, 299);
INSERT INTO ITEMPED VALUES (4977, 77, 136);
INSERT INTO ITEMPED VALUES (4977, 78, 174);
INSERT INTO ITEMPED VALUES (4977, 13, 3);
INSERT INTO ITEMPED VALUES (4977, 22, 273);
INSERT INTO ITEMPED VALUES (4977, 25, 263);
INSERT INTO PEDIDO VALUES (4978, 10, 830, 11);
INSERT INTO ITEMPED VALUES (4978, 77, 201);
INSERT INTO ITEMPED VALUES (4978, 78, 79);
INSERT INTO ITEMPED VALUES (4978, 13, 179);
INSERT INTO PEDIDO VALUES (4979, 30, 110, 209);
INSERT INTO ITEMPED VALUES (4979, 31, 262);
INSERT INTO ITEMPED VALUES (4979, 45, 247);
INSERT INTO ITEMPED VALUES (4979, 53, 33);
INSERT INTO ITEMPED VALUES (4979, 77, 238);
INSERT INTO ITEMPED VALUES (4979, 78, 29);
INSERT INTO ITEMPED VALUES (4979, 13, 124);
INSERT INTO PEDIDO VALUES (4980, 60, 720, 213);
INSERT INTO ITEMPED VALUES (4980, 13, 190);
INSERT INTO ITEMPED VALUES (4980, 22, 55);
INSERT INTO ITEMPED VALUES (4980, 25, 62);
INSERT INTO ITEMPED VALUES (4980, 31, 186);
INSERT INTO ITEMPED VALUES (4980, 45, 128);
INSERT INTO ITEMPED VALUES (4980, 53, 166);
INSERT INTO PEDIDO VALUES (4981, 10, 20, 250);
INSERT INTO ITEMPED VALUES (4981, 78, 42);
INSERT INTO PEDIDO VALUES (4982, 30, 180, 310);
INSERT INTO ITEMPED VALUES (4982, 77, 238);
INSERT INTO ITEMPED VALUES (4982, 78, 164);
INSERT INTO ITEMPED VALUES (4982, 13, 91);
INSERT INTO PEDIDO VALUES (4983, 20, 20, 111);
INSERT INTO ITEMPED VALUES (4983, 31, 214);
INSERT INTO ITEMPED VALUES (4983, 45, 231);
INSERT INTO ITEMPED VALUES (4983, 53, 284);
INSERT INTO PEDIDO VALUES (4984, 10, 870, 101);
INSERT INTO ITEMPED VALUES (4984, 78, 218);
INSERT INTO ITEMPED VALUES (4984, 13, 263);
INSERT INTO ITEMPED VALUES (4984, 22, 133);
INSERT INTO PEDIDO VALUES (4985, 30, 20, 11);
INSERT INTO ITEMPED VALUES (4985, 45, 148);
INSERT INTO ITEMPED VALUES (4985, 53, 230);
INSERT INTO ITEMPED VALUES (4985, 77, 219);
INSERT INTO PEDIDO VALUES (4986, 60, 260, 310);
INSERT INTO ITEMPED VALUES (4986, 77, 218);
INSERT INTO ITEMPED VALUES (4986, 78, 241);
INSERT INTO ITEMPED VALUES (4986, 13, 25);
INSERT INTO ITEMPED VALUES (4986, 22, 93);
INSERT INTO PEDIDO VALUES (4987, 45, 290, 720);
INSERT INTO ITEMPED VALUES (4987, 31, 131);
INSERT INTO PEDIDO VALUES (4988, 30, 390, 209);
INSERT INTO ITEMPED VALUES (4988, 77, 4);
INSERT INTO ITEMPED VALUES (4988, 78, 134);
INSERT INTO ITEMPED VALUES (4988, 13, 277);
INSERT INTO ITEMPED VALUES (4988, 22, 14);
INSERT INTO ITEMPED VALUES (4988, 25, 147);
INSERT INTO ITEMPED VALUES (4988, 31, 18);
INSERT INTO PEDIDO VALUES (4989, 20, 720, 213);
INSERT INTO ITEMPED VALUES (4989, 31, 115);
INSERT INTO ITEMPED VALUES (4989, 45, 262);
INSERT INTO ITEMPED VALUES (4989, 53, 297);
INSERT INTO ITEMPED VALUES (4989, 77, 200);
INSERT INTO ITEMPED VALUES (4989, 78, 165);
INSERT INTO PEDIDO VALUES (4990, 10, 290, 240);
INSERT INTO ITEMPED VALUES (4990, 25, 16);
INSERT INTO ITEMPED VALUES (4990, 31, 87);
INSERT INTO PEDIDO VALUES (4991, 30, 830, 209);
INSERT INTO ITEMPED VALUES (4991, 53, 258);
INSERT INTO ITEMPED VALUES (4991, 77, 23);
INSERT INTO ITEMPED VALUES (4991, 78, 294);
INSERT INTO ITEMPED VALUES (4991, 13, 175);
INSERT INTO PEDIDO VALUES (4992, 45, 720, 310);
INSERT INTO ITEMPED VALUES (4992, 13, 152);
INSERT INTO PEDIDO VALUES (4993, 10, 180, 720);
INSERT INTO ITEMPED VALUES (4993, 45, 219);
INSERT INTO ITEMPED VALUES (4993, 53, 277);
INSERT INTO ITEMPED VALUES (4993, 77, 36);
INSERT INTO ITEMPED VALUES (4993, 78, 97);
INSERT INTO ITEMPED VALUES (4993, 13, 157);
INSERT INTO PEDIDO VALUES (4994, 20, 830, 213);
INSERT INTO ITEMPED VALUES (4994, 22, 232);
INSERT INTO ITEMPED VALUES (4994, 25, 95);
INSERT INTO ITEMPED VALUES (4994, 31, 237);
INSERT INTO PEDIDO VALUES (4995, 10, 20, 209);
INSERT INTO ITEMPED VALUES (4995, 53, 93);
INSERT INTO ITEMPED VALUES (4995, 77, 268);
INSERT INTO PEDIDO VALUES (4996, 30, 260, 101);
INSERT INTO ITEMPED VALUES (4996, 22, 295);
INSERT INTO PEDIDO VALUES (4997, 45, 410, 111);
INSERT INTO ITEMPED VALUES (4997, 13, 248);
INSERT INTO ITEMPED VALUES (4997, 22, 39);
INSERT INTO ITEMPED VALUES (4997, 25, 165);
INSERT INTO PEDIDO VALUES (4998, 10, 870, 250);
INSERT INTO ITEMPED VALUES (4998, 25, 286);
INSERT INTO ITEMPED VALUES (4998, 31, 110);
INSERT INTO ITEMPED VALUES (4998, 45, 257);
INSERT INTO PEDIDO VALUES (4999, 20, 290, 11);
INSERT INTO ITEMPED VALUES (4999, 45, 276);
INSERT INTO ITEMPED VALUES (4999, 53, 149);
INSERT INTO ITEMPED VALUES (4999, 77, 85);
INSERT INTO ITEMPED VALUES (4999, 78, 285);
INSERT INTO ITEMPED VALUES (4999, 13, 281);
INSERT INTO PEDIDO VALUES (5000, 60, 180, 209);
INSERT INTO ITEMPED VALUES (5000, 22, 292);
INSERT INTO ITEMPED VALUES (5000, 25, 90);
INSERT INTO PEDIDO VALUES (5001, 10, 290, 101);
INSERT INTO ITEMPED VALUES (5001, 31, 41);
INSERT INTO ITEMPED VALUES (5001, 45, 275);
INSERT INTO ITEMPED VALUES (5001, 53, 63);
INSERT INTO ITEMPED VALUES (5001, 77, 248);
INSERT INTO ITEMPED VALUES (5001, 78, 258);
INSERT INTO ITEMPED VALUES (5001, 13, 157);
INSERT INTO PEDIDO VALUES (5002, 20, 830, 213);
INSERT INTO ITEMPED VALUES (5002, 78, 45);
INSERT INTO ITEMPED VALUES (5002, 13, 10);
INSERT INTO ITEMPED VALUES (5002, 22, 198);
INSERT INTO ITEMPED VALUES (5002, 25, 45);
INSERT INTO PEDIDO VALUES (5003, 30, 110, 310);
INSERT INTO ITEMPED VALUES (5003, 77, 205);
INSERT INTO ITEMPED VALUES (5003, 78, 17);
INSERT INTO ITEMPED VALUES (5003, 13, 239);
INSERT INTO ITEMPED VALUES (5003, 22, 210);
INSERT INTO ITEMPED VALUES (5003, 25, 248);
INSERT INTO ITEMPED VALUES (5003, 31, 261);
INSERT INTO PEDIDO VALUES (5004, 60, 260, 240);
INSERT INTO ITEMPED VALUES (5004, 13, 190);
INSERT INTO ITEMPED VALUES (5004, 22, 159);
INSERT INTO ITEMPED VALUES (5004, 25, 192);
INSERT INTO ITEMPED VALUES (5004, 31, 72);
INSERT INTO PEDIDO VALUES (5005, 30, 871, 11);
INSERT INTO ITEMPED VALUES (5005, 25, 255);
INSERT INTO PEDIDO VALUES (5006, 60, 720, 240);
INSERT INTO ITEMPED VALUES (5006, 13, 102);
INSERT INTO ITEMPED VALUES (5006, 22, 177);
INSERT INTO ITEMPED VALUES (5006, 25, 302);
INSERT INTO PEDIDO VALUES (5007, 30, 410, 250);
INSERT INTO ITEMPED VALUES (5007, 77, 230);
INSERT INTO ITEMPED VALUES (5007, 78, 202);
INSERT INTO ITEMPED VALUES (5007, 13, 205);
INSERT INTO PEDIDO VALUES (5008, 45, 390, 213);
INSERT INTO ITEMPED VALUES (5008, 13, 3);
INSERT INTO ITEMPED VALUES (5008, 22, 153);
INSERT INTO ITEMPED VALUES (5008, 25, 114);
INSERT INTO PEDIDO VALUES (5009, 10, 830, 240);
INSERT INTO ITEMPED VALUES (5009, 25, 61);
INSERT INTO ITEMPED VALUES (5009, 31, 232);
INSERT INTO ITEMPED VALUES (5009, 45, 171);
INSERT INTO ITEMPED VALUES (5009, 53, 215);
INSERT INTO PEDIDO VALUES (5010, 30, 260, 250);
INSERT INTO ITEMPED VALUES (5010, 22, 104);
INSERT INTO ITEMPED VALUES (5010, 25, 132);
INSERT INTO ITEMPED VALUES (5010, 31, 252);
INSERT INTO PEDIDO VALUES (5011, 10, 720, 11);
INSERT INTO ITEMPED VALUES (5011, 77, 20);
INSERT INTO ITEMPED VALUES (5011, 78, 127);
INSERT INTO ITEMPED VALUES (5011, 13, 258);
INSERT INTO ITEMPED VALUES (5011, 22, 208);
INSERT INTO ITEMPED VALUES (5011, 25, 15);
INSERT INTO ITEMPED VALUES (5011, 31, 250);
INSERT INTO PEDIDO VALUES (5012, 20, 410, 111);
INSERT INTO ITEMPED VALUES (5012, 45, 18);
INSERT INTO ITEMPED VALUES (5012, 53, 120);
INSERT INTO ITEMPED VALUES (5012, 77, 162);
INSERT INTO ITEMPED VALUES (5012, 78, 217);
INSERT INTO ITEMPED VALUES (5012, 13, 72);
INSERT INTO ITEMPED VALUES (5012, 22, 54);
INSERT INTO PEDIDO VALUES (5013, 10, 260, 240);
INSERT INTO ITEMPED VALUES (5013, 13, 176);
INSERT INTO ITEMPED VALUES (5013, 22, 46);
INSERT INTO ITEMPED VALUES (5013, 25, 141);
INSERT INTO ITEMPED VALUES (5013, 31, 256);
INSERT INTO ITEMPED VALUES (5013, 45, 184);
INSERT INTO ITEMPED VALUES (5013, 53, 277);
INSERT INTO PEDIDO VALUES (5014, 30, 830, 213);
INSERT INTO ITEMPED VALUES (5014, 78, 289);
INSERT INTO ITEMPED VALUES (5014, 13, 99);
INSERT INTO ITEMPED VALUES (5014, 22, 191);
INSERT INTO ITEMPED VALUES (5014, 25, 269);
INSERT INTO ITEMPED VALUES (5014, 31, 237);
INSERT INTO ITEMPED VALUES (5014, 45, 4);
INSERT INTO PEDIDO VALUES (5015, 45, 20, 101);
INSERT INTO ITEMPED VALUES (5015, 53, 187);
INSERT INTO ITEMPED VALUES (5015, 77, 239);
INSERT INTO ITEMPED VALUES (5015, 78, 181);
INSERT INTO ITEMPED VALUES (5015, 13, 178);
INSERT INTO ITEMPED VALUES (5015, 22, 283);
INSERT INTO ITEMPED VALUES (5015, 25, 274);
INSERT INTO PEDIDO VALUES (5016, 60, 871, 213);
INSERT INTO ITEMPED VALUES (5016, 22, 109);
INSERT INTO ITEMPED VALUES (5016, 25, 14);
INSERT INTO ITEMPED VALUES (5016, 31, 155);
INSERT INTO ITEMPED VALUES (5016, 45, 160);
INSERT INTO ITEMPED VALUES (5016, 53, 251);
INSERT INTO PEDIDO VALUES (5017, 10, 390, 209);
INSERT INTO ITEMPED VALUES (5017, 25, 60);
INSERT INTO ITEMPED VALUES (5017, 31, 85);
INSERT INTO ITEMPED VALUES (5017, 45, 119);
INSERT INTO ITEMPED VALUES (5017, 53, 133);
INSERT INTO ITEMPED VALUES (5017, 77, 226);
INSERT INTO ITEMPED VALUES (5017, 78, 118);
INSERT INTO PEDIDO VALUES (5018, 45, 870, 213);
INSERT INTO ITEMPED VALUES (5018, 77, 230);
INSERT INTO ITEMPED VALUES (5018, 78, 32);
INSERT INTO ITEMPED VALUES (5018, 13, 117);
INSERT INTO PEDIDO VALUES (5019, 10, 720, 111);
INSERT INTO ITEMPED VALUES (5019, 22, 76);
INSERT INTO PEDIDO VALUES (5020, 45, 180, 11);
INSERT INTO ITEMPED VALUES (5020, 53, 298);
INSERT INTO ITEMPED VALUES (5020, 77, 63);
INSERT INTO ITEMPED VALUES (5020, 78, 32);
INSERT INTO PEDIDO VALUES (5021, 60, 830, 250);
INSERT INTO ITEMPED VALUES (5021, 77, 300);
INSERT INTO ITEMPED VALUES (5021, 78, 194);
INSERT INTO ITEMPED VALUES (5021, 13, 256);
INSERT INTO ITEMPED VALUES (5021, 22, 283);
INSERT INTO ITEMPED VALUES (5021, 25, 165);
INSERT INTO ITEMPED VALUES (5021, 31, 190);
INSERT INTO PEDIDO VALUES (5022, 30, 180, 240);
INSERT INTO ITEMPED VALUES (5022, 45, 285);
INSERT INTO ITEMPED VALUES (5022, 53, 101);
INSERT INTO PEDIDO VALUES (5023, 10, 110, 213);
INSERT INTO ITEMPED VALUES (5023, 53, 145);
INSERT INTO ITEMPED VALUES (5023, 77, 228);
INSERT INTO ITEMPED VALUES (5023, 78, 80);
INSERT INTO ITEMPED VALUES (5023, 13, 239);
INSERT INTO ITEMPED VALUES (5023, 22, 11);
INSERT INTO PEDIDO VALUES (5024, 60, 720, 101);
INSERT INTO ITEMPED VALUES (5024, 22, 192);
INSERT INTO ITEMPED VALUES (5024, 25, 214);
INSERT INTO PEDIDO VALUES (5025, 20, 830, 11);
INSERT INTO ITEMPED VALUES (5025, 77, 76);
INSERT INTO ITEMPED VALUES (5025, 78, 291);
INSERT INTO ITEMPED VALUES (5025, 13, 144);
INSERT INTO ITEMPED VALUES (5025, 22, 195);
INSERT INTO PEDIDO VALUES (5026, 45, 180, 213);
INSERT INTO ITEMPED VALUES (5026, 31, 203);
INSERT INTO ITEMPED VALUES (5026, 45, 16);
INSERT INTO PEDIDO VALUES (5027, 30, 390, 250);
INSERT INTO ITEMPED VALUES (5027, 45, 20);
INSERT INTO ITEMPED VALUES (5027, 53, 53);
INSERT INTO ITEMPED VALUES (5027, 77, 84);
INSERT INTO ITEMPED VALUES (5027, 78, 53);
INSERT INTO ITEMPED VALUES (5027, 13, 253);
INSERT INTO PEDIDO VALUES (5028, 45, 260, 101);
INSERT INTO ITEMPED VALUES (5028, 78, 44);
INSERT INTO ITEMPED VALUES (5028, 13, 258);
INSERT INTO ITEMPED VALUES (5028, 22, 29);
INSERT INTO ITEMPED VALUES (5028, 25, 291);
INSERT INTO PEDIDO VALUES (5029, 60, 870, 240);
INSERT INTO ITEMPED VALUES (5029, 25, 261);
INSERT INTO ITEMPED VALUES (5029, 31, 228);
INSERT INTO ITEMPED VALUES (5029, 45, 206);
INSERT INTO ITEMPED VALUES (5029, 53, 134);
INSERT INTO ITEMPED VALUES (5029, 77, 92);
INSERT INTO PEDIDO VALUES (5030, 30, 260, 209);
INSERT INTO ITEMPED VALUES (5030, 78, 213);
INSERT INTO ITEMPED VALUES (5030, 13, 198);
INSERT INTO PEDIDO VALUES (5031, 10, 20, 250);
INSERT INTO ITEMPED VALUES (5031, 13, 119);
INSERT INTO ITEMPED VALUES (5031, 22, 117);
INSERT INTO ITEMPED VALUES (5031, 25, 101);
INSERT INTO ITEMPED VALUES (5031, 31, 212);
INSERT INTO ITEMPED VALUES (5031, 45, 142);
INSERT INTO ITEMPED VALUES (5031, 53, 188);
INSERT INTO PEDIDO VALUES (5032, 60, 410, 213);
INSERT INTO ITEMPED VALUES (5032, 77, 253);
INSERT INTO ITEMPED VALUES (5032, 78, 14);
INSERT INTO ITEMPED VALUES (5032, 13, 53);
INSERT INTO ITEMPED VALUES (5032, 22, 162);
INSERT INTO ITEMPED VALUES (5032, 25, 194);
INSERT INTO PEDIDO VALUES (5033, 20, 870, 720);
INSERT INTO ITEMPED VALUES (5033, 53, 218);
INSERT INTO ITEMPED VALUES (5033, 77, 212);
INSERT INTO ITEMPED VALUES (5033, 78, 170);
INSERT INTO ITEMPED VALUES (5033, 13, 149);
INSERT INTO ITEMPED VALUES (5033, 22, 129);
INSERT INTO PEDIDO VALUES (5034, 45, 410, 209);
INSERT INTO ITEMPED VALUES (5034, 78, 184);
INSERT INTO ITEMPED VALUES (5034, 13, 156);
INSERT INTO ITEMPED VALUES (5034, 22, 146);
INSERT INTO ITEMPED VALUES (5034, 25, 42);
INSERT INTO PEDIDO VALUES (5035, 30, 830, 101);
INSERT INTO ITEMPED VALUES (5035, 77, 108);
INSERT INTO ITEMPED VALUES (5035, 78, 86);
INSERT INTO PEDIDO VALUES (5036, 45, 290, 11);
INSERT INTO ITEMPED VALUES (5036, 31, 136);
INSERT INTO ITEMPED VALUES (5036, 45, 294);
INSERT INTO ITEMPED VALUES (5036, 53, 105);
INSERT INTO ITEMPED VALUES (5036, 77, 60);
INSERT INTO PEDIDO VALUES (5037, 10, 260, 250);
INSERT INTO ITEMPED VALUES (5037, 78, 257);
INSERT INTO ITEMPED VALUES (5037, 13, 14);
INSERT INTO PEDIDO VALUES (5038, 45, 871, 240);
INSERT INTO ITEMPED VALUES (5038, 31, 75);
INSERT INTO ITEMPED VALUES (5038, 45, 250);
INSERT INTO ITEMPED VALUES (5038, 53, 54);
INSERT INTO ITEMPED VALUES (5038, 77, 281);
INSERT INTO PEDIDO VALUES (5039, 10, 290, 101);
INSERT INTO ITEMPED VALUES (5039, 25, 58);
INSERT INTO PEDIDO VALUES (5040, 45, 870, 240);
INSERT INTO ITEMPED VALUES (5040, 77, 210);
INSERT INTO ITEMPED VALUES (5040, 78, 213);
INSERT INTO PEDIDO VALUES (5041, 20, 180, 213);
INSERT INTO ITEMPED VALUES (5041, 78, 56);
INSERT INTO ITEMPED VALUES (5041, 13, 13);
INSERT INTO ITEMPED VALUES (5041, 22, 99);
INSERT INTO PEDIDO VALUES (5042, 60, 290, 720);
INSERT INTO ITEMPED VALUES (5042, 53, 104);
INSERT INTO ITEMPED VALUES (5042, 77, 12);
INSERT INTO PEDIDO VALUES (5043, 10, 110, 240);
INSERT INTO ITEMPED VALUES (5043, 25, 250);
INSERT INTO ITEMPED VALUES (5043, 31, 87);
INSERT INTO ITEMPED VALUES (5043, 45, 99);
INSERT INTO ITEMPED VALUES (5043, 53, 176);
INSERT INTO PEDIDO VALUES (5044, 30, 830, 111);
INSERT INTO ITEMPED VALUES (5044, 45, 233);
INSERT INTO ITEMPED VALUES (5044, 53, 267);
INSERT INTO ITEMPED VALUES (5044, 77, 214);
INSERT INTO ITEMPED VALUES (5044, 78, 277);
INSERT INTO ITEMPED VALUES (5044, 13, 291);
INSERT INTO PEDIDO VALUES (5045, 60, 290, 720);
INSERT INTO ITEMPED VALUES (5045, 77, 115);
INSERT INTO ITEMPED VALUES (5045, 78, 73);
INSERT INTO ITEMPED VALUES (5045, 13, 60);
INSERT INTO ITEMPED VALUES (5045, 22, 7);
INSERT INTO PEDIDO VALUES (5046, 45, 870, 213);
INSERT INTO ITEMPED VALUES (5046, 78, 43);
INSERT INTO PEDIDO VALUES (5047, 10, 290, 101);
INSERT INTO ITEMPED VALUES (5047, 77, 104);
INSERT INTO ITEMPED VALUES (5047, 78, 208);
INSERT INTO ITEMPED VALUES (5047, 13, 142);
INSERT INTO ITEMPED VALUES (5047, 22, 228);
INSERT INTO ITEMPED VALUES (5047, 25, 158);
INSERT INTO ITEMPED VALUES (5047, 31, 27);
INSERT INTO PEDIDO VALUES (5048, 45, 830, 11);
INSERT INTO ITEMPED VALUES (5048, 13, 221);
INSERT INTO ITEMPED VALUES (5048, 22, 92);
INSERT INTO PEDIDO VALUES (5049, 20, 390, 250);
INSERT INTO ITEMPED VALUES (5049, 53, 148);
INSERT INTO ITEMPED VALUES (5049, 77, 41);
INSERT INTO ITEMPED VALUES (5049, 78, 258);
INSERT INTO ITEMPED VALUES (5049, 13, 166);
INSERT INTO PEDIDO VALUES (5050, 60, 720, 240);
INSERT INTO ITEMPED VALUES (5050, 45, 76);
INSERT INTO ITEMPED VALUES (5050, 53, 293);
INSERT INTO PEDIDO VALUES (5051, 30, 180, 209);
INSERT INTO ITEMPED VALUES (5051, 25, 170);
INSERT INTO ITEMPED VALUES (5051, 31, 224);
INSERT INTO ITEMPED VALUES (5051, 45, 200);
INSERT INTO ITEMPED VALUES (5051, 53, 226);
INSERT INTO PEDIDO VALUES (5052, 10, 260, 213);
INSERT INTO ITEMPED VALUES (5052, 77, 132);
INSERT INTO ITEMPED VALUES (5052, 78, 211);
INSERT INTO ITEMPED VALUES (5052, 13, 171);
INSERT INTO ITEMPED VALUES (5052, 22, 136);
INSERT INTO ITEMPED VALUES (5052, 25, 240);
INSERT INTO ITEMPED VALUES (5052, 31, 227);
INSERT INTO PEDIDO VALUES (5053, 45, 870, 250);
INSERT INTO ITEMPED VALUES (5053, 45, 163);
INSERT INTO ITEMPED VALUES (5053, 53, 273);
INSERT INTO ITEMPED VALUES (5053, 77, 24);
INSERT INTO ITEMPED VALUES (5053, 78, 18);
INSERT INTO PEDIDO VALUES (5054, 20, 20, 240);
INSERT INTO ITEMPED VALUES (5054, 13, 8);
INSERT INTO PEDIDO VALUES (5055, 10, 260, 720);
INSERT INTO ITEMPED VALUES (5055, 22, 94);
INSERT INTO ITEMPED VALUES (5055, 25, 56);
INSERT INTO ITEMPED VALUES (5055, 31, 155);
INSERT INTO PEDIDO VALUES (5056, 20, 110, 209);
INSERT INTO ITEMPED VALUES (5056, 13, 9);
INSERT INTO ITEMPED VALUES (5056, 22, 120);
INSERT INTO ITEMPED VALUES (5056, 25, 248);
INSERT INTO ITEMPED VALUES (5056, 31, 31);
INSERT INTO ITEMPED VALUES (5056, 45, 113);
INSERT INTO ITEMPED VALUES (5056, 53, 228);
INSERT INTO PEDIDO VALUES (5057, 45, 260, 720);
INSERT INTO ITEMPED VALUES (5057, 31, 85);
INSERT INTO ITEMPED VALUES (5057, 45, 35);
INSERT INTO ITEMPED VALUES (5057, 53, 20);
INSERT INTO ITEMPED VALUES (5057, 77, 86);
INSERT INTO PEDIDO VALUES (5058, 20, 20, 250);
INSERT INTO ITEMPED VALUES (5058, 25, 107);
INSERT INTO ITEMPED VALUES (5058, 31, 281);
INSERT INTO ITEMPED VALUES (5058, 45, 109);
INSERT INTO PEDIDO VALUES (5059, 60, 410, 11);
INSERT INTO ITEMPED VALUES (5059, 31, 65);
INSERT INTO PEDIDO VALUES (5060, 10, 720, 240);
INSERT INTO ITEMPED VALUES (5060, 22, 125);
INSERT INTO ITEMPED VALUES (5060, 25, 33);
INSERT INTO ITEMPED VALUES (5060, 31, 259);
INSERT INTO ITEMPED VALUES (5060, 45, 238);
INSERT INTO ITEMPED VALUES (5060, 53, 130);
INSERT INTO ITEMPED VALUES (5060, 77, 101);
INSERT INTO PEDIDO VALUES (5061, 45, 290, 209);
INSERT INTO ITEMPED VALUES (5061, 13, 180);
INSERT INTO PEDIDO VALUES (5062, 10, 110, 11);
INSERT INTO ITEMPED VALUES (5062, 53, 274);
INSERT INTO ITEMPED VALUES (5062, 77, 105);
INSERT INTO ITEMPED VALUES (5062, 78, 183);
INSERT INTO ITEMPED VALUES (5062, 13, 82);
INSERT INTO PEDIDO VALUES (5063, 60, 260, 240);
INSERT INTO ITEMPED VALUES (5063, 13, 123);
INSERT INTO ITEMPED VALUES (5063, 22, 86);
INSERT INTO PEDIDO VALUES (5064, 10, 290, 111);
INSERT INTO ITEMPED VALUES (5064, 77, 126);
INSERT INTO PEDIDO VALUES (5065, 60, 180, 240);
INSERT INTO ITEMPED VALUES (5065, 22, 204);
INSERT INTO ITEMPED VALUES (5065, 25, 99);
INSERT INTO ITEMPED VALUES (5065, 31, 248);
INSERT INTO ITEMPED VALUES (5065, 45, 24);
INSERT INTO ITEMPED VALUES (5065, 53, 212);
INSERT INTO PEDIDO VALUES (5066, 20, 871, 250);
INSERT INTO ITEMPED VALUES (5066, 53, 202);
INSERT INTO ITEMPED VALUES (5066, 77, 52);
INSERT INTO PEDIDO VALUES (5067, 30, 870, 310);
INSERT INTO ITEMPED VALUES (5067, 31, 129);
INSERT INTO PEDIDO VALUES (5068, 20, 20, 250);
INSERT INTO ITEMPED VALUES (5068, 77, 228);
INSERT INTO ITEMPED VALUES (5068, 78, 70);
INSERT INTO ITEMPED VALUES (5068, 13, 298);
INSERT INTO ITEMPED VALUES (5068, 22, 52);
INSERT INTO ITEMPED VALUES (5068, 25, 6);
INSERT INTO ITEMPED VALUES (5068, 31, 141);
INSERT INTO PEDIDO VALUES (5069, 30, 180, 11);
INSERT INTO ITEMPED VALUES (5069, 53, 247);
INSERT INTO ITEMPED VALUES (5069, 77, 274);
INSERT INTO ITEMPED VALUES (5069, 78, 48);
INSERT INTO ITEMPED VALUES (5069, 13, 75);
INSERT INTO ITEMPED VALUES (5069, 22, 26);
INSERT INTO ITEMPED VALUES (5069, 25, 41);
INSERT INTO PEDIDO VALUES (5070, 45, 871, 720);
INSERT INTO ITEMPED VALUES (5070, 77, 258);
INSERT INTO ITEMPED VALUES (5070, 78, 164);
INSERT INTO ITEMPED VALUES (5070, 13, 77);
INSERT INTO PEDIDO VALUES (5071, 10, 110, 111);
INSERT INTO ITEMPED VALUES (5071, 13, 139);
INSERT INTO ITEMPED VALUES (5071, 22, 210);
INSERT INTO ITEMPED VALUES (5071, 25, 10);
INSERT INTO ITEMPED VALUES (5071, 31, 221);
INSERT INTO ITEMPED VALUES (5071, 45, 173);
INSERT INTO PEDIDO VALUES (5072, 20, 180, 720);
INSERT INTO ITEMPED VALUES (5072, 22, 82);
INSERT INTO ITEMPED VALUES (5072, 25, 65);
INSERT INTO ITEMPED VALUES (5072, 31, 112);
INSERT INTO ITEMPED VALUES (5072, 45, 104);
INSERT INTO ITEMPED VALUES (5072, 53, 89);
INSERT INTO PEDIDO VALUES (5073, 45, 390, 111);
INSERT INTO ITEMPED VALUES (5073, 78, 248);
INSERT INTO ITEMPED VALUES (5073, 13, 53);
INSERT INTO ITEMPED VALUES (5073, 22, 97);
INSERT INTO PEDIDO VALUES (5074, 30, 870, 213);
INSERT INTO ITEMPED VALUES (5074, 22, 200);
INSERT INTO ITEMPED VALUES (5074, 25, 267);
INSERT INTO ITEMPED VALUES (5074, 31, 217);
INSERT INTO ITEMPED VALUES (5074, 45, 186);
INSERT INTO ITEMPED VALUES (5074, 53, 181);
INSERT INTO PEDIDO VALUES (5075, 45, 390, 720);
INSERT INTO ITEMPED VALUES (5075, 13, 183);
INSERT INTO ITEMPED VALUES (5075, 22, 217);
INSERT INTO ITEMPED VALUES (5075, 25, 233);
INSERT INTO ITEMPED VALUES (5075, 31, 203);
INSERT INTO ITEMPED VALUES (5075, 45, 232);
INSERT INTO ITEMPED VALUES (5075, 53, 53);
INSERT INTO PEDIDO VALUES (5076, 20, 871, 101);
INSERT INTO ITEMPED VALUES (5076, 25, 98);
INSERT INTO PEDIDO VALUES (5077, 10, 290, 209);
INSERT INTO ITEMPED VALUES (5077, 77, 62);
INSERT INTO ITEMPED VALUES (5077, 78, 156);
INSERT INTO PEDIDO VALUES (5078, 30, 871, 11);
INSERT INTO ITEMPED VALUES (5078, 13, 68);
INSERT INTO ITEMPED VALUES (5078, 22, 185);
INSERT INTO ITEMPED VALUES (5078, 25, 227);
INSERT INTO ITEMPED VALUES (5078, 31, 111);
INSERT INTO PEDIDO VALUES (5079, 10, 830, 209);
INSERT INTO ITEMPED VALUES (5079, 31, 42);
INSERT INTO ITEMPED VALUES (5079, 45, 216);
INSERT INTO ITEMPED VALUES (5079, 53, 220);
INSERT INTO PEDIDO VALUES (5080, 30, 180, 720);
INSERT INTO ITEMPED VALUES (5080, 45, 245);
INSERT INTO ITEMPED VALUES (5080, 53, 232);
INSERT INTO ITEMPED VALUES (5080, 77, 65);
INSERT INTO ITEMPED VALUES (5080, 78, 286);
INSERT INTO ITEMPED VALUES (5080, 13, 56);
INSERT INTO PEDIDO VALUES (5081, 60, 870, 310);
INSERT INTO ITEMPED VALUES (5081, 53, 293);
INSERT INTO ITEMPED VALUES (5081, 77, 259);
INSERT INTO PEDIDO VALUES (5082, 10, 260, 101);
INSERT INTO ITEMPED VALUES (5082, 77, 80);
INSERT INTO ITEMPED VALUES (5082, 78, 185);
INSERT INTO ITEMPED VALUES (5082, 13, 158);
INSERT INTO PEDIDO VALUES (5083, 20, 830, 213);
INSERT INTO ITEMPED VALUES (5083, 31, 52);
INSERT INTO ITEMPED VALUES (5083, 45, 190);
INSERT INTO ITEMPED VALUES (5083, 53, 245);
INSERT INTO PEDIDO VALUES (5084, 10, 260, 250);
INSERT INTO ITEMPED VALUES (5084, 22, 255);
INSERT INTO PEDIDO VALUES (5085, 30, 870, 213);
INSERT INTO ITEMPED VALUES (5085, 45, 95);
INSERT INTO ITEMPED VALUES (5085, 53, 240);
INSERT INTO ITEMPED VALUES (5085, 77, 205);
INSERT INTO PEDIDO VALUES (5086, 10, 110, 11);
INSERT INTO ITEMPED VALUES (5086, 13, 237);
INSERT INTO ITEMPED VALUES (5086, 22, 221);
INSERT INTO PEDIDO VALUES (5087, 45, 260, 240);
INSERT INTO ITEMPED VALUES (5087, 25, 236);
INSERT INTO ITEMPED VALUES (5087, 31, 231);
INSERT INTO ITEMPED VALUES (5087, 45, 212);
INSERT INTO PEDIDO VALUES (5088, 60, 720, 11);
INSERT INTO ITEMPED VALUES (5088, 53, 239);
INSERT INTO PEDIDO VALUES (5089, 45, 830, 209);
INSERT INTO ITEMPED VALUES (5089, 31, 68);
INSERT INTO ITEMPED VALUES (5089, 45, 165);
INSERT INTO ITEMPED VALUES (5089, 53, 48);
INSERT INTO ITEMPED VALUES (5089, 77, 4);
INSERT INTO PEDIDO VALUES (5090, 60, 20, 240);
INSERT INTO ITEMPED VALUES (5090, 78, 202);
INSERT INTO ITEMPED VALUES (5090, 13, 278);
INSERT INTO ITEMPED VALUES (5090, 22, 121);
INSERT INTO ITEMPED VALUES (5090, 25, 141);
INSERT INTO PEDIDO VALUES (5091, 10, 390, 11);
INSERT INTO ITEMPED VALUES (5091, 53, 50);
INSERT INTO ITEMPED VALUES (5091, 77, 141);
INSERT INTO ITEMPED VALUES (5091, 78, 82);
INSERT INTO ITEMPED VALUES (5091, 13, 290);
INSERT INTO PEDIDO VALUES (5092, 60, 830, 250);
INSERT INTO ITEMPED VALUES (5092, 45, 192);
INSERT INTO PEDIDO VALUES (5093, 20, 20, 101);
INSERT INTO ITEMPED VALUES (5093, 77, 92);
INSERT INTO ITEMPED VALUES (5093, 78, 273);
INSERT INTO ITEMPED VALUES (5093, 13, 20);
INSERT INTO ITEMPED VALUES (5093, 22, 299);
INSERT INTO ITEMPED VALUES (5093, 25, 210);
INSERT INTO ITEMPED VALUES (5093, 31, 122);
INSERT INTO PEDIDO VALUES (5094, 10, 180, 213);
INSERT INTO ITEMPED VALUES (5094, 31, 174);
INSERT INTO ITEMPED VALUES (5094, 45, 41);
INSERT INTO PEDIDO VALUES (5095, 20, 20, 209);
INSERT INTO ITEMPED VALUES (5095, 45, 10);
INSERT INTO ITEMPED VALUES (5095, 53, 174);
INSERT INTO ITEMPED VALUES (5095, 77, 111);
INSERT INTO ITEMPED VALUES (5095, 78, 204);
INSERT INTO ITEMPED VALUES (5095, 13, 30);
INSERT INTO ITEMPED VALUES (5095, 22, 44);
INSERT INTO PEDIDO VALUES (5096, 10, 260, 11);
INSERT INTO ITEMPED VALUES (5096, 77, 52);
INSERT INTO ITEMPED VALUES (5096, 78, 239);
INSERT INTO ITEMPED VALUES (5096, 13, 112);
INSERT INTO ITEMPED VALUES (5096, 22, 220);
INSERT INTO ITEMPED VALUES (5096, 25, 192);
INSERT INTO PEDIDO VALUES (5097, 30, 871, 213);
INSERT INTO ITEMPED VALUES (5097, 22, 26);
INSERT INTO PEDIDO VALUES (5098, 20, 390, 209);
INSERT INTO ITEMPED VALUES (5098, 77, 147);
INSERT INTO ITEMPED VALUES (5098, 78, 227);
INSERT INTO ITEMPED VALUES (5098, 13, 168);
INSERT INTO ITEMPED VALUES (5098, 22, 48);
INSERT INTO ITEMPED VALUES (5098, 25, 32);
INSERT INTO PEDIDO VALUES (5099, 45, 830, 101);
INSERT INTO ITEMPED VALUES (5099, 31, 302);
INSERT INTO ITEMPED VALUES (5099, 45, 238);
INSERT INTO PEDIDO VALUES (5100, 30, 390, 209);
INSERT INTO ITEMPED VALUES (5100, 25, 119);
INSERT INTO ITEMPED VALUES (5100, 31, 100);
INSERT INTO ITEMPED VALUES (5100, 45, 253);
INSERT INTO ITEMPED VALUES (5100, 53, 13);
INSERT INTO ITEMPED VALUES (5100, 77, 285);
INSERT INTO PEDIDO VALUES (5101, 10, 830, 11);
INSERT INTO ITEMPED VALUES (5101, 53, 261);
INSERT INTO ITEMPED VALUES (5101, 77, 90);
INSERT INTO ITEMPED VALUES (5101, 78, 212);
INSERT INTO PEDIDO VALUES (5102, 30, 180, 101);
INSERT INTO ITEMPED VALUES (5102, 45, 195);
INSERT INTO ITEMPED VALUES (5102, 53, 281);
INSERT INTO PEDIDO VALUES (5103, 60, 290, 213);
INSERT INTO ITEMPED VALUES (5103, 22, 275);
INSERT INTO ITEMPED VALUES (5103, 25, 118);
INSERT INTO ITEMPED VALUES (5103, 31, 230);
INSERT INTO ITEMPED VALUES (5103, 45, 173);
INSERT INTO PEDIDO VALUES (5104, 45, 720, 250);
INSERT INTO ITEMPED VALUES (5104, 77, 296);
INSERT INTO ITEMPED VALUES (5104, 78, 167);
INSERT INTO PEDIDO VALUES (5105, 20, 870, 101);
INSERT INTO ITEMPED VALUES (5105, 78, 227);
INSERT INTO ITEMPED VALUES (5105, 13, 230);
INSERT INTO ITEMPED VALUES (5105, 22, 228);
INSERT INTO PEDIDO VALUES (5106, 10, 871, 111);
INSERT INTO ITEMPED VALUES (5106, 45, 171);
INSERT INTO ITEMPED VALUES (5106, 53, 118);
INSERT INTO ITEMPED VALUES (5106, 77, 125);
INSERT INTO ITEMPED VALUES (5106, 78, 284);
INSERT INTO ITEMPED VALUES (5106, 13, 291);
INSERT INTO ITEMPED VALUES (5106, 22, 154);
INSERT INTO PEDIDO VALUES (5107, 20, 260, 213);
INSERT INTO ITEMPED VALUES (5107, 31, 253);
INSERT INTO ITEMPED VALUES (5107, 45, 202);
INSERT INTO ITEMPED VALUES (5107, 53, 142);
INSERT INTO ITEMPED VALUES (5107, 77, 53);
INSERT INTO ITEMPED VALUES (5107, 78, 252);
INSERT INTO PEDIDO VALUES (5108, 45, 720, 310);
INSERT INTO ITEMPED VALUES (5108, 45, 124);
INSERT INTO ITEMPED VALUES (5108, 53, 212);
INSERT INTO ITEMPED VALUES (5108, 77, 261);
INSERT INTO ITEMPED VALUES (5108, 78, 77);
INSERT INTO PEDIDO VALUES (5109, 30, 830, 250);
INSERT INTO ITEMPED VALUES (5109, 25, 269);
INSERT INTO ITEMPED VALUES (5109, 31, 218);
INSERT INTO ITEMPED VALUES (5109, 45, 167);
INSERT INTO ITEMPED VALUES (5109, 53, 196);
INSERT INTO PEDIDO VALUES (5110, 20, 870, 720);
INSERT INTO ITEMPED VALUES (5110, 22, 176);
INSERT INTO ITEMPED VALUES (5110, 25, 44);
INSERT INTO ITEMPED VALUES (5110, 31, 78);
INSERT INTO ITEMPED VALUES (5110, 45, 14);
INSERT INTO ITEMPED VALUES (5110, 53, 110);
INSERT INTO PEDIDO VALUES (5111, 60, 720, 209);
INSERT INTO ITEMPED VALUES (5111, 45, 212);
INSERT INTO ITEMPED VALUES (5111, 53, 154);
INSERT INTO ITEMPED VALUES (5111, 77, 289);
INSERT INTO PEDIDO VALUES (5112, 45, 870, 11);
INSERT INTO ITEMPED VALUES (5112, 53, 237);
INSERT INTO ITEMPED VALUES (5112, 77, 256);
INSERT INTO ITEMPED VALUES (5112, 78, 220);
INSERT INTO ITEMPED VALUES (5112, 13, 187);
INSERT INTO ITEMPED VALUES (5112, 22, 36);
INSERT INTO PEDIDO VALUES (5113, 10, 110, 213);
INSERT INTO ITEMPED VALUES (5113, 25, 288);
INSERT INTO ITEMPED VALUES (5113, 31, 21);
INSERT INTO ITEMPED VALUES (5113, 45, 66);
INSERT INTO PEDIDO VALUES (5114, 30, 830, 101);
INSERT INTO ITEMPED VALUES (5114, 22, 143);
INSERT INTO ITEMPED VALUES (5114, 25, 152);
INSERT INTO ITEMPED VALUES (5114, 31, 275);
INSERT INTO ITEMPED VALUES (5114, 45, 178);
INSERT INTO ITEMPED VALUES (5114, 53, 12);
INSERT INTO ITEMPED VALUES (5114, 77, 245);
INSERT INTO PEDIDO VALUES (5115, 20, 110, 111);
INSERT INTO ITEMPED VALUES (5115, 13, 36);
INSERT INTO ITEMPED VALUES (5115, 22, 12);
INSERT INTO PEDIDO VALUES (5116, 45, 870, 209);
INSERT INTO ITEMPED VALUES (5116, 31, 108);
INSERT INTO ITEMPED VALUES (5116, 45, 48);
INSERT INTO ITEMPED VALUES (5116, 53, 32);
INSERT INTO ITEMPED VALUES (5116, 77, 266);
INSERT INTO ITEMPED VALUES (5116, 78, 289);
INSERT INTO ITEMPED VALUES (5116, 13, 103);
INSERT INTO PEDIDO VALUES (5117, 10, 20, 250);
INSERT INTO ITEMPED VALUES (5117, 77, 173);
INSERT INTO ITEMPED VALUES (5117, 78, 55);
INSERT INTO ITEMPED VALUES (5117, 13, 273);
INSERT INTO ITEMPED VALUES (5117, 22, 43);
INSERT INTO PEDIDO VALUES (5118, 30, 110, 720);
INSERT INTO ITEMPED VALUES (5118, 45, 234);
INSERT INTO ITEMPED VALUES (5118, 53, 193);
INSERT INTO ITEMPED VALUES (5118, 77, 122);
INSERT INTO ITEMPED VALUES (5118, 78, 163);
INSERT INTO ITEMPED VALUES (5118, 13, 240);
INSERT INTO PEDIDO VALUES (5119, 60, 260, 310);
INSERT INTO ITEMPED VALUES (5119, 78, 124);
INSERT INTO ITEMPED VALUES (5119, 13, 297);
INSERT INTO PEDIDO VALUES (5120, 20, 110, 240);
INSERT INTO ITEMPED VALUES (5120, 45, 208);
INSERT INTO ITEMPED VALUES (5120, 53, 108);
INSERT INTO ITEMPED VALUES (5120, 77, 197);
INSERT INTO ITEMPED VALUES (5120, 78, 208);
INSERT INTO PEDIDO VALUES (5121, 30, 390, 720);
INSERT INTO ITEMPED VALUES (5121, 22, 102);
INSERT INTO PEDIDO VALUES (5122, 20, 290, 213);
INSERT INTO ITEMPED VALUES (5122, 53, 71);
INSERT INTO ITEMPED VALUES (5122, 77, 179);
INSERT INTO PEDIDO VALUES (5123, 30, 830, 720);
INSERT INTO ITEMPED VALUES (5123, 45, 277);
INSERT INTO ITEMPED VALUES (5123, 53, 252);
INSERT INTO ITEMPED VALUES (5123, 77, 105);
INSERT INTO ITEMPED VALUES (5123, 78, 282);
INSERT INTO PEDIDO VALUES (5124, 60, 720, 310);
INSERT INTO ITEMPED VALUES (5124, 22, 266);
INSERT INTO ITEMPED VALUES (5124, 25, 25);
INSERT INTO ITEMPED VALUES (5124, 31, 277);
INSERT INTO ITEMPED VALUES (5124, 45, 284);
INSERT INTO ITEMPED VALUES (5124, 53, 57);
INSERT INTO ITEMPED VALUES (5124, 77, 145);
INSERT INTO PEDIDO VALUES (5125, 30, 390, 213);
INSERT INTO ITEMPED VALUES (5125, 31, 171);
INSERT INTO ITEMPED VALUES (5125, 45, 291);
INSERT INTO PEDIDO VALUES (5126, 45, 410, 111);
INSERT INTO ITEMPED VALUES (5126, 53, 211);
INSERT INTO ITEMPED VALUES (5126, 77, 14);
INSERT INTO ITEMPED VALUES (5126, 78, 103);
INSERT INTO ITEMPED VALUES (5126, 13, 218);
INSERT INTO ITEMPED VALUES (5126, 22, 107);
INSERT INTO PEDIDO VALUES (5127, 30, 20, 720);
INSERT INTO ITEMPED VALUES (5127, 25, 89);
INSERT INTO PEDIDO VALUES (5128, 45, 180, 111);
INSERT INTO ITEMPED VALUES (5128, 45, 11);
INSERT INTO ITEMPED VALUES (5128, 53, 256);
INSERT INTO ITEMPED VALUES (5128, 77, 54);
INSERT INTO ITEMPED VALUES (5128, 78, 150);
INSERT INTO ITEMPED VALUES (5128, 13, 289);
INSERT INTO ITEMPED VALUES (5128, 22, 214);
INSERT INTO PEDIDO VALUES (5129, 20, 290, 213);
INSERT INTO ITEMPED VALUES (5129, 22, 17);
INSERT INTO ITEMPED VALUES (5129, 25, 157);
INSERT INTO ITEMPED VALUES (5129, 31, 59);
INSERT INTO ITEMPED VALUES (5129, 45, 278);
INSERT INTO PEDIDO VALUES (5130, 10, 871, 240);
INSERT INTO ITEMPED VALUES (5130, 13, 62);
INSERT INTO ITEMPED VALUES (5130, 22, 219);
INSERT INTO ITEMPED VALUES (5130, 25, 57);
INSERT INTO ITEMPED VALUES (5130, 31, 279);
INSERT INTO ITEMPED VALUES (5130, 45, 276);
INSERT INTO PEDIDO VALUES (5131, 30, 410, 209);
INSERT INTO ITEMPED VALUES (5131, 22, 110);
INSERT INTO ITEMPED VALUES (5131, 25, 90);
INSERT INTO ITEMPED VALUES (5131, 31, 12);
INSERT INTO ITEMPED VALUES (5131, 45, 152);
INSERT INTO PEDIDO VALUES (5132, 10, 720, 720);
INSERT INTO ITEMPED VALUES (5132, 25, 220);
INSERT INTO PEDIDO VALUES (5133, 60, 290, 111);
INSERT INTO ITEMPED VALUES (5133, 77, 6);
INSERT INTO PEDIDO VALUES (5134, 30, 870, 720);
INSERT INTO ITEMPED VALUES (5134, 31, 112);
INSERT INTO ITEMPED VALUES (5134, 45, 16);
INSERT INTO PEDIDO VALUES (5135, 60, 20, 250);
INSERT INTO ITEMPED VALUES (5135, 22, 139);
INSERT INTO ITEMPED VALUES (5135, 25, 109);
INSERT INTO ITEMPED VALUES (5135, 31, 105);
INSERT INTO ITEMPED VALUES (5135, 45, 166);
INSERT INTO PEDIDO VALUES (5136, 45, 720, 209);
INSERT INTO ITEMPED VALUES (5136, 31, 187);
INSERT INTO ITEMPED VALUES (5136, 45, 119);
INSERT INTO PEDIDO VALUES (5137, 20, 410, 250);
INSERT INTO ITEMPED VALUES (5137, 53, 110);
INSERT INTO PEDIDO VALUES (5138, 45, 390, 240);
INSERT INTO ITEMPED VALUES (5138, 31, 183);
INSERT INTO ITEMPED VALUES (5138, 45, 259);
INSERT INTO ITEMPED VALUES (5138, 53, 64);
INSERT INTO PEDIDO VALUES (5139, 20, 830, 111);
INSERT INTO ITEMPED VALUES (5139, 13, 123);
INSERT INTO ITEMPED VALUES (5139, 22, 38);
INSERT INTO ITEMPED VALUES (5139, 25, 290);
INSERT INTO ITEMPED VALUES (5139, 31, 72);
INSERT INTO ITEMPED VALUES (5139, 45, 176);
INSERT INTO ITEMPED VALUES (5139, 53, 166);
INSERT INTO PEDIDO VALUES (5140, 60, 260, 310);
INSERT INTO ITEMPED VALUES (5140, 53, 260);
INSERT INTO PEDIDO VALUES (5141, 30, 830, 213);
INSERT INTO ITEMPED VALUES (5141, 25, 231);
INSERT INTO ITEMPED VALUES (5141, 31, 155);
INSERT INTO ITEMPED VALUES (5141, 45, 158);
INSERT INTO ITEMPED VALUES (5141, 53, 266);
INSERT INTO ITEMPED VALUES (5141, 77, 266);
INSERT INTO PEDIDO VALUES (5142, 60, 871, 11);
INSERT INTO ITEMPED VALUES (5142, 77, 154);
INSERT INTO ITEMPED VALUES (5142, 78, 52);
INSERT INTO PEDIDO VALUES (5143, 45, 110, 209);
INSERT INTO ITEMPED VALUES (5143, 78, 181);
INSERT INTO ITEMPED VALUES (5143, 13, 68);
INSERT INTO ITEMPED VALUES (5143, 22, 266);
INSERT INTO PEDIDO VALUES (5144, 30, 290, 720);
INSERT INTO ITEMPED VALUES (5144, 53, 206);
INSERT INTO ITEMPED VALUES (5144, 77, 184);
INSERT INTO ITEMPED VALUES (5144, 78, 119);
INSERT INTO ITEMPED VALUES (5144, 13, 174);
INSERT INTO ITEMPED VALUES (5144, 22, 58);
INSERT INTO ITEMPED VALUES (5144, 25, 202);
INSERT INTO PEDIDO VALUES (5145, 60, 871, 111);
INSERT INTO ITEMPED VALUES (5145, 25, 140);
INSERT INTO ITEMPED VALUES (5145, 31, 128);
INSERT INTO ITEMPED VALUES (5145, 45, 26);
INSERT INTO ITEMPED VALUES (5145, 53, 207);
INSERT INTO ITEMPED VALUES (5145, 77, 106);
INSERT INTO ITEMPED VALUES (5145, 78, 145);
INSERT INTO PEDIDO VALUES (5146, 20, 260, 310);
INSERT INTO ITEMPED VALUES (5146, 31, 235);
INSERT INTO ITEMPED VALUES (5146, 45, 132);
INSERT INTO ITEMPED VALUES (5146, 53, 119);
INSERT INTO ITEMPED VALUES (5146, 77, 123);
INSERT INTO ITEMPED VALUES (5146, 78, 118);
INSERT INTO ITEMPED VALUES (5146, 13, 165);
INSERT INTO PEDIDO VALUES (5147, 60, 20, 11);
INSERT INTO ITEMPED VALUES (5147, 13, 211);
INSERT INTO ITEMPED VALUES (5147, 22, 213);
INSERT INTO PEDIDO VALUES (5148, 30, 720, 250);
INSERT INTO ITEMPED VALUES (5148, 31, 181);
INSERT INTO ITEMPED VALUES (5148, 45, 162);
INSERT INTO PEDIDO VALUES (5149, 10, 870, 101);
INSERT INTO ITEMPED VALUES (5149, 22, 246);
INSERT INTO ITEMPED VALUES (5149, 25, 17);
INSERT INTO ITEMPED VALUES (5149, 31, 151);
INSERT INTO PEDIDO VALUES (5150, 20, 390, 111);
INSERT INTO ITEMPED VALUES (5150, 77, 45);
INSERT INTO ITEMPED VALUES (5150, 78, 166);
INSERT INTO ITEMPED VALUES (5150, 13, 276);
INSERT INTO ITEMPED VALUES (5150, 22, 151);
INSERT INTO PEDIDO VALUES (5151, 60, 410, 209);
INSERT INTO ITEMPED VALUES (5151, 53, 218);
INSERT INTO ITEMPED VALUES (5151, 77, 213);
INSERT INTO ITEMPED VALUES (5151, 78, 173);
INSERT INTO ITEMPED VALUES (5151, 13, 19);
INSERT INTO PEDIDO VALUES (5152, 20, 20, 720);
INSERT INTO ITEMPED VALUES (5152, 45, 162);
INSERT INTO ITEMPED VALUES (5152, 53, 190);
INSERT INTO ITEMPED VALUES (5152, 77, 203);
INSERT INTO ITEMPED VALUES (5152, 78, 15);
INSERT INTO PEDIDO VALUES (5153, 45, 180, 101);
INSERT INTO ITEMPED VALUES (5153, 25, 55);
INSERT INTO ITEMPED VALUES (5153, 31, 201);
INSERT INTO PEDIDO VALUES (5154, 60, 720, 720);
INSERT INTO ITEMPED VALUES (5154, 13, 53);
INSERT INTO ITEMPED VALUES (5154, 22, 25);
INSERT INTO ITEMPED VALUES (5154, 25, 83);
INSERT INTO ITEMPED VALUES (5154, 31, 239);
INSERT INTO PEDIDO VALUES (5155, 30, 260, 101);
INSERT INTO ITEMPED VALUES (5155, 53, 109);
INSERT INTO ITEMPED VALUES (5155, 77, 260);
INSERT INTO PEDIDO VALUES (5156, 10, 390, 209);
INSERT INTO ITEMPED VALUES (5156, 13, 196);
INSERT INTO PEDIDO VALUES (5157, 45, 110, 720);
INSERT INTO ITEMPED VALUES (5157, 31, 171);
INSERT INTO PEDIDO VALUES (5158, 10, 290, 240);
INSERT INTO ITEMPED VALUES (5158, 53, 213);
INSERT INTO PEDIDO VALUES (5159, 30, 260, 101);
INSERT INTO ITEMPED VALUES (5159, 22, 26);
INSERT INTO PEDIDO VALUES (5160, 60, 180, 310);
INSERT INTO ITEMPED VALUES (5160, 53, 187);
INSERT INTO PEDIDO VALUES (5161, 30, 830, 720);
INSERT INTO ITEMPED VALUES (5161, 25, 172);
INSERT INTO PEDIDO VALUES (5162, 45, 110, 310);
INSERT INTO ITEMPED VALUES (5162, 22, 243);
INSERT INTO ITEMPED VALUES (5162, 25, 68);
INSERT INTO ITEMPED VALUES (5162, 31, 252);
INSERT INTO PEDIDO VALUES (5163, 30, 290, 250);
INSERT INTO ITEMPED VALUES (5163, 78, 273);
INSERT INTO ITEMPED VALUES (5163, 13, 280);
INSERT INTO ITEMPED VALUES (5163, 22, 209);
INSERT INTO ITEMPED VALUES (5163, 25, 299);
INSERT INTO ITEMPED VALUES (5163, 31, 123);
INSERT INTO PEDIDO VALUES (5164, 10, 260, 111);
INSERT INTO ITEMPED VALUES (5164, 31, 94);
INSERT INTO ITEMPED VALUES (5164, 45, 239);
INSERT INTO ITEMPED VALUES (5164, 53, 185);
INSERT INTO ITEMPED VALUES (5164, 77, 69);
INSERT INTO ITEMPED VALUES (5164, 78, 206);
INSERT INTO ITEMPED VALUES (5164, 13, 8);
INSERT INTO PEDIDO VALUES (5165, 30, 870, 310);
INSERT INTO ITEMPED VALUES (5165, 45, 27);
INSERT INTO PEDIDO VALUES (5166, 20, 260, 720);
INSERT INTO ITEMPED VALUES (5166, 13, 32);
INSERT INTO ITEMPED VALUES (5166, 22, 258);
INSERT INTO ITEMPED VALUES (5166, 25, 74);
INSERT INTO ITEMPED VALUES (5166, 31, 79);
INSERT INTO PEDIDO VALUES (5167, 10, 110, 250);
INSERT INTO ITEMPED VALUES (5167, 45, 45);
INSERT INTO ITEMPED VALUES (5167, 53, 4);
INSERT INTO ITEMPED VALUES (5167, 77, 243);
INSERT INTO PEDIDO VALUES (5168, 30, 870, 310);
INSERT INTO ITEMPED VALUES (5168, 53, 272);
INSERT INTO ITEMPED VALUES (5168, 77, 61);
INSERT INTO ITEMPED VALUES (5168, 78, 249);
INSERT INTO ITEMPED VALUES (5168, 13, 46);
INSERT INTO PEDIDO VALUES (5169, 60, 410, 209);
INSERT INTO ITEMPED VALUES (5169, 13, 289);
INSERT INTO ITEMPED VALUES (5169, 22, 74);
INSERT INTO ITEMPED VALUES (5169, 25, 43);
INSERT INTO ITEMPED VALUES (5169, 31, 300);
INSERT INTO ITEMPED VALUES (5169, 45, 106);
INSERT INTO ITEMPED VALUES (5169, 53, 189);
INSERT INTO PEDIDO VALUES (5170, 30, 290, 101);
INSERT INTO ITEMPED VALUES (5170, 31, 64);
INSERT INTO ITEMPED VALUES (5170, 45, 120);
INSERT INTO PEDIDO VALUES (5171, 60, 110, 240);
INSERT INTO ITEMPED VALUES (5171, 77, 104);
INSERT INTO ITEMPED VALUES (5171, 78, 48);
INSERT INTO ITEMPED VALUES (5171, 13, 295);
INSERT INTO PEDIDO VALUES (5172, 10, 290, 250);
INSERT INTO ITEMPED VALUES (5172, 25, 3);
INSERT INTO ITEMPED VALUES (5172, 31, 132);
INSERT INTO ITEMPED VALUES (5172, 45, 220);
INSERT INTO ITEMPED VALUES (5172, 53, 166);
INSERT INTO ITEMPED VALUES (5172, 77, 199);
INSERT INTO PEDIDO VALUES (5173, 45, 720, 240);
INSERT INTO ITEMPED VALUES (5173, 53, 124);
INSERT INTO PEDIDO VALUES (5174, 60, 180, 111);
INSERT INTO ITEMPED VALUES (5174, 13, 164);
INSERT INTO ITEMPED VALUES (5174, 22, 53);
INSERT INTO PEDIDO VALUES (5175, 20, 720, 250);
INSERT INTO ITEMPED VALUES (5175, 45, 225);
INSERT INTO ITEMPED VALUES (5175, 53, 293);
INSERT INTO ITEMPED VALUES (5175, 77, 236);
INSERT INTO ITEMPED VALUES (5175, 78, 165);
INSERT INTO PEDIDO VALUES (5176, 10, 390, 209);
INSERT INTO ITEMPED VALUES (5176, 78, 204);
INSERT INTO ITEMPED VALUES (5176, 13, 100);
INSERT INTO ITEMPED VALUES (5176, 22, 46);
INSERT INTO ITEMPED VALUES (5176, 25, 42);
INSERT INTO PEDIDO VALUES (5177, 45, 260, 11);
INSERT INTO ITEMPED VALUES (5177, 22, 255);
INSERT INTO PEDIDO VALUES (5178, 30, 410, 240);
INSERT INTO ITEMPED VALUES (5178, 13, 232);
INSERT INTO ITEMPED VALUES (5178, 22, 127);
INSERT INTO ITEMPED VALUES (5178, 25, 296);
INSERT INTO PEDIDO VALUES (5179, 45, 180, 250);
INSERT INTO ITEMPED VALUES (5179, 78, 188);
INSERT INTO PEDIDO VALUES (5180, 20, 830, 310);
INSERT INTO ITEMPED VALUES (5180, 25, 232);
INSERT INTO ITEMPED VALUES (5180, 31, 35);
INSERT INTO ITEMPED VALUES (5180, 45, 89);
INSERT INTO ITEMPED VALUES (5180, 53, 180);
INSERT INTO PEDIDO VALUES (5181, 10, 410, 240);
INSERT INTO ITEMPED VALUES (5181, 13, 255);
INSERT INTO ITEMPED VALUES (5181, 22, 206);
INSERT INTO ITEMPED VALUES (5181, 25, 103);
INSERT INTO PEDIDO VALUES (5182, 45, 180, 250);
INSERT INTO ITEMPED VALUES (5182, 53, 208);
INSERT INTO ITEMPED VALUES (5182, 77, 10);
INSERT INTO PEDIDO VALUES (5183, 20, 110, 11);
INSERT INTO ITEMPED VALUES (5183, 13, 203);
INSERT INTO ITEMPED VALUES (5183, 22, 137);
INSERT INTO ITEMPED VALUES (5183, 25, 298);
INSERT INTO ITEMPED VALUES (5183, 31, 86);
INSERT INTO ITEMPED VALUES (5183, 45, 60);
INSERT INTO PEDIDO VALUES (5184, 10, 830, 240);
INSERT INTO ITEMPED VALUES (5184, 45, 302);
INSERT INTO ITEMPED VALUES (5184, 53, 283);
INSERT INTO PEDIDO VALUES (5185, 45, 260, 101);
INSERT INTO ITEMPED VALUES (5185, 22, 166);
INSERT INTO ITEMPED VALUES (5185, 25, 17);
INSERT INTO ITEMPED VALUES (5185, 31, 91);
INSERT INTO PEDIDO VALUES (5186, 60, 20, 250);
INSERT INTO ITEMPED VALUES (5186, 77, 126);
INSERT INTO ITEMPED VALUES (5186, 78, 117);
INSERT INTO ITEMPED VALUES (5186, 13, 281);
INSERT INTO ITEMPED VALUES (5186, 22, 32);
INSERT INTO ITEMPED VALUES (5186, 25, 94);
INSERT INTO ITEMPED VALUES (5186, 31, 148);
INSERT INTO PEDIDO VALUES (5187, 20, 260, 101);
INSERT INTO ITEMPED VALUES (5187, 31, 152);
INSERT INTO ITEMPED VALUES (5187, 45, 54);
INSERT INTO ITEMPED VALUES (5187, 53, 70);
INSERT INTO ITEMPED VALUES (5187, 77, 22);
INSERT INTO ITEMPED VALUES (5187, 78, 291);
INSERT INTO ITEMPED VALUES (5187, 13, 95);
INSERT INTO PEDIDO VALUES (5188, 30, 830, 310);
INSERT INTO ITEMPED VALUES (5188, 13, 284);
INSERT INTO ITEMPED VALUES (5188, 22, 284);
INSERT INTO ITEMPED VALUES (5188, 25, 300);
INSERT INTO ITEMPED VALUES (5188, 31, 111);
INSERT INTO ITEMPED VALUES (5188, 45, 265);
INSERT INTO PEDIDO VALUES (5189, 45, 720, 111);
INSERT INTO ITEMPED VALUES (5189, 45, 49);
INSERT INTO PEDIDO VALUES (5190, 30, 110, 720);
INSERT INTO ITEMPED VALUES (5190, 78, 249);
INSERT INTO PEDIDO VALUES (5191, 10, 871, 250);
INSERT INTO ITEMPED VALUES (5191, 53, 154);
INSERT INTO ITEMPED VALUES (5191, 77, 218);
INSERT INTO ITEMPED VALUES (5191, 78, 112);
INSERT INTO PEDIDO VALUES (5192, 60, 110, 11);
INSERT INTO ITEMPED VALUES (5192, 77, 198);
INSERT INTO ITEMPED VALUES (5192, 78, 253);
INSERT INTO ITEMPED VALUES (5192, 13, 149);
INSERT INTO PEDIDO VALUES (5193, 20, 830, 250);
INSERT INTO ITEMPED VALUES (5193, 53, 235);
INSERT INTO ITEMPED VALUES (5193, 77, 108);
INSERT INTO ITEMPED VALUES (5193, 78, 271);
INSERT INTO ITEMPED VALUES (5193, 13, 189);
INSERT INTO PEDIDO VALUES (5194, 30, 20, 240);
INSERT INTO ITEMPED VALUES (5194, 25, 55);
INSERT INTO ITEMPED VALUES (5194, 31, 203);
INSERT INTO ITEMPED VALUES (5194, 45, 137);
INSERT INTO ITEMPED VALUES (5194, 53, 253);
INSERT INTO ITEMPED VALUES (5194, 77, 179);
INSERT INTO PEDIDO VALUES (5195, 45, 390, 209);
INSERT INTO ITEMPED VALUES (5195, 45, 269);
INSERT INTO ITEMPED VALUES (5195, 53, 242);
INSERT INTO ITEMPED VALUES (5195, 77, 169);
INSERT INTO PEDIDO VALUES (5196, 10, 720, 240);
INSERT INTO ITEMPED VALUES (5196, 53, 226);
INSERT INTO PEDIDO VALUES (5197, 60, 871, 101);
INSERT INTO ITEMPED VALUES (5197, 13, 139);
INSERT INTO ITEMPED VALUES (5197, 22, 106);
INSERT INTO ITEMPED VALUES (5197, 25, 268);
INSERT INTO ITEMPED VALUES (5197, 31, 66);
INSERT INTO ITEMPED VALUES (5197, 45, 107);
INSERT INTO PEDIDO VALUES (5198, 45, 720, 213);
INSERT INTO ITEMPED VALUES (5198, 78, 51);
INSERT INTO ITEMPED VALUES (5198, 13, 95);
INSERT INTO ITEMPED VALUES (5198, 22, 97);
INSERT INTO ITEMPED VALUES (5198, 25, 135);
INSERT INTO ITEMPED VALUES (5198, 31, 193);
INSERT INTO ITEMPED VALUES (5198, 45, 155);
INSERT INTO PEDIDO VALUES (5199, 10, 830, 111);
INSERT INTO ITEMPED VALUES (5199, 25, 41);
INSERT INTO ITEMPED VALUES (5199, 31, 283);
INSERT INTO ITEMPED VALUES (5199, 45, 64);
INSERT INTO ITEMPED VALUES (5199, 53, 251);
INSERT INTO PEDIDO VALUES (5200, 45, 290, 101);
INSERT INTO ITEMPED VALUES (5200, 45, 50);
INSERT INTO ITEMPED VALUES (5200, 53, 15);
INSERT INTO PEDIDO VALUES (5201, 60, 110, 720);
INSERT INTO ITEMPED VALUES (5201, 78, 182);
INSERT INTO PEDIDO VALUES (5202, 10, 830, 310);
INSERT INTO ITEMPED VALUES (5202, 45, 260);
INSERT INTO ITEMPED VALUES (5202, 53, 114);
INSERT INTO ITEMPED VALUES (5202, 77, 169);
INSERT INTO PEDIDO VALUES (5203, 60, 410, 213);
INSERT INTO ITEMPED VALUES (5203, 13, 110);
INSERT INTO ITEMPED VALUES (5203, 22, 238);
INSERT INTO PEDIDO VALUES (5204, 10, 830, 240);
INSERT INTO ITEMPED VALUES (5204, 25, 45);
INSERT INTO PEDIDO VALUES (5205, 45, 870, 209);
INSERT INTO ITEMPED VALUES (5205, 13, 73);
INSERT INTO ITEMPED VALUES (5205, 22, 224);
INSERT INTO PEDIDO VALUES (5206, 20, 410, 11);
INSERT INTO ITEMPED VALUES (5206, 77, 163);
INSERT INTO ITEMPED VALUES (5206, 78, 210);
INSERT INTO ITEMPED VALUES (5206, 13, 229);
INSERT INTO ITEMPED VALUES (5206, 22, 264);
INSERT INTO ITEMPED VALUES (5206, 25, 12);
INSERT INTO ITEMPED VALUES (5206, 31, 29);
INSERT INTO PEDIDO VALUES (5207, 10, 720, 111);
INSERT INTO ITEMPED VALUES (5207, 31, 147);
INSERT INTO ITEMPED VALUES (5207, 45, 74);
INSERT INTO ITEMPED VALUES (5207, 53, 43);
INSERT INTO PEDIDO VALUES (5208, 30, 20, 213);
INSERT INTO ITEMPED VALUES (5208, 22, 37);
INSERT INTO PEDIDO VALUES (5209, 20, 410, 209);
INSERT INTO ITEMPED VALUES (5209, 31, 41);
INSERT INTO ITEMPED VALUES (5209, 45, 180);
INSERT INTO PEDIDO VALUES (5210, 45, 260, 310);
INSERT INTO ITEMPED VALUES (5210, 77, 105);
INSERT INTO ITEMPED VALUES (5210, 78, 56);
INSERT INTO ITEMPED VALUES (5210, 13, 238);
INSERT INTO ITEMPED VALUES (5210, 22, 185);
INSERT INTO PEDIDO VALUES (5211, 20, 290, 101);
INSERT INTO ITEMPED VALUES (5211, 78, 8);
INSERT INTO ITEMPED VALUES (5211, 13, 152);
INSERT INTO PEDIDO VALUES (5212, 30, 260, 11);
INSERT INTO ITEMPED VALUES (5212, 31, 291);
INSERT INTO ITEMPED VALUES (5212, 45, 217);
INSERT INTO ITEMPED VALUES (5212, 53, 115);
INSERT INTO ITEMPED VALUES (5212, 77, 235);
INSERT INTO PEDIDO VALUES (5213, 10, 720, 720);
INSERT INTO ITEMPED VALUES (5213, 53, 72);
INSERT INTO ITEMPED VALUES (5213, 77, 127);
INSERT INTO PEDIDO VALUES (5214, 30, 830, 213);
INSERT INTO ITEMPED VALUES (5214, 13, 113);
INSERT INTO ITEMPED VALUES (5214, 22, 93);
INSERT INTO ITEMPED VALUES (5214, 25, 256);
INSERT INTO PEDIDO VALUES (5215, 20, 410, 240);
INSERT INTO ITEMPED VALUES (5215, 22, 258);
INSERT INTO PEDIDO VALUES (5216, 60, 180, 11);
INSERT INTO ITEMPED VALUES (5216, 77, 276);
INSERT INTO ITEMPED VALUES (5216, 78, 97);
INSERT INTO ITEMPED VALUES (5216, 13, 201);
INSERT INTO ITEMPED VALUES (5216, 22, 32);
INSERT INTO ITEMPED VALUES (5216, 25, 137);
INSERT INTO PEDIDO VALUES (5217, 10, 720, 209);
INSERT INTO ITEMPED VALUES (5217, 13, 83);
INSERT INTO ITEMPED VALUES (5217, 22, 239);
INSERT INTO ITEMPED VALUES (5217, 25, 85);
INSERT INTO PEDIDO VALUES (5218, 60, 871, 240);
INSERT INTO ITEMPED VALUES (5218, 78, 282);
INSERT INTO ITEMPED VALUES (5218, 13, 70);
INSERT INTO ITEMPED VALUES (5218, 22, 122);
INSERT INTO ITEMPED VALUES (5218, 25, 17);
INSERT INTO ITEMPED VALUES (5218, 31, 162);
INSERT INTO ITEMPED VALUES (5218, 45, 17);
INSERT INTO PEDIDO VALUES (5219, 45, 870, 310);
INSERT INTO ITEMPED VALUES (5219, 31, 138);
INSERT INTO PEDIDO VALUES (5220, 30, 871, 11);
INSERT INTO ITEMPED VALUES (5220, 77, 298);
INSERT INTO ITEMPED VALUES (5220, 78, 290);
INSERT INTO ITEMPED VALUES (5220, 13, 175);
INSERT INTO ITEMPED VALUES (5220, 22, 229);
INSERT INTO PEDIDO VALUES (5221, 45, 870, 310);
INSERT INTO ITEMPED VALUES (5221, 78, 177);
INSERT INTO ITEMPED VALUES (5221, 13, 284);
INSERT INTO PEDIDO VALUES (5222, 30, 830, 240);
INSERT INTO ITEMPED VALUES (5222, 53, 222);
INSERT INTO ITEMPED VALUES (5222, 77, 113);
INSERT INTO ITEMPED VALUES (5222, 78, 104);
INSERT INTO ITEMPED VALUES (5222, 13, 107);
INSERT INTO PEDIDO VALUES (5223, 45, 110, 209);
INSERT INTO ITEMPED VALUES (5223, 78, 16);
INSERT INTO ITEMPED VALUES (5223, 13, 213);
INSERT INTO ITEMPED VALUES (5223, 22, 228);
INSERT INTO ITEMPED VALUES (5223, 25, 21);
INSERT INTO ITEMPED VALUES (5223, 31, 6);
INSERT INTO ITEMPED VALUES (5223, 45, 158);
INSERT INTO PEDIDO VALUES (5224, 60, 830, 720);
INSERT INTO ITEMPED VALUES (5224, 45, 44);
INSERT INTO ITEMPED VALUES (5224, 53, 53);
INSERT INTO ITEMPED VALUES (5224, 77, 114);
INSERT INTO PEDIDO VALUES (5225, 10, 871, 250);
INSERT INTO ITEMPED VALUES (5225, 31, 80);
INSERT INTO ITEMPED VALUES (5225, 45, 50);
INSERT INTO ITEMPED VALUES (5225, 53, 141);
INSERT INTO PEDIDO VALUES (5226, 60, 410, 101);
INSERT INTO ITEMPED VALUES (5226, 78, 129);
INSERT INTO ITEMPED VALUES (5226, 13, 33);
INSERT INTO ITEMPED VALUES (5226, 22, 264);
INSERT INTO ITEMPED VALUES (5226, 25, 62);
INSERT INTO ITEMPED VALUES (5226, 31, 79);
INSERT INTO PEDIDO VALUES (5227, 45, 260, 11);
INSERT INTO ITEMPED VALUES (5227, 77, 47);
INSERT INTO ITEMPED VALUES (5227, 78, 49);
INSERT INTO ITEMPED VALUES (5227, 13, 49);
INSERT INTO ITEMPED VALUES (5227, 22, 291);
INSERT INTO ITEMPED VALUES (5227, 25, 195);
INSERT INTO ITEMPED VALUES (5227, 31, 239);
INSERT INTO PEDIDO VALUES (5228, 60, 830, 111);
INSERT INTO ITEMPED VALUES (5228, 22, 281);
INSERT INTO PEDIDO VALUES (5229, 20, 110, 720);
INSERT INTO ITEMPED VALUES (5229, 25, 151);
INSERT INTO PEDIDO VALUES (5230, 30, 20, 240);
INSERT INTO ITEMPED VALUES (5230, 78, 127);
INSERT INTO ITEMPED VALUES (5230, 13, 149);
INSERT INTO ITEMPED VALUES (5230, 22, 185);
INSERT INTO PEDIDO VALUES (5231, 45, 410, 310);
INSERT INTO ITEMPED VALUES (5231, 77, 216);
INSERT INTO ITEMPED VALUES (5231, 78, 248);
INSERT INTO PEDIDO VALUES (5232, 10, 110, 111);
INSERT INTO ITEMPED VALUES (5232, 13, 54);
INSERT INTO PEDIDO VALUES (5233, 60, 260, 213);
INSERT INTO ITEMPED VALUES (5233, 77, 44);
INSERT INTO ITEMPED VALUES (5233, 78, 112);
INSERT INTO ITEMPED VALUES (5233, 13, 245);
INSERT INTO ITEMPED VALUES (5233, 22, 294);
INSERT INTO ITEMPED VALUES (5233, 25, 91);
INSERT INTO ITEMPED VALUES (5233, 31, 291);
INSERT INTO PEDIDO VALUES (5234, 10, 110, 11);
INSERT INTO ITEMPED VALUES (5234, 53, 79);
INSERT INTO PEDIDO VALUES (5235, 20, 870, 720);
INSERT INTO ITEMPED VALUES (5235, 13, 37);
INSERT INTO ITEMPED VALUES (5235, 22, 40);
INSERT INTO ITEMPED VALUES (5235, 25, 165);
INSERT INTO PEDIDO VALUES (5236, 30, 410, 101);
INSERT INTO ITEMPED VALUES (5236, 25, 72);
INSERT INTO ITEMPED VALUES (5236, 31, 99);
INSERT INTO ITEMPED VALUES (5236, 45, 203);
INSERT INTO ITEMPED VALUES (5236, 53, 229);
INSERT INTO ITEMPED VALUES (5236, 77, 17);
INSERT INTO ITEMPED VALUES (5236, 78, 296);
INSERT INTO PEDIDO VALUES (5237, 45, 830, 111);
INSERT INTO ITEMPED VALUES (5237, 13, 268);
INSERT INTO ITEMPED VALUES (5237, 22, 6);
INSERT INTO ITEMPED VALUES (5237, 25, 120);
INSERT INTO ITEMPED VALUES (5237, 31, 147);
INSERT INTO ITEMPED VALUES (5237, 45, 218);
INSERT INTO ITEMPED VALUES (5237, 53, 62);
INSERT INTO PEDIDO VALUES (5238, 60, 390, 720);
INSERT INTO ITEMPED VALUES (5238, 22, 51);
INSERT INTO ITEMPED VALUES (5238, 25, 6);
INSERT INTO ITEMPED VALUES (5238, 31, 198);
INSERT INTO PEDIDO VALUES (5239, 30, 870, 101);
INSERT INTO ITEMPED VALUES (5239, 53, 133);
INSERT INTO ITEMPED VALUES (5239, 77, 95);
INSERT INTO ITEMPED VALUES (5239, 78, 199);
INSERT INTO PEDIDO VALUES (5240, 20, 290, 11);
INSERT INTO ITEMPED VALUES (5240, 77, 113);
INSERT INTO ITEMPED VALUES (5240, 78, 49);
INSERT INTO ITEMPED VALUES (5240, 13, 138);
INSERT INTO ITEMPED VALUES (5240, 22, 77);
INSERT INTO ITEMPED VALUES (5240, 25, 218);
INSERT INTO ITEMPED VALUES (5240, 31, 43);
INSERT INTO PEDIDO VALUES (5241, 60, 830, 310);
INSERT INTO ITEMPED VALUES (5241, 53, 27);
INSERT INTO ITEMPED VALUES (5241, 77, 293);
INSERT INTO ITEMPED VALUES (5241, 78, 13);
INSERT INTO ITEMPED VALUES (5241, 13, 168);
INSERT INTO ITEMPED VALUES (5241, 22, 290);
INSERT INTO ITEMPED VALUES (5241, 25, 230);
INSERT INTO PEDIDO VALUES (5242, 30, 20, 101);
INSERT INTO ITEMPED VALUES (5242, 13, 215);
INSERT INTO ITEMPED VALUES (5242, 22, 163);
INSERT INTO ITEMPED VALUES (5242, 25, 219);
INSERT INTO ITEMPED VALUES (5242, 31, 146);
INSERT INTO PEDIDO VALUES (5243, 60, 830, 240);
INSERT INTO ITEMPED VALUES (5243, 22, 9);
INSERT INTO ITEMPED VALUES (5243, 25, 244);
INSERT INTO ITEMPED VALUES (5243, 31, 232);
INSERT INTO ITEMPED VALUES (5243, 45, 70);
INSERT INTO ITEMPED VALUES (5243, 53, 64);
INSERT INTO PEDIDO VALUES (5244, 45, 871, 209);
INSERT INTO ITEMPED VALUES (5244, 31, 56);
INSERT INTO ITEMPED VALUES (5244, 45, 207);
INSERT INTO ITEMPED VALUES (5244, 53, 192);
INSERT INTO PEDIDO VALUES (5245, 20, 110, 720);
INSERT INTO ITEMPED VALUES (5245, 45, 216);
INSERT INTO ITEMPED VALUES (5245, 53, 227);
INSERT INTO PEDIDO VALUES (5246, 60, 180, 310);
INSERT INTO ITEMPED VALUES (5246, 31, 205);
INSERT INTO ITEMPED VALUES (5246, 45, 178);
INSERT INTO PEDIDO VALUES (5247, 45, 260, 209);
INSERT INTO ITEMPED VALUES (5247, 77, 62);
INSERT INTO ITEMPED VALUES (5247, 78, 287);
INSERT INTO ITEMPED VALUES (5247, 13, 170);
INSERT INTO PEDIDO VALUES (5248, 60, 20, 720);
INSERT INTO ITEMPED VALUES (5248, 78, 176);
INSERT INTO ITEMPED VALUES (5248, 13, 47);
INSERT INTO ITEMPED VALUES (5248, 22, 252);
INSERT INTO ITEMPED VALUES (5248, 25, 220);
INSERT INTO ITEMPED VALUES (5248, 31, 59);
INSERT INTO ITEMPED VALUES (5248, 45, 95);
INSERT INTO PEDIDO VALUES (5249, 45, 720, 11);
INSERT INTO ITEMPED VALUES (5249, 31, 107);
INSERT INTO ITEMPED VALUES (5249, 45, 180);
INSERT INTO ITEMPED VALUES (5249, 53, 107);
INSERT INTO PEDIDO VALUES (5250, 10, 871, 209);
INSERT INTO ITEMPED VALUES (5250, 45, 249);
INSERT INTO PEDIDO VALUES (5251, 60, 20, 213);
INSERT INTO ITEMPED VALUES (5251, 78, 100);
INSERT INTO ITEMPED VALUES (5251, 13, 278);
INSERT INTO ITEMPED VALUES (5251, 22, 234);
INSERT INTO PEDIDO VALUES (5252, 30, 260, 250);
INSERT INTO ITEMPED VALUES (5252, 22, 280);
INSERT INTO ITEMPED VALUES (5252, 25, 103);
INSERT INTO PEDIDO VALUES (5253, 60, 180, 209);
INSERT INTO ITEMPED VALUES (5253, 77, 3);
INSERT INTO ITEMPED VALUES (5253, 78, 109);
INSERT INTO ITEMPED VALUES (5253, 13, 47);
INSERT INTO ITEMPED VALUES (5253, 22, 257);
INSERT INTO ITEMPED VALUES (5253, 25, 206);
INSERT INTO ITEMPED VALUES (5253, 31, 45);
INSERT INTO PEDIDO VALUES (5254, 10, 290, 111);
INSERT INTO ITEMPED VALUES (5254, 25, 288);
INSERT INTO ITEMPED VALUES (5254, 31, 89);
INSERT INTO PEDIDO VALUES (5255, 20, 870, 101);
INSERT INTO ITEMPED VALUES (5255, 78, 38);
INSERT INTO PEDIDO VALUES (5256, 10, 180, 213);
INSERT INTO ITEMPED VALUES (5256, 45, 150);
INSERT INTO ITEMPED VALUES (5256, 53, 18);
INSERT INTO ITEMPED VALUES (5256, 77, 11);
INSERT INTO ITEMPED VALUES (5256, 78, 283);
INSERT INTO PEDIDO VALUES (5257, 60, 871, 101);
INSERT INTO ITEMPED VALUES (5257, 78, 43);
INSERT INTO ITEMPED VALUES (5257, 13, 178);
INSERT INTO ITEMPED VALUES (5257, 22, 71);
INSERT INTO ITEMPED VALUES (5257, 25, 250);
INSERT INTO ITEMPED VALUES (5257, 31, 259);
INSERT INTO ITEMPED VALUES (5257, 45, 158);
INSERT INTO PEDIDO VALUES (5258, 20, 390, 209);
INSERT INTO ITEMPED VALUES (5258, 77, 274);
INSERT INTO ITEMPED VALUES (5258, 78, 137);
INSERT INTO ITEMPED VALUES (5258, 13, 24);
INSERT INTO ITEMPED VALUES (5258, 22, 219);
INSERT INTO ITEMPED VALUES (5258, 25, 280);
INSERT INTO PEDIDO VALUES (5259, 10, 870, 213);
INSERT INTO ITEMPED VALUES (5259, 78, 184);
INSERT INTO ITEMPED VALUES (5259, 13, 115);
INSERT INTO ITEMPED VALUES (5259, 22, 122);
INSERT INTO PEDIDO VALUES (5260, 45, 410, 101);
INSERT INTO ITEMPED VALUES (5260, 22, 68);
INSERT INTO ITEMPED VALUES (5260, 25, 79);
INSERT INTO PEDIDO VALUES (5261, 20, 871, 209);
INSERT INTO ITEMPED VALUES (5261, 53, 94);
INSERT INTO ITEMPED VALUES (5261, 77, 27);
INSERT INTO ITEMPED VALUES (5261, 78, 57);
INSERT INTO ITEMPED VALUES (5261, 13, 247);
INSERT INTO PEDIDO VALUES (5262, 60, 20, 240);
INSERT INTO ITEMPED VALUES (5262, 31, 107);
INSERT INTO ITEMPED VALUES (5262, 45, 102);
INSERT INTO ITEMPED VALUES (5262, 53, 165);
INSERT INTO ITEMPED VALUES (5262, 77, 59);
INSERT INTO ITEMPED VALUES (5262, 78, 136);
INSERT INTO ITEMPED VALUES (5262, 13, 144);
INSERT INTO PEDIDO VALUES (5263, 10, 830, 250);
INSERT INTO ITEMPED VALUES (5263, 22, 79);
INSERT INTO ITEMPED VALUES (5263, 25, 268);
INSERT INTO ITEMPED VALUES (5263, 31, 3);
INSERT INTO ITEMPED VALUES (5263, 45, 127);
INSERT INTO ITEMPED VALUES (5263, 53, 197);
INSERT INTO PEDIDO VALUES (5264, 30, 390, 111);
INSERT INTO ITEMPED VALUES (5264, 45, 101);
INSERT INTO ITEMPED VALUES (5264, 53, 264);
INSERT INTO ITEMPED VALUES (5264, 77, 36);
INSERT INTO ITEMPED VALUES (5264, 78, 115);
INSERT INTO ITEMPED VALUES (5264, 13, 227);
INSERT INTO ITEMPED VALUES (5264, 22, 151);
INSERT INTO PEDIDO VALUES (5265, 20, 410, 720);
INSERT INTO ITEMPED VALUES (5265, 25, 279);
INSERT INTO ITEMPED VALUES (5265, 31, 293);
INSERT INTO ITEMPED VALUES (5265, 45, 176);
INSERT INTO PEDIDO VALUES (5266, 60, 870, 11);
INSERT INTO ITEMPED VALUES (5266, 78, 301);
INSERT INTO ITEMPED VALUES (5266, 13, 121);
INSERT INTO ITEMPED VALUES (5266, 22, 81);
INSERT INTO ITEMPED VALUES (5266, 25, 233);
INSERT INTO ITEMPED VALUES (5266, 31, 97);
INSERT INTO PEDIDO VALUES (5267, 20, 720, 310);
INSERT INTO ITEMPED VALUES (5267, 31, 71);
INSERT INTO ITEMPED VALUES (5267, 45, 30);
INSERT INTO ITEMPED VALUES (5267, 53, 142);
INSERT INTO ITEMPED VALUES (5267, 77, 302);
INSERT INTO ITEMPED VALUES (5267, 78, 160);
INSERT INTO ITEMPED VALUES (5267, 13, 279);
INSERT INTO PEDIDO VALUES (5268, 30, 180, 213);
INSERT INTO ITEMPED VALUES (5268, 53, 201);
INSERT INTO PEDIDO VALUES (5269, 60, 110, 720);
INSERT INTO ITEMPED VALUES (5269, 31, 35);
INSERT INTO ITEMPED VALUES (5269, 45, 292);
INSERT INTO ITEMPED VALUES (5269, 53, 196);
INSERT INTO ITEMPED VALUES (5269, 77, 75);
INSERT INTO ITEMPED VALUES (5269, 78, 178);
INSERT INTO PEDIDO VALUES (5270, 30, 870, 240);
INSERT INTO ITEMPED VALUES (5270, 13, 279);
INSERT INTO PEDIDO VALUES (5271, 60, 720, 720);
INSERT INTO ITEMPED VALUES (5271, 77, 97);
INSERT INTO ITEMPED VALUES (5271, 78, 231);
INSERT INTO ITEMPED VALUES (5271, 13, 114);
INSERT INTO ITEMPED VALUES (5271, 22, 38);
INSERT INTO PEDIDO VALUES (5272, 20, 830, 310);
INSERT INTO ITEMPED VALUES (5272, 53, 39);
INSERT INTO ITEMPED VALUES (5272, 77, 273);
INSERT INTO ITEMPED VALUES (5272, 78, 265);
INSERT INTO ITEMPED VALUES (5272, 13, 129);
INSERT INTO PEDIDO VALUES (5273, 60, 260, 209);
INSERT INTO ITEMPED VALUES (5273, 78, 79);
INSERT INTO ITEMPED VALUES (5273, 13, 64);
INSERT INTO ITEMPED VALUES (5273, 22, 171);
INSERT INTO PEDIDO VALUES (5274, 45, 180, 101);
INSERT INTO ITEMPED VALUES (5274, 31, 144);
INSERT INTO ITEMPED VALUES (5274, 45, 206);
INSERT INTO ITEMPED VALUES (5274, 53, 261);
INSERT INTO PEDIDO VALUES (5275, 20, 20, 213);
INSERT INTO ITEMPED VALUES (5275, 77, 181);
INSERT INTO ITEMPED VALUES (5275, 78, 155);
INSERT INTO ITEMPED VALUES (5275, 13, 92);
INSERT INTO ITEMPED VALUES (5275, 22, 98);
INSERT INTO ITEMPED VALUES (5275, 25, 57);
INSERT INTO ITEMPED VALUES (5275, 31, 177);
INSERT INTO PEDIDO VALUES (5276, 10, 260, 11);
INSERT INTO ITEMPED VALUES (5276, 13, 123);
INSERT INTO ITEMPED VALUES (5276, 22, 154);
INSERT INTO PEDIDO VALUES (5277, 20, 830, 240);
INSERT INTO ITEMPED VALUES (5277, 45, 287);
INSERT INTO ITEMPED VALUES (5277, 53, 25);
INSERT INTO ITEMPED VALUES (5277, 77, 143);
INSERT INTO ITEMPED VALUES (5277, 78, 69);
INSERT INTO PEDIDO VALUES (5278, 60, 290, 111);
INSERT INTO ITEMPED VALUES (5278, 25, 274);
INSERT INTO ITEMPED VALUES (5278, 31, 178);
INSERT INTO ITEMPED VALUES (5278, 45, 66);
INSERT INTO ITEMPED VALUES (5278, 53, 235);
INSERT INTO ITEMPED VALUES (5278, 77, 139);
INSERT INTO ITEMPED VALUES (5278, 78, 175);
INSERT INTO PEDIDO VALUES (5279, 20, 180, 101);
INSERT INTO ITEMPED VALUES (5279, 22, 260);
INSERT INTO ITEMPED VALUES (5279, 25, 163);
INSERT INTO ITEMPED VALUES (5279, 31, 175);
INSERT INTO ITEMPED VALUES (5279, 45, 68);
INSERT INTO PEDIDO VALUES (5280, 45, 20, 250);
INSERT INTO ITEMPED VALUES (5280, 31, 89);
INSERT INTO ITEMPED VALUES (5280, 45, 232);
INSERT INTO ITEMPED VALUES (5280, 53, 246);
INSERT INTO ITEMPED VALUES (5280, 77, 274);
INSERT INTO ITEMPED VALUES (5280, 78, 300);
INSERT INTO ITEMPED VALUES (5280, 13, 152);
INSERT INTO PEDIDO VALUES (5281, 60, 290, 111);
INSERT INTO ITEMPED VALUES (5281, 25, 220);
INSERT INTO PEDIDO VALUES (5282, 10, 110, 11);
INSERT INTO ITEMPED VALUES (5282, 45, 210);
INSERT INTO ITEMPED VALUES (5282, 53, 180);
INSERT INTO ITEMPED VALUES (5282, 77, 246);
INSERT INTO ITEMPED VALUES (5282, 78, 89);
INSERT INTO ITEMPED VALUES (5282, 13, 291);
INSERT INTO ITEMPED VALUES (5282, 22, 175);
INSERT INTO PEDIDO VALUES (5283, 60, 871, 111);
INSERT INTO ITEMPED VALUES (5283, 13, 212);
INSERT INTO ITEMPED VALUES (5283, 22, 256);
INSERT INTO ITEMPED VALUES (5283, 25, 117);
INSERT INTO ITEMPED VALUES (5283, 31, 159);
INSERT INTO ITEMPED VALUES (5283, 45, 125);
INSERT INTO ITEMPED VALUES (5283, 53, 193);
INSERT INTO PEDIDO VALUES (5284, 20, 260, 310);
INSERT INTO ITEMPED VALUES (5284, 31, 165);
INSERT INTO ITEMPED VALUES (5284, 45, 129);
INSERT INTO ITEMPED VALUES (5284, 53, 288);
INSERT INTO ITEMPED VALUES (5284, 77, 173);
INSERT INTO PEDIDO VALUES (5285, 45, 390, 720);
INSERT INTO ITEMPED VALUES (5285, 78, 126);
INSERT INTO PEDIDO VALUES (5286, 20, 290, 209);
INSERT INTO ITEMPED VALUES (5286, 31, 96);
INSERT INTO ITEMPED VALUES (5286, 45, 103);
INSERT INTO ITEMPED VALUES (5286, 53, 164);
INSERT INTO ITEMPED VALUES (5286, 77, 82);
INSERT INTO ITEMPED VALUES (5286, 78, 293);
INSERT INTO PEDIDO VALUES (5287, 45, 110, 111);
INSERT INTO ITEMPED VALUES (5287, 25, 169);
INSERT INTO PEDIDO VALUES (5288, 10, 20, 101);
INSERT INTO ITEMPED VALUES (5288, 45, 266);
INSERT INTO ITEMPED VALUES (5288, 53, 297);
INSERT INTO ITEMPED VALUES (5288, 77, 38);
INSERT INTO PEDIDO VALUES (5289, 20, 390, 250);
INSERT INTO ITEMPED VALUES (5289, 22, 172);
INSERT INTO ITEMPED VALUES (5289, 25, 157);
INSERT INTO ITEMPED VALUES (5289, 31, 69);
INSERT INTO PEDIDO VALUES (5290, 60, 871, 209);
INSERT INTO ITEMPED VALUES (5290, 53, 53);
INSERT INTO ITEMPED VALUES (5290, 77, 63);
INSERT INTO ITEMPED VALUES (5290, 78, 198);
INSERT INTO PEDIDO VALUES (5291, 10, 260, 111);
INSERT INTO ITEMPED VALUES (5291, 25, 9);
INSERT INTO ITEMPED VALUES (5291, 31, 82);
INSERT INTO ITEMPED VALUES (5291, 45, 221);
INSERT INTO ITEMPED VALUES (5291, 53, 269);
INSERT INTO ITEMPED VALUES (5291, 77, 223);
INSERT INTO PEDIDO VALUES (5292, 60, 20, 11);
INSERT INTO ITEMPED VALUES (5292, 22, 47);
INSERT INTO ITEMPED VALUES (5292, 25, 44);
INSERT INTO ITEMPED VALUES (5292, 31, 88);
INSERT INTO ITEMPED VALUES (5292, 45, 196);
INSERT INTO ITEMPED VALUES (5292, 53, 156);
INSERT INTO ITEMPED VALUES (5292, 77, 66);
INSERT INTO PEDIDO VALUES (5293, 30, 871, 101);
INSERT INTO ITEMPED VALUES (5293, 78, 191);
INSERT INTO ITEMPED VALUES (5293, 13, 140);
INSERT INTO ITEMPED VALUES (5293, 22, 207);
INSERT INTO PEDIDO VALUES (5294, 45, 390, 11);
INSERT INTO ITEMPED VALUES (5294, 31, 221);
INSERT INTO ITEMPED VALUES (5294, 45, 29);
INSERT INTO PEDIDO VALUES (5295, 60, 260, 101);
INSERT INTO ITEMPED VALUES (5295, 78, 124);
INSERT INTO ITEMPED VALUES (5295, 13, 261);
INSERT INTO PEDIDO VALUES (5296, 10, 871, 209);
INSERT INTO ITEMPED VALUES (5296, 77, 206);
INSERT INTO PEDIDO VALUES (5297, 20, 180, 101);
INSERT INTO ITEMPED VALUES (5297, 45, 214);
INSERT INTO ITEMPED VALUES (5297, 53, 187);
INSERT INTO ITEMPED VALUES (5297, 77, 18);
INSERT INTO ITEMPED VALUES (5297, 78, 45);
INSERT INTO PEDIDO VALUES (5298, 60, 390, 11);
INSERT INTO ITEMPED VALUES (5298, 25, 216);
INSERT INTO ITEMPED VALUES (5298, 31, 98);
INSERT INTO PEDIDO VALUES (5299, 30, 110, 250);
INSERT INTO ITEMPED VALUES (5299, 22, 265);

ALTER TABLE PEDIDO ADD DATA DATE;

create or replace function gera_data_pedido()
returns date as $$
declare
    maiordata date;
    dataretorno date;
    maxpedidos integer;
    qpedidos integer;
BEGIN
    maxpedidos := trunc(random() * 100 + 1);
    select max(data) into maiordata from pedido;
    if (maiordata is null) then
        maiordata := now();
    end if;
    select count(data) into qpedidos from pedido where data = maiordata;
    if (qpedidos >= maxpedidos) then
        dataretorno := maiordata + 1;
    else
        dataretorno := maiordata;
    end if;
    return dataretorno;
END
$$ language 'plpgsql';

UPDATE PEDIDO SET DATA = gera_data_pedido();

select 'cliente'  as tabela, (select count(*) from cliente)  as linhas union
select 'vendedor' as tabela, (select count(*) from vendedor) as linhas union
select 'produto'  as tabela, (select count(*) from produto)  as linhas union
select 'pedido'   as tabela, (select count(*) from pedido)   as linhas union
select 'itemped'  as tabela, (select count(*) from itemped)  as linhas;

--EXERCÍCIO 2--

--(a) Um procedimento para gerar uma tabela VendasMes contendo o nome de
--cada vendedor, o mês e o valor total das vendas por mês.

CREATE TABLE vendasMes(
nomevend VARCHAR,
ano INTEGER,
mes INTEGER,
sum DOUBLE PRECISION 
);

CREATE OR REPLACE FUNCTION calcula_vendasMes()
RETURNS void AS $$
BEGIN

DELETE FROM vendasMes;
INSERT INTO vendasMes
SELECT vendedor.nomevend, EXTRACT('year' FROM pedido.data) AS ano, EXTRACT('month' FROM pedido.data) AS mes, sum(produto.valunit *itemped.quant)
FROM itemped, pedido, produto, vendedor
WHERE itemped.numped = pedido.numped
AND itemped.codprod = produto.codprod
AND vendedor.codvend = pedido.codvend
GROUP BY vendedor.nomevend, mes, ano
ORDER BY vendedor.nomevend, ano, mes;
END
$$ LANGUAGE 'plpgsql';

SELECT calcula_vendasMes();
SELECT * FROM vendasMes;

--(b) Um procedimento para atualizar a tabela VendasMes contendo o nome de
--cada vendedor, o mês e o valor total das vendas por mês. A função deve
--receber uma data como parâmetro para processar apenas os pedidos do mês
--presente na data. 
CREATE TABLE vendasMes(
nomevend VARCHAR,
ano INTEGER,
mes INTEGER,
sum DOUBLE PRECISION 
);

CREATE OR REPLACE FUNCTION atualiza_vendasMes(integer ano, integer mes)
RETURNS void AS $$
BEGIN

UPDATE vendasMes
SET nomevend = vendedor.codvend, ano = EXTRACT('year' FROM pedido.data), mes = EXTRACT('month' FROM pedido.data), sum = sum(produto.valunit *itemped.quant)
FROM itemped, pedido, produto, vendedor
WHERE itemped.numped = pedido.numped
AND itemped.codprod = produto.codprod
AND vendedor.codvend = pedido.codvend
WHERE ano = 0 AND mes = 0;

END
$$ LANGUAGE 'plpgsql';

--(c) Crie um atributo TOTALCOMPRAS em Cliente para receber o valor total
--dos pedidos do mesmo (por meio de um ALTER TABLE e não precisa ser
--dentro do corpo da função). Crie uma função que retorne o valor total dos
--pedidos de um cliente, na qual o código do cliente deve ser passado como
--parâmetro da função. Apresente o comando update que atualiza todos os
--clientes por meio do uso da função criada. 

ALTER TABLE Cliente
ADD totalcompras float;

UPDATE Cliente 

--(d) Crie uma função que faça a inserção dos dados em duas ou mais tabelas
--ao mesmo tempo. Insira alguns dados nessas tabelas através da função
--criada. Na resposta, mostrar o antes e o depois da chamada da função.




